time,symbol,pnl_pct,allocation,capital_after
2016-09-06,ABBV,0.61,1000.0,10006.1
2016-09-06,DE,0.8,1000.0,10014.1
2016-09-07,SLB,-0.11,1000.0,10013.0
2016-09-08,BX,-0.82,1000.0,10004.8
2016-09-14,AVGO,-1.17,1001.41,9993.08
2016-09-14,AMD,-3.35,1000.48,9959.57
2016-09-15,COST,-2.57,1000.0,9933.87
2016-09-15,MAR,-2.65,1000.0,9907.37
2016-09-15,MNST,-4.12,1001.3,9866.11
2016-09-15,ORCL,0.04,1000.48,9866.51
2016-09-19,DHR,-3.68,1001.41,9829.66
2016-09-19,ACN,-1.9,1000.48,9810.65
2016-09-28,BAC,1.62,981.07,9826.55
2016-09-28,PNC,1.57,981.07,9841.95
2016-09-30,KKR,1.48,981.07,9856.47
2016-09-30,BNY,1.8,984.19,9874.18
2016-10-04,AMGN,-1.57,984.19,9858.73
2016-10-05,ICE,-2.21,981.07,9837.05
2016-10-06,CME,-2.46,981.07,9812.92
2016-10-06,MNST,0.64,984.19,9819.22
2016-10-07,NEE,-0.77,987.42,9811.61
2016-10-10,SO,-4.72,984.19,9765.16
2016-10-10,DUK,-4.35,984.19,9722.35
2016-10-10,PM,-1.3,987.42,9709.51
2016-10-10,TMUS,1.13,981.92,9720.61
2016-10-11,T,0.29,981.16,9723.45
2016-10-12,PLD,-2.23,985.87,9701.47
2016-10-13,WMT,-1.93,981.92,9682.51
2016-10-14,MMM,0.08,972.35,9683.29
2016-10-14,INTC,0.56,970.15,9688.73
2016-10-14,SCHW,1.42,968.25,9702.47
2016-10-18,FTNT,-11.73,981.16,9587.38
2016-10-18,MDT,0.12,972.35,9588.55
2016-10-18,CSCO,-2.23,972.35,9566.87
2016-10-18,STX,0.38,972.35,9570.56
2016-10-18,LIN,0.86,972.35,9578.92
2016-10-18,ABBV,1.99,970.25,9598.23
2016-10-19,KKR,0.65,970.25,9604.54
2016-10-24,UPS,0.68,960.45,9611.07
2016-10-24,CMCSA,0.65,960.45,9617.31
2016-10-24,MMM,0.74,960.45,9624.42
2016-10-25,WDC,-2.51,970.25,9600.07
2016-10-25,PG,1.37,960.45,9613.23
2016-10-31,BLK,-0.85,962.44,9605.04
2016-10-31,MRSH,0.8,961.32,9612.74
2016-10-31,MDT,0.81,961.32,9620.52
2016-11-02,UNP,-2.45,960.45,9596.99
2016-11-03,SPGI,0.23,962.05,9599.2
2016-11-04,MCO,-4.83,960.45,9552.81
2016-11-04,CAT,-2.87,961.32,9525.22
2016-11-04,HCA,-4.86,961.32,9478.5
2016-11-04,COF,-1.57,962.05,9463.4
2016-11-07,SLB,-0.11,961.32,9462.34
2016-11-07,GOOG,-0.56,962.05,9456.95
2016-11-07,GOOGL,1.43,959.7,9470.68
2016-11-07,PG,1.44,946.34,9484.31
2016-11-07,JPM,2.83,946.34,9511.09
2016-11-07,BA,2.2,946.34,9531.91
2016-11-07,AMD,5.8,946.34,9586.79
2016-11-09,LMT,5.88,959.92,9643.24
2016-11-15,AMZN,3.06,964.32,9672.75
2016-11-16,NFLX,-0.5,964.32,9667.92
2016-11-16,V,2.08,964.32,9687.98
2016-11-16,ADBE,1.32,964.32,9700.71
2016-11-16,AVGO,2.17,964.32,9721.64
2016-11-30,WMB,4.69,972.16,9767.23
2016-11-30,SLB,4.87,972.16,9814.58
2016-12-01,PSX,2.84,972.16,9842.19
2016-12-05,VLO,4.51,981.46,9886.45
2016-12-05,AMZN,0.87,981.46,9894.99
2016-12-05,ADBE,2.15,984.22,9916.15
2016-12-06,NOW,2.97,984.22,9945.38
2016-12-07,MRVL,2.93,984.22,9974.22
2016-12-07,TXN,2.24,984.22,9996.26
2016-12-08,DHR,0.63,984.22,10002.46
2016-12-09,SPGI,-3.17,972.16,9971.65
2016-12-19,LMT,-3.03,1000.25,9941.34
2016-12-20,JCI,0.76,997.16,9948.92
2016-12-20,FCX,-3.38,997.16,9915.21
2016-12-20,BKNG,0.91,997.16,9924.29
2016-12-20,ICE,-0.04,997.16,9923.89
2016-12-20,UPS,1.18,997.16,9935.66
2016-12-23,MRSH,-0.33,997.16,9932.36
2016-12-27,MRK,0.31,993.57,9935.44
2017-01-03,BX,0.16,993.57,9937.03
2017-01-03,KKR,-0.87,993.54,9928.39
2017-01-03,DIS,1.41,993.54,9942.4
2017-01-03,JCI,1.06,993.54,9952.93
2017-01-04,CME,-1.93,993.57,9933.76
2017-01-04,SBUX,-2.26,993.57,9911.3
2017-01-04,INTU,-0.72,993.54,9904.15
2017-01-05,COST,1.69,995.29,9920.97
2017-01-06,UNP,0.35,995.29,9924.45
2017-01-06,MCD,0.65,995.29,9930.92
2017-01-09,LIN,0.46,992.1,9935.48
2017-01-10,ADI,1.14,992.1,9946.79
2017-01-11,ACN,-0.72,993.54,9939.64
2017-01-11,WM,-0.85,995.29,9931.18
2017-01-12,CVX,-0.88,993.09,9922.44
2017-01-12,T,0.21,993.55,9924.53
2017-01-13,BRK-B,-0.03,994.68,9924.23
2017-01-17,CB,-0.7,990.41,9917.3
2017-01-18,PSX,-0.17,993.55,9915.61
2017-01-18,STX,0.7,993.12,9922.56
2017-01-19,RTX,0.39,991.73,9926.43
2017-01-23,AMD,-8.2,992.45,9845.05
2017-01-23,BX,-0.33,992.26,9841.77
2017-01-23,UNH,0.54,992.26,9847.13
2017-01-24,C,-4.5,992.45,9802.47
2017-01-24,GS,0.68,992.64,9809.22
2017-01-24,MRVL,3.71,984.71,9845.75
2017-01-25,BNY,-0.14,992.64,9844.36
2017-01-26,GE,-3.15,992.64,9813.09
2017-01-27,SYK,1.25,984.71,9825.4
2017-01-27,MMM,0.56,984.58,9830.92
2017-02-02,PLD,-3.99,981.31,9791.76
2017-02-02,COP,2.25,983.09,9813.88
2017-02-02,CVX,0.05,983.09,9814.37
2017-02-03,MA,-0.06,983.09,9813.78
2017-02-03,CB,1.88,983.09,9832.27
2017-02-03,TT,1.01,983.09,9842.2
2017-02-03,PWR,2.71,981.44,9868.79
2017-02-07,ADP,0.79,983.09,9876.56
2017-02-08,UPS,-3.02,983.09,9846.87
2017-02-09,SCHW,2.23,981.44,9868.76
2017-02-09,CAT,0.43,986.88,9873.0
2017-02-10,SLB,-0.64,981.44,9866.72
2017-02-10,CME,-0.09,987.66,9865.83
2017-02-10,INTU,0.94,987.3,9875.11
2017-02-13,WDC,1.5,984.69,9889.88
2017-02-13,BX,0.63,987.3,9896.1
2017-02-14,INTC,1.03,987.3,9906.27
2017-02-14,TXN,0.34,987.51,9909.63
2017-02-17,MU,0.69,990.96,9916.46
2017-02-21,NVDA,2.18,989.61,9938.04
2017-02-24,EQIX,1.98,990.96,9957.66
2017-02-27,WDC,1.89,993.8,9976.44
2017-02-27,SLB,1.41,993.8,9990.45
2017-02-28,COP,-0.17,991.65,9988.77
2017-02-28,UNP,1.44,993.8,10003.08
2017-03-01,FCX,-6.47,991.65,9938.92
2017-03-01,TT,1.77,1000.31,9956.63
2017-03-01,MRVL,1.82,1000.31,9974.83
2017-03-07,NOW,-1.09,999.05,9963.94
2017-03-08,FTNT,2.35,997.48,9987.38
2017-03-09,INTC,0.4,997.48,9991.37
2017-03-10,NEE,0.72,999.14,9998.57
2017-03-13,DUK,0.38,998.74,10002.36
2017-03-13,BX,4.0,998.74,10042.31
2017-03-13,TSLA,0.22,999.14,10044.51
2017-03-15,COST,-2.48,997.48,10019.77
2017-03-15,HCA,1.93,1004.45,10039.16
2017-03-16,SBUX,-2.79,996.39,10011.36
2017-03-16,IBM,-0.27,999.14,10008.66
2017-03-16,GS,-0.36,999.86,10005.06
2017-03-16,MS,0.75,1003.92,10012.59
2017-03-21,CVX,-1.73,998.74,9995.31
2017-03-27,MRK,-1.8,1004.45,9977.23
2017-03-28,PNC,-5.01,1004.45,9926.91
2017-03-28,COF,-6.69,1003.92,9859.75
2017-03-28,USB,-3.12,1001.26,9828.51
2017-03-28,BAC,-4.23,1001.26,9786.15
2017-03-28,JPM,-1.89,1001.26,9767.23
2017-03-28,GD,1.29,997.72,9780.1
2017-03-31,BRK-B,-3.85,1001.26,9741.55
2017-03-31,CME,-1.53,999.53,9726.26
2017-04-03,SO,0.28,978.01,9729.0
2017-04-04,AMGN,-0.51,978.01,9724.01
2017-04-04,NEE,0.8,978.01,9731.83
2017-04-05,DHR,-0.12,978.01,9730.66
2017-04-05,PG,0.02,972.9,9730.86
2017-04-05,MRSH,0.25,972.9,9733.29
2017-04-06,MRVL,-1.35,972.63,9720.16
2017-04-06,ABBV,-0.22,972.9,9718.02
2017-04-06,CDNS,0.74,973.33,9725.22
2017-04-11,ABT,-2.14,978.01,9704.29
2017-04-11,TJX,0.07,973.18,9704.97
2017-04-11,ORCL,0.11,972.52,9706.04
2017-04-12,MAR,-0.53,973.33,9700.88
2017-04-17,NVDA,-1.84,973.18,9682.98
2017-04-17,IBM,-0.9,972.52,9674.22
2017-04-17,SYK,-0.12,972.52,9673.06
2017-04-17,PFE,-0.09,970.6,9672.18
2017-04-17,MU,-0.48,970.6,9667.52
2017-04-18,ADI,-3.59,973.33,9632.58
2017-04-18,PWR,0.02,970.09,9632.77
2017-04-20,AAPL,0.27,970.6,9635.4
2017-04-20,KKR,1.84,963.28,9653.12
2017-04-21,LLY,-0.89,966.75,9644.52
2017-04-25,HCA,-1.51,966.75,9629.92
2017-04-25,COP,1.9,964.45,9648.24
2017-04-26,DHR,-0.19,965.31,9646.41
2017-05-02,TJX,1.32,964.64,9659.14
2017-05-04,SO,0.35,965.91,9662.52
2017-05-05,ADI,0.07,965.91,9663.2
2017-05-05,UNH,0.62,965.91,9669.19
2017-05-08,COP,0.62,965.91,9675.18
2017-05-08,PG,0.08,965.91,9675.95
2017-05-09,DIS,0.1,965.91,9676.91
2017-05-10,CAT,0.68,966.25,9683.48
2017-05-10,MS,0.33,967.69,9686.68
2017-05-12,ADP,-0.65,965.91,9680.4
2017-05-15,PFE,-0.39,965.91,9676.63
2017-05-15,BRK-B,-0.09,967.69,9675.76
2017-05-15,BX,0.1,967.69,9676.73
2017-05-15,MCO,0.17,968.67,9678.38
2017-05-16,INTC,-0.83,968.67,9670.34
2017-05-19,PWR,-9.2,966.92,9581.38
2017-05-19,PH,0.04,968.04,9581.77
2017-05-19,MNST,1.58,967.03,9597.05
2017-05-22,ABT,-0.6,968.67,9591.23
2017-05-22,DIS,-0.62,967.03,9585.24
2017-05-22,CSX,3.72,967.03,9621.21
2017-05-23,VLO,-0.95,967.03,9612.03
2017-05-23,LLY,-0.49,967.03,9607.29
2017-06-01,LOW,0.43,960.73,9611.42
2017-06-02,VLO,-0.86,960.73,9603.16
2017-06-02,AVGO,8.2,961.14,9681.97
2017-06-05,FTNT,0.26,960.73,9684.47
2017-06-06,JPM,0.69,960.73,9691.1
2017-06-07,BAC,0.55,960.73,9696.38
2017-06-07,DELL,1.53,968.45,9711.2
2017-06-08,CAT,1.15,971.12,9722.37
2017-06-09,DIS,-0.19,969.11,9720.52
2017-06-09,MRK,0.22,971.12,9722.66
2017-06-09,PH,2.56,971.12,9747.52
2017-06-12,ETN,0.79,971.12,9755.19
2017-06-13,TT,1.45,971.12,9769.27
2017-06-13,KO,0.3,972.24,9772.19
2017-06-13,PEP,0.07,972.24,9772.87
2017-06-13,GLW,1.25,974.75,9785.06
2017-06-13,MCO,1.5,974.75,9799.68
2017-06-15,PM,0.82,975.52,9807.68
2017-06-19,SBUX,-2.45,972.24,9783.86
2017-06-19,BKNG,0.21,974.75,9785.9
2017-06-19,KLAC,3.77,980.77,9822.88
2017-06-19,NOW,2.01,980.77,9842.59
2017-06-19,AVGO,1.03,980.77,9852.69
2017-06-19,AMD,3.98,980.77,9891.73
2017-06-20,LRCX,0.8,980.77,9899.57
2017-06-23,APH,0.17,989.96,9901.26
2017-06-26,WFC,0.56,990.13,9906.8
2017-06-26,DUK,0.56,990.13,9912.35
2017-06-27,USB,-0.07,989.96,9911.65
2017-06-28,COST,-4.45,980.77,9868.01
2017-06-28,MRSH,-0.26,989.96,9865.44
2017-06-28,CB,0.25,989.96,9867.91
2017-06-28,LOW,0.95,990.13,9877.32
2017-06-28,HD,0.97,990.13,9886.92
2017-06-28,TMO,1.17,991.23,9898.52
2017-06-28,LMT,0.49,991.17,9903.38
2017-07-03,WELL,1.39,990.34,9917.14
2017-07-05,JNJ,0.45,990.34,9921.6
2017-07-05,PG,0.48,990.34,9926.35
2017-07-05,AMD,4.38,990.34,9969.73
2017-07-07,DUK,-0.5,990.34,9964.78
2017-07-07,SBUX,-0.13,996.97,9963.48
2017-07-11,TSLA,-0.26,996.97,9960.89
2017-07-11,HCA,1.55,996.97,9976.34
2017-07-12,MRVL,-2.45,991.17,9952.06
2017-07-12,DHR,0.38,996.97,9955.85
2017-07-12,KO,0.11,997.63,9956.94
2017-07-13,MRK,-2.55,990.34,9931.69
2017-07-13,WMT,2.19,996.35,9953.51
2017-07-17,MS,0.52,995.69,9958.69
2017-07-20,CME,-0.31,995.35,9955.6
2017-07-21,ELV,0.33,995.87,9958.89
2017-07-24,HCA,0.71,995.87,9965.96
2017-07-25,CSX,-0.9,995.87,9957.0
2017-07-25,SCHW,1.55,995.87,9972.43
2017-07-25,C,2.78,995.89,10000.12
2017-07-26,NOW,1.34,996.6,10013.47
2017-07-26,HD,1.16,996.6,10025.03
2017-07-27,MO,1.52,996.6,10040.18
2017-07-31,MMM,0.59,1000.01,10046.08
2017-08-01,GD,0.66,1002.5,10052.7
2017-08-03,UNP,-3.68,995.56,10016.06
2017-08-04,ETN,-5.15,995.89,9964.77
2017-08-04,TT,-2.83,1000.01,9936.47
2017-08-04,ANET,16.11,1005.27,10098.42
2017-08-07,MU,-4.68,1000.01,10051.62
2017-08-07,AMZN,0.15,1004.61,10053.13
2017-08-09,HCA,-4.84,1002.5,10004.61
2017-08-09,GILD,0.71,1009.84,10011.78
2017-08-09,ICE,1.81,1005.31,10029.97
2017-08-09,SPGI,1.38,1005.31,10043.85
2017-08-10,PANW,-5.71,1004.02,9986.52
2017-08-14,MRSH,0.13,1005.31,9987.82
2017-08-14,MRK,0.26,1005.31,9990.44
2017-08-14,MA,2.38,998.65,10014.21
2017-08-14,AMD,4.98,998.65,10063.94
2017-08-15,PH,-2.06,1004.38,10043.25
2017-08-17,WMB,-6.67,1001.61,9976.44
2017-08-22,MCK,-0.84,1006.39,9967.99
2017-08-22,PSX,1.36,997.64,9981.55
2017-08-22,PFE,1.17,997.64,9993.23
2017-08-22,BLK,0.86,997.64,10001.81
2017-08-23,BKNG,-5.22,1004.38,9949.38
2017-08-23,SCHW,-5.68,1004.38,9892.33
2017-08-23,TSLA,4.11,997.64,9933.33
2017-08-25,KO,0.05,993.33,9933.83
2017-08-29,MDT,-2.8,1000.18,9905.82
2017-08-30,PEP,-0.21,993.38,9903.74
2017-08-31,DE,-1.48,997.64,9888.97
2017-09-01,PNC,0.38,990.37,9892.74
2017-09-07,CB,-6.79,993.33,9825.29
2017-09-07,MA,2.62,989.27,9851.21
2017-09-08,PGR,-0.85,989.27,9842.8
2017-09-11,BNY,0.34,989.27,9846.16
2017-09-11,NEE,1.82,989.27,9864.17
2017-09-11,GD,1.52,989.27,9879.2
2017-09-11,AXP,1.22,985.12,9891.22
2017-09-11,BRK-B,1.93,985.12,9910.24
2017-09-11,AAPL,1.51,984.28,9925.1
2017-09-11,KKR,2.45,984.28,9949.21
2017-09-12,MRVL,1.73,984.28,9966.24
2017-09-14,CDNS,1.22,996.62,9978.4
2017-09-20,REGN,-1.86,994.92,9959.89
2017-09-22,ORCL,-1.49,997.84,9945.03
2017-09-26,ELV,-0.69,997.84,9938.14
2017-09-26,PM,-0.43,995.99,9933.86
2017-09-27,SYK,-0.09,995.99,9932.96
2017-09-27,ISRG,0.43,993.39,9937.23
2017-09-28,VRTX,-2.75,997.84,9909.79
2017-09-28,APH,0.51,993.39,9914.86
2017-09-28,ABBV,4.67,993.72,9961.27
2017-09-29,TT,0.97,993.72,9970.91
2017-09-29,DHR,0.57,996.13,9976.58
2017-10-02,DUK,-1.29,995.99,9963.73
2017-10-02,MRK,-1.19,994.5,9951.9
2017-10-02,ETN,1.61,996.13,9967.94
2017-10-03,WMT,1.08,997.66,9978.71
2017-10-04,INTU,0.07,997.66,9979.41
2017-10-04,PM,0.82,997.87,9987.59
2017-10-05,WELL,-5.4,995.99,9933.81
2017-10-05,PEP,-2.38,995.99,9910.11
2017-10-05,ACN,0.55,997.66,9915.59
2017-10-10,UPS,0.53,991.56,9920.85
2017-10-12,UNP,-0.37,998.76,9917.15
2017-10-16,COF,2.37,991.72,9940.66
2017-10-16,MS,1.03,991.72,9950.87
2017-10-16,KKR,1.16,991.72,9962.37
2017-10-16,GS,1.33,991.72,9975.56
2017-10-17,AMGN,1.58,991.72,9991.23
2017-10-17,ELV,1.57,991.72,10006.8
2017-10-18,C,0.74,991.72,10014.14
2017-10-19,GILD,1.75,997.56,10031.6
2017-10-19,ANET,0.41,997.56,10035.69
2017-10-19,DHR,4.31,997.56,10078.68
2017-10-19,UNP,1.18,1001.41,10090.5
2017-10-20,SCHW,2.67,1000.68,10117.22
2017-10-23,HD,0.02,997.56,10117.42
2017-10-23,AMD,1.8,1011.72,10135.63
2017-10-24,APH,0.34,1009.05,10139.06
2017-10-26,PG,-1.15,1011.72,10127.43
2017-10-27,REGN,-7.92,991.72,10048.88
2017-10-27,WMB,-3.61,1009.05,10012.46
2017-10-27,AMZN,13.63,1013.56,10150.6
2017-10-27,VRTX,-0.93,1013.56,10141.18
2017-10-31,ICE,-3.34,1000.68,10107.75
2017-10-31,NEM,-2.91,1013.91,10078.25
2017-10-31,TSLA,1.45,1013.91,10092.95
2017-10-31,BMY,2.57,1014.12,10119.01
2017-11-01,CVX,1.78,1014.12,10137.07
2017-11-01,FCX,2.86,1014.12,10166.07
2017-11-02,LLY,-1.17,1014.12,10154.2
2017-11-02,BRK-B,0.59,1011.9,10160.17
2017-11-02,CSX,2.06,1011.9,10181.02
2017-11-03,GD,-0.23,1012.74,10178.69
2017-11-03,JNJ,0.18,1011.9,10180.51
2017-11-03,PANW,1.89,1018.1,10199.75
2017-11-03,KKR,1.17,1018.1,10211.67
2017-11-07,NEE,3.46,1018.1,10246.89
2017-11-07,DELL,1.69,1021.17,10264.15
2017-11-08,PWR,-0.9,1018.1,10254.99
2017-11-10,UPS,-1.5,1021.17,10239.67
2017-11-14,ADP,-0.44,1021.17,10235.18
2017-11-15,TT,-5.06,1016.61,10183.74
2017-11-15,JPM,-0.87,1026.41,10174.81
2017-11-15,PNC,-0.59,1025.5,10168.76
2017-11-15,BAC,-0.3,1025.5,10165.68
2017-11-16,VZ,-5.97,1018.1,10104.9
2017-11-16,BX,-2.04,1023.97,10084.01
2017-11-16,LIN,1.66,1016.57,10100.88
2017-11-21,BRK-B,-1.07,1025.5,10089.91
2017-11-21,ETN,0.27,1016.57,10092.66
2017-11-21,XOM,-0.72,1016.57,10085.34
2017-11-21,AAPL,2.1,1016.57,10106.69
2017-11-21,CVX,0.22,1010.09,10108.91
2017-11-22,COP,-2.27,1023.52,10085.67
2017-11-22,VRTX,1.36,1010.09,10099.41
2017-11-24,JNJ,-0.29,1010.09,10096.48
2017-11-28,GS,1.53,1009.65,10111.93
2017-12-06,MU,-5.24,1011.19,10058.94
2017-12-06,CRM,-0.89,1011.19,10049.94
2017-12-06,ADI,-0.07,1011.19,10049.24
2017-12-07,NOW,0.04,1011.19,10049.64
2017-12-07,NVDA,-2.56,1011.19,10023.75
2017-12-07,LRCX,0.7,1011.19,10030.83
2017-12-07,AMAT,0.45,1011.19,10035.38
2017-12-07,PANW,0.73,1004.92,10042.72
2017-12-08,BMY,2.08,1004.92,10063.62
2017-12-08,SYK,0.22,1004.27,10065.83
2017-12-11,AAPL,1.58,1011.19,10081.81
2017-12-11,INTC,1.05,1004.27,10092.35
2017-12-15,ISRG,2.28,1009.24,10115.36
2017-12-18,BX,0.94,1011.54,10124.87
2017-12-20,CSX,4.39,1011.54,10169.28
2017-12-22,PLD,0.94,1016.93,10178.84
2017-12-27,CB,-0.27,1009.24,10176.11
2017-12-27,MMM,0.3,1016.93,10179.16
2017-12-27,MCD,0.43,1017.88,10183.54
2017-12-28,MCO,-1.42,1009.24,10169.21
2017-12-28,ORCL,-0.7,1012.49,10162.12
2017-12-28,SBUX,-0.16,1016.93,10160.49
2017-12-29,DUK,-1.36,1012.49,10146.72
2018-01-02,DIS,3.56,1018.35,10182.98
2018-01-02,GOOG,1.19,1018.35,10195.1
2018-01-02,GOOGL,0.93,1018.35,10204.57
2018-01-02,AMGN,1.48,1014.67,10219.58
2018-01-02,GLW,1.67,1014.67,10236.53
2018-01-02,MCK,1.66,1014.67,10253.37
2018-01-03,ADP,0.79,1025.34,10261.47
2018-01-04,SO,-6.54,1012.49,10195.25
2018-01-05,PG,0.35,1025.34,10198.84
2018-01-08,T,1.29,1026.15,10212.08
2018-01-08,NEE,0.98,1019.53,10222.07
2018-01-08,PLD,0.79,1019.53,10230.13
2018-01-10,MO,-0.17,1019.53,10228.39
2018-01-11,PWR,2.14,1022.84,10250.28
2018-01-17,INTC,4.15,1022.84,10292.73
2018-01-17,PG,1.47,1025.03,10307.8
2018-01-19,META,0.77,1025.03,10315.69
2018-01-25,LLY,0.54,1031.57,10321.26
2018-01-26,MRVL,0.13,1031.57,10322.6
2018-01-26,CSX,2.85,1032.13,10352.02
2018-01-26,GLW,1.39,1032.13,10366.36
2018-01-31,AVGO,-0.0,1032.13,10366.36
2018-02-01,SCHW,1.05,1032.13,10377.2
2018-02-06,UNP,-2.13,1032.13,10355.22
2018-02-07,AAPL,-8.73,1031.57,10265.16
2018-02-07,BKNG,-1.84,1036.64,10246.09
2018-02-08,ADI,-10.41,1032.13,10138.64
2018-02-09,DELL,-18.96,1036.64,9942.1
2018-02-09,SBUX,-5.67,1036.64,9883.32
2018-02-12,PH,-6.42,1037.72,9816.7
2018-02-12,NEE,-0.01,1035.52,9816.59
2018-02-12,DHR,3.23,1013.86,9849.34
2018-02-12,TMO,2.61,1013.86,9875.8
2018-02-13,SLB,-11.24,1036.64,9759.29
2018-02-14,COP,0.02,1024.61,9759.49
2018-02-23,PSX,0.62,975.95,9765.54
2018-02-26,QCOM,7.42,975.95,9837.96
2018-03-02,MPC,1.46,983.8,9852.32
2018-03-02,INTU,2.44,983.8,9876.33
2018-03-05,WMT,0.71,983.8,9883.31
2018-03-05,LIN,2.96,983.8,9912.43
2018-03-05,HD,1.54,987.63,9927.64
2018-03-06,NVDA,3.98,983.8,9966.8
2018-03-06,BX,0.48,987.63,9971.54
2018-03-07,LMT,0.44,983.8,9975.86
2018-03-08,C,0.31,983.8,9978.91
2018-03-09,LOW,-2.88,983.8,9950.58
2018-03-09,QCOM,1.13,997.15,9961.85
2018-03-16,VZ,0.26,996.18,9964.44
2018-03-19,LMT,0.35,996.18,9967.93
2018-03-20,TJX,-0.35,996.18,9964.44
2018-03-20,AMZN,2.39,996.79,9988.26
2018-03-26,RTX,-0.74,996.79,9980.89
2018-03-28,T,-3.09,996.79,9950.08
2018-03-29,GOOG,-6.49,996.79,9885.39
2018-03-29,ISRG,-3.59,996.79,9849.61
2018-03-29,LIN,-3.83,996.79,9811.43
2018-03-29,GOOGL,-5.65,998.83,9755.0
2018-03-29,CRM,-4.74,998.83,9707.65
2018-04-03,ABBV,-19.44,996.79,9513.88
2018-04-16,NEE,1.62,951.39,9529.29
2018-04-25,TXN,4.71,952.93,9574.17
2018-04-26,SBUX,2.08,952.93,9593.99
2018-04-26,MRVL,2.3,952.93,9615.91
2018-04-26,WDC,0.75,952.93,9623.06
2018-04-26,NOW,2.5,952.93,9646.88
2018-04-26,MA,3.0,957.42,9675.6
2018-04-30,AAPL,-0.58,952.93,9670.08
2018-05-01,SPGI,0.21,952.93,9672.08
2018-05-03,CME,-1.82,967.56,9654.47
2018-05-03,NEM,1.02,967.01,9664.33
2018-05-04,MRSH,-0.73,967.01,9657.27
2018-05-04,JPM,-0.62,967.01,9651.28
2018-05-04,BRK-B,0.69,967.01,9657.95
2018-05-04,AXP,0.95,966.43,9667.13
2018-05-07,GS,-4.14,952.93,9627.68
2018-05-07,BAC,1.21,966.43,9639.37
2018-05-08,PFE,-1.49,967.21,9624.96
2018-05-09,ICE,-0.95,967.21,9615.77
2018-05-09,TJX,2.14,963.94,9636.4
2018-05-11,NEE,1.25,963.64,9648.45
2018-05-18,NOW,1.33,964.84,9661.28
2018-05-21,PLD,-0.92,964.84,9652.4
2018-05-21,WM,0.58,964.84,9658.0
2018-05-21,ANET,2.44,964.84,9681.54
2018-05-21,NEE,2.13,964.84,9702.09
2018-05-21,GOOGL,1.04,966.13,9712.14
2018-05-22,BAC,1.78,966.13,9729.34
2018-05-23,CSCO,0.21,964.84,9731.36
2018-05-30,ABBV,-0.43,973.14,9727.18
2018-05-30,COP,3.64,973.14,9762.6
2018-05-30,CVX,2.13,973.14,9783.33
2018-05-30,PSX,2.8,973.14,9810.58
2018-06-01,SLB,0.22,973.14,9812.72
2018-06-01,SCHW,-1.29,973.14,9800.16
2018-06-01,BLK,2.52,973.14,9824.69
2018-06-05,ETN,2.96,973.14,9853.49
2018-06-05,DE,3.0,981.06,9882.92
2018-06-12,NEE,0.52,988.29,9888.06
2018-06-12,PANW,4.19,988.29,9929.47
2018-06-15,SYK,3.29,992.95,9962.14
2018-06-18,MPC,-1.19,992.95,9950.32
2018-06-19,MU,1.45,996.21,9964.77
2018-06-19,VLO,0.95,996.21,9974.23
2018-06-20,PLD,-0.49,992.95,9969.37
2018-06-20,BLK,-1.35,992.95,9955.96
2018-06-22,FCX,-2.96,996.21,9926.47
2018-06-22,MCD,0.92,995.6,9935.63
2018-06-28,JPM,-3.17,992.95,9904.16
2018-06-28,BAC,-2.38,996.21,9880.45
2018-06-28,TMO,-3.69,995.03,9843.73
2018-06-28,AAPL,-0.4,997.42,9839.74
2018-06-28,ABT,-1.7,995.6,9822.82
2018-06-28,ACN,2.75,993.56,9850.14
2018-06-29,ADBE,-0.23,993.56,9847.85
2018-06-29,AMGN,0.38,985.01,9851.6
2018-07-02,UNH,0.75,985.01,9858.98
2018-07-03,ETN,-3.83,997.42,9820.78
2018-07-03,HCA,0.46,985.01,9825.31
2018-07-05,LOW,-0.35,985.16,9821.87
2018-07-05,ELV,0.55,985.16,9827.28
2018-07-18,UNP,1.4,982.73,9841.04
2018-07-19,WELL,0.71,982.73,9848.02
2018-07-24,VZ,1.46,984.8,9862.4
2018-07-24,AMGN,0.18,984.8,9864.17
2018-07-24,XOM,1.68,984.8,9880.72
2018-07-24,PSX,0.48,984.8,9885.44
2018-07-25,PLD,0.24,982.73,9887.8
2018-07-25,EQIX,-0.74,984.1,9880.52
2018-07-25,NFLX,-0.67,984.8,9873.92
2018-07-25,STX,-0.37,984.8,9870.28
2018-07-25,PANW,2.56,988.54,9895.58
2018-07-26,NOW,4.3,989.56,9938.13
2018-07-26,ADI,0.89,989.56,9946.94
2018-07-27,MU,1.19,988.54,9958.71
2018-07-30,LOW,1.01,995.87,9968.76
2018-07-31,VRTX,-0.2,988.54,9966.79
2018-08-02,NFLX,2.55,996.88,9992.21
2018-08-02,CRM,1.95,996.88,10011.65
2018-08-02,ADBE,3.79,996.88,10049.43
2018-08-03,MCO,-2.52,995.87,10024.33
2018-08-03,BX,-0.16,996.88,10022.74
2018-08-03,CME,-0.04,996.88,10022.34
2018-08-07,HD,-1.48,994.69,10007.62
2018-08-07,ICE,-0.56,996.68,10002.04
2018-08-07,XOM,1.4,1004.94,10016.1
2018-08-14,SO,0.98,1001.61,10025.92
2018-08-15,JCI,2.16,1001.61,10047.55
2018-08-16,KKR,-5.07,1002.23,9996.74
2018-08-16,DHR,-0.15,1001.61,9995.24
2018-08-16,PLD,1.37,1001.61,10008.96
2018-08-16,EQIX,1.15,1001.61,10020.48
2018-08-16,PANW,2.47,1004.76,10045.3
2018-08-17,LIN,0.51,1001.61,10050.41
2018-08-17,WMB,0.23,1002.59,10052.71
2018-08-21,KLAC,-0.48,1001.61,10047.9
2018-08-21,NOW,-0.26,1004.53,10045.29
2018-08-22,MSFT,0.72,1004.53,10052.52
2018-08-28,MNST,0.28,1005.25,10055.34
2018-09-05,SO,-1.63,1005.25,10038.95
2018-09-05,KO,0.66,1005.53,10045.59
2018-09-05,PG,0.11,1005.53,10046.7
2018-09-06,VZ,1.77,1005.53,10064.49
2018-09-07,DIS,0.7,1004.67,10071.53
2018-09-07,PANW,2.99,1006.45,10101.62
2018-09-10,STX,-5.66,1005.53,10044.71
2018-09-10,KKR,3.24,1004.67,10077.26
2018-09-10,TMUS,1.52,1010.16,10092.61
2018-09-11,NFLX,4.02,1004.67,10133.0
2018-09-11,AAPL,2.23,1009.26,10155.51
2018-09-12,ANET,-1.93,1004.67,10136.12
2018-09-12,BX,-2.11,1004.67,10114.92
2018-09-13,REGN,1.97,1011.49,10134.84
2018-09-18,WMB,-2.98,1005.53,10104.88
2018-09-18,TXN,-3.57,1010.16,10068.82
2018-09-18,TJX,0.73,1013.48,10076.21
2018-09-19,BAC,1.57,1011.49,10092.1
2018-09-20,CDNS,-0.56,1011.49,10086.43
2018-09-20,COST,0.53,1013.48,10091.8
2018-09-20,AMZN,1.6,1013.48,10108.02
2018-09-21,MPC,3.21,1009.21,10140.41
2018-09-21,NOW,1.68,1009.21,10157.37
2018-09-21,VZ,1.42,1009.21,10171.7
2018-09-24,VLO,4.49,1009.21,10217.01
2018-09-28,NEE,-1.23,1009.21,10204.6
2018-09-28,WELL,0.26,1021.7,10207.26
2018-09-28,EQIX,0.66,1021.7,10214.0
2018-09-28,DUK,2.17,1021.7,10236.17
2018-09-28,APH,0.15,1021.7,10237.7
2018-10-01,CME,2.07,1023.77,10258.89
2018-10-01,LIN,4.76,1023.77,10307.63
2018-10-02,MRSH,0.65,1023.77,10314.28
2018-10-02,JPM,0.7,1023.77,10321.45
2018-10-03,PH,-1.04,1021.7,10310.82
2018-10-04,ICE,0.67,1021.7,10317.67
2018-10-05,WM,0.74,1031.77,10325.3
2018-10-09,SPGI,-9.49,1021.7,10228.34
2018-10-12,PANW,-6.02,1030.76,10166.29
2018-10-12,ISRG,-4.34,1031.77,10121.51
2018-10-12,V,-4.87,1031.77,10071.26
2018-10-12,TMUS,-0.61,1032.53,10064.97
2018-10-12,DELL,-0.38,1022.83,10061.08
2018-10-16,LOW,-6.17,1032.14,9997.4
2018-10-16,ORCL,-2.41,1031.77,9972.53
2018-10-16,AMZN,-4.99,1031.77,9921.05
2018-10-16,PGR,5.78,1006.11,9979.2
2018-10-18,MO,1.15,1006.11,9990.77
2018-10-25,LOW,-0.26,999.08,9988.17
2018-10-25,TT,2.41,999.08,10012.25
2018-10-25,BA,3.62,999.08,10048.42
2018-10-29,HCA,-1.55,999.08,10032.93
2018-10-29,WM,-1.23,999.08,10020.64
2018-10-29,MRK,1.83,1004.84,10039.03
2018-10-30,BX,-4.47,999.08,9994.37
2018-10-30,UNP,1.34,999.08,10007.76
2018-10-30,COP,0.13,999.08,10009.06
2018-10-31,AMD,-5.8,1004.84,9950.78
2018-11-16,LIN,0.43,995.08,9955.06
2018-11-19,PM,1.12,995.08,9966.2
2018-11-26,WMT,-4.71,995.08,9919.33
2018-11-26,CVS,2.77,996.62,9946.94
2018-11-26,FTNT,5.37,996.62,10000.46
2018-11-27,MO,-12.41,995.08,9876.97
2018-11-27,BA,-9.31,995.08,9784.33
2018-11-27,COST,-3.31,995.08,9751.39
2018-11-28,PGR,-1.15,995.08,9739.95
2018-11-28,TJX,-9.4,995.08,9646.41
2018-12-12,CVS,-3.0,964.64,9617.47
2018-12-13,DHR,0.32,964.64,9620.56
2018-12-13,HCA,1.34,964.64,9633.48
2018-12-13,ELV,1.07,964.64,9643.8
2018-12-21,ADP,-9.81,964.64,9549.17
2018-12-26,CMCSA,-7.63,964.64,9475.57
2018-12-26,TT,-8.12,964.64,9397.24
2018-12-26,MRSH,-7.52,964.64,9324.7
2018-12-26,ICE,-5.29,964.38,9273.69
2018-12-26,WMT,-1.87,964.38,9255.65
2018-12-26,JNJ,-5.03,964.38,9207.14
2018-12-26,ABT,3.19,954.92,9237.6
2018-12-27,VZ,-1.73,964.38,9220.92
2019-01-30,MRK,-0.03,922.09,9220.64
2019-01-30,PFE,1.24,922.09,9232.08
2019-01-31,VZ,3.04,922.09,9260.11
2019-02-01,CME,0.94,922.09,9268.78
2019-02-05,AMGN,-2.2,922.09,9248.49
2019-02-05,WMT,0.54,923.21,9253.48
2019-02-12,REGN,2.11,925.35,9273.0
2019-02-12,VRTX,1.83,925.35,9289.94
2019-02-13,UNH,2.29,925.35,9311.13
2019-02-14,MCD,-1.93,926.01,9293.25
2019-03-04,WELL,-0.14,929.33,9291.95
2019-03-04,LRCX,0.65,929.33,9297.99
2019-03-05,MAR,0.73,929.8,9304.78
2019-03-06,NFLX,2.14,929.8,9324.68
2019-03-11,UNP,-1.01,930.48,9315.28
2019-03-11,MMM,1.3,930.48,9327.38
2019-03-11,MRSH,-0.95,930.48,9318.54
2019-03-11,USB,0.4,932.47,9322.27
2019-03-11,TMUS,0.67,932.47,9328.52
2019-03-11,LRCX,1.37,932.47,9341.29
2019-03-12,HCA,-5.11,930.48,9293.74
2019-03-12,PFE,-0.61,932.47,9288.05
2019-03-20,BA,-6.26,934.13,9229.58
2019-03-26,REGN,3.23,922.96,9259.39
2019-03-29,CRM,1.8,925.94,9276.06
2019-03-29,HCA,1.02,925.94,9285.5
2019-04-01,ELV,-0.29,925.94,9282.82
2019-04-01,GLW,2.8,925.94,9308.74
2019-04-01,GOOG,1.92,925.94,9326.52
2019-04-01,GOOGL,1.98,925.94,9344.85
2019-04-09,LLY,1.0,934.49,9354.2
2019-04-10,WM,0.61,934.49,9359.9
2019-04-11,MRSH,0.71,935.42,9366.54
2019-04-12,JNJ,0.0,934.49,9366.54
2019-04-12,UNP,1.75,935.42,9382.91
2019-04-18,MRK,-10.88,934.49,9281.24
2019-04-22,CVX,1.49,938.29,9295.22
2019-04-23,ELV,-9.58,936.65,9205.49
2019-04-23,LLY,-4.83,938.29,9160.17
2019-04-23,SYK,-3.26,938.29,9129.58
2019-04-23,DHR,-0.61,938.29,9123.86
2019-04-23,VRTX,-2.73,938.29,9098.24
2019-04-23,CDNS,4.95,928.12,9144.18
2019-04-25,PFE,-5.33,938.29,9094.17
2019-04-26,PM,0.26,929.52,9096.59
2019-04-26,PG,2.32,914.42,9117.8
2019-04-29,VZ,1.47,909.42,9131.17
2019-04-29,CAT,1.82,909.42,9147.72
2019-04-30,STX,2.53,914.42,9170.86
2019-04-30,T,0.25,914.42,9173.14
2019-04-30,AVGO,2.27,911.78,9193.84
2019-05-01,APH,0.71,914.77,9200.34
2019-05-02,AMD,5.22,920.03,9248.36
2019-05-02,MU,1.28,920.03,9260.14
2019-05-03,INTC,-1.6,911.78,9245.55
2019-05-03,INTU,0.16,914.77,9247.01
2019-05-03,ETN,1.67,920.03,9262.38
2019-05-09,PH,-5.45,909.42,9212.81
2019-05-10,WMB,0.03,926.01,9213.09
2019-05-10,FTNT,-3.86,926.24,9177.34
2019-05-10,KO,1.37,921.28,9189.96
2019-05-14,ACN,-1.8,926.24,9173.29
2019-05-15,CSCO,-4.85,926.01,9128.38
2019-05-15,MRVL,-5.74,926.24,9075.21
2019-05-16,ANET,-9.2,926.24,8990.0
2019-05-17,PWR,-9.82,926.24,8899.04
2019-05-17,PANW,-4.27,919.0,8859.8
2019-05-21,BAC,-3.31,919.0,8829.38
2019-05-21,MS,-4.51,919.0,8787.93
2019-05-29,VRT,-0.1,878.79,8787.06
2019-05-30,QCOM,-13.39,885.98,8668.42
2019-05-30,AVGO,-6.16,885.98,8613.85
2019-05-30,CSX,-0.47,878.79,8609.72
2019-05-30,WM,0.79,878.71,8616.66
2019-06-04,LRCX,0.54,878.79,8621.4
2019-06-04,PG,-0.09,878.79,8620.61
2019-06-04,UNP,0.58,878.79,8625.71
2019-06-04,ORCL,0.22,878.79,8627.64
2019-06-04,T,2.64,861.67,8650.39
2019-06-05,VZ,0.05,861.67,8650.82
2019-06-06,AMZN,-1.47,861.67,8638.15
2019-06-11,DELL,-9.05,861.67,8560.17
2019-06-17,NFLX,2.91,856.02,8585.08
2019-06-18,MNST,2.21,856.02,8604.0
2019-06-18,CSX,1.06,858.51,8613.1
2019-06-18,LRCX,4.3,858.51,8650.02
2019-06-19,AMD,4.15,858.51,8685.65
2019-06-19,PEP,0.3,865.0,8688.24
2019-06-20,UNP,1.33,858.51,8699.66
2019-06-20,USB,0.96,858.51,8707.9
2019-06-27,MRVL,1.75,870.79,8723.14
2019-06-27,PGR,1.1,870.79,8732.72
2019-06-28,TMUS,1.21,870.79,8743.26
2019-06-28,ADP,1.24,870.79,8754.05
2019-06-28,PLD,2.21,870.79,8773.3
2019-06-28,EQIX,2.56,870.79,8795.59
2019-07-01,ELV,1.09,870.79,8805.08
2019-07-01,MDT,0.61,870.79,8810.39
2019-07-01,CMCSA,1.39,873.27,8822.53
2019-07-02,PEP,0.26,873.27,8824.8
2019-07-10,STX,2.31,882.48,8845.19
2019-07-12,GE,1.37,882.48,8857.28
2019-07-12,CAT,2.73,882.48,8881.37
2019-07-12,ETN,2.45,884.52,8903.04
2019-07-12,PWR,1.32,884.52,8914.72
2019-07-12,DE,2.54,884.52,8937.18
2019-07-12,GLW,1.11,884.52,8947.0
2019-07-15,QCOM,1.14,884.52,8957.08
2019-07-17,MRK,2.45,894.7,8979.0
2019-07-18,TMO,0.66,894.7,8984.91
2019-07-19,BX,-0.37,895.71,8981.6
2019-07-23,LMT,-0.49,897.9,8977.2
2019-07-23,DIS,0.71,898.16,8983.57
2019-07-24,BRK-B,-2.74,884.52,8959.34
2019-07-24,NFLX,-13.57,895.71,8837.79
2019-07-24,ORCL,-0.09,897.9,8836.98
2019-07-24,PGR,0.72,897.9,8843.45
2019-07-24,HWM,1.73,898.49,8858.99
2019-07-24,CB,3.0,898.36,8885.94
2019-07-26,ELV,3.53,888.59,8917.31
2019-07-26,PG,1.59,888.59,8931.44
2019-07-29,DUK,0.4,888.59,8934.99
2019-07-30,TT,3.11,888.59,8962.63
2019-07-30,EQIX,1.4,888.59,8975.07
2019-07-31,WMB,-11.41,897.9,8872.62
2019-08-01,CME,0.18,893.5,8874.22
2019-08-01,ICE,1.21,897.51,8885.08
2019-08-02,FTNT,3.42,893.5,8915.64
2019-08-05,NEM,0.08,893.14,8916.36
2019-08-08,AMZN,-4.46,893.5,8876.51
2019-08-08,ADI,-4.67,887.26,8835.07
2019-08-08,ORCL,-3.23,887.26,8806.41
2019-08-08,AVGO,-6.86,887.26,8745.55
2019-08-08,PWR,-5.51,888.51,8696.59
2019-08-08,CVX,1.76,888.51,8712.23
2019-08-09,MAR,-2.89,891.56,8686.46
2019-08-09,BAC,0.59,891.64,8691.72
2019-08-21,VRT,0.98,869.17,8700.24
2019-08-27,ADI,2.46,870.02,8721.64
2019-08-27,META,1.7,870.02,8736.43
2019-08-29,MRVL,1.47,870.02,8749.22
2019-08-29,WDC,4.3,873.64,8786.79
2019-09-04,PM,-10.4,870.02,8696.31
2019-09-13,MRK,1.5,869.63,8709.35
2019-09-13,ICE,0.8,869.63,8716.31
2019-09-16,CME,1.88,869.63,8732.66
2019-09-17,AMGN,-0.38,869.63,8729.35
2019-09-17,WM,-0.14,869.63,8728.13
2019-09-17,SBUX,0.14,869.63,8729.35
2019-09-17,INTU,0.61,869.63,8734.66
2019-09-17,SPGI,2.35,873.27,8755.18
2019-09-18,MCD,0.06,869.63,8755.7
2019-09-18,TJX,1.22,873.27,8766.35
2019-09-23,PH,1.97,876.64,8783.62
2019-09-25,NVDA,2.91,876.64,8809.13
2019-09-25,HD,1.23,876.64,8819.92
2019-09-25,INTC,0.29,876.64,8822.46
2019-09-26,LOW,-1.33,876.64,8810.8
2019-09-27,UPS,-2.03,876.64,8793.0
2019-09-27,ETN,-2.07,876.64,8774.86
2019-09-27,TMO,1.5,882.25,8788.09
2019-09-30,MAR,-2.35,876.64,8767.49
2019-09-30,MDT,1.14,882.25,8777.55
2019-09-30,CVS,2.1,881.08,8796.05
2019-10-01,BKNG,-1.86,878.36,8779.71
2019-10-03,MU,0.28,878.81,8782.17
2019-10-03,NEM,0.23,879.61,8784.2
2019-10-04,UNP,-4.75,882.25,8742.29
2019-10-04,MRSH,-1.7,878.81,8727.35
2019-10-04,AMD,0.71,878.81,8733.59
2019-10-04,AMGN,0.77,879.61,8740.36
2019-10-04,DIS,1.35,878.42,8752.22
2019-10-07,KKR,-2.5,879.61,8730.23
2019-10-07,SBUX,-1.06,877.97,8720.92
2019-10-09,MCK,0.89,875.22,8728.71
2019-10-18,PG,0.57,872.87,8733.69
2019-10-22,GD,2.82,873.37,8758.32
2019-10-24,LMT,0.31,873.37,8761.03
2019-10-24,ADP,1.61,875.83,8775.13
2019-10-25,MDT,0.61,875.83,8780.47
2019-10-28,SBUX,-0.13,875.83,8779.33
2019-10-28,SYK,1.59,875.83,8793.26
2019-10-28,T,4.24,877.51,8830.46
2019-10-28,COST,0.52,878.05,8835.03
2019-10-29,TXN,0.83,875.83,8842.3
2019-10-29,WELL,1.38,878.05,8854.42
2019-10-30,CB,-0.07,872.87,8853.8
2019-10-30,CME,-0.83,873.37,8846.56
2019-10-30,TJX,0.08,883.5,8847.26
2019-11-01,PLD,1.5,883.5,8860.51
2019-11-01,DUK,0.61,885.44,8865.92
2019-11-04,WMT,0.06,885.44,8866.45
2019-11-06,WDC,3.71,884.73,8899.27
2019-11-07,CMCSA,1.55,886.64,8913.01
2019-11-08,PG,0.23,886.64,8915.05
2019-11-08,DHR,1.02,886.64,8924.1
2019-11-11,EQIX,-1.81,886.64,8908.05
2019-11-12,SYK,-2.73,886.64,8883.84
2019-11-13,PEP,-0.84,886.64,8876.4
2019-11-13,WELL,-1.35,889.93,8864.38
2019-11-13,NEE,2.33,892.41,8885.17
2019-11-13,NEM,1.78,892.41,8901.06
2019-11-14,DUK,-1.13,892.41,8890.98
2019-11-15,TMUS,-2.25,890.8,8870.93
2019-11-15,PWR,0.29,890.11,8873.51
2019-11-15,T,1.11,889.1,8883.38
2019-11-15,PH,0.94,889.1,8891.74
2019-11-18,BKNG,-8.75,886.64,8814.16
2019-11-18,PNC,1.51,889.1,8827.58
2019-11-21,MPC,1.95,882.76,8844.8
2019-11-25,BRK-B,0.43,882.76,8848.59
2019-11-25,UPS,0.78,882.76,8855.48
2019-11-25,TXN,2.09,882.76,8873.93
2019-11-25,SBUX,1.46,884.48,8886.84
2019-11-26,BMY,0.14,882.76,8888.08
2019-11-26,LRCX,1.84,884.48,8904.35
2019-11-26,WM,2.03,888.68,8922.39
2019-11-26,COST,0.43,888.68,8926.21
2019-11-27,KLAC,2.21,884.48,8945.76
2019-12-03,CME,1.26,894.58,8957.03
2019-12-04,QCOM,-6.26,882.76,8901.77
2019-12-04,JPM,1.67,895.7,8916.73
2019-12-05,GD,-0.46,888.68,8912.64
2019-12-06,MPC,-1.03,894.58,8903.43
2019-12-06,GE,-0.84,894.58,8895.91
2019-12-06,ORCL,-1.38,894.58,8883.57
2019-12-06,DE,-0.35,894.58,8880.44
2019-12-09,PWR,0.32,891.67,8883.29
2019-12-10,VLO,-1.26,894.58,8872.02
2019-12-11,DIS,-0.2,891.26,8870.24
2019-12-13,NOW,0.92,888.33,8878.41
2019-12-13,ICE,1.32,887.02,8890.12
2019-12-16,SO,2.92,887.2,8916.02
2019-12-20,PLD,-1.67,887.02,8901.21
2019-12-23,SCHW,0.93,890.12,8909.49
2020-01-02,VLO,1.77,890.95,8925.26
2020-01-02,MU,3.8,890.95,8959.11
2020-01-02,JCI,1.55,890.95,8972.92
2020-01-02,AVGO,2.55,890.95,8995.64
2020-01-02,SCHW,1.11,890.95,9005.53
2020-01-02,HWM,2.2,890.95,9025.13
2020-01-06,GILD,0.81,890.95,9032.35
2020-01-06,AMGN,-0.29,890.95,9029.77
2020-01-06,MO,0.88,902.51,9037.71
2020-01-08,UNH,1.9,902.51,9054.86
2020-01-08,ELV,3.27,902.51,9084.37
2020-01-08,LIN,1.17,903.77,9094.94
2020-01-09,WMT,-0.75,902.51,9088.17
2020-01-09,KO,1.71,903.77,9103.63
2020-01-10,ACN,-0.67,903.77,9097.57
2020-01-13,MAR,-1.95,902.51,9079.97
2020-01-13,TT,0.34,910.36,9083.07
2020-01-14,AVGO,0.33,910.36,9086.07
2020-01-14,DIS,0.62,908.31,9091.71
2020-01-16,HWM,3.69,909.76,9125.28
2020-01-16,ETN,0.47,909.17,9129.55
2020-01-17,T,1.05,909.17,9139.1
2020-01-21,USB,-6.0,903.77,9084.87
2020-01-22,VRT,1.37,913.91,9097.39
2020-01-23,BNY,0.34,912.95,9100.49
2020-01-29,MRK,-1.79,910.05,9084.2
2020-01-30,VLO,-3.62,913.91,9051.12
2020-01-30,MPC,-4.76,913.91,9007.62
2020-02-03,REGN,-6.51,908.49,8948.48
2020-02-03,FCX,-7.06,908.49,8884.34
2020-02-04,COP,-12.08,908.49,8774.59
2020-02-04,BKNG,-6.63,908.49,8714.36
2020-02-04,SBUX,1.61,908.42,8728.98
2020-02-05,PSX,-9.35,909.74,8643.92
2020-02-05,COST,0.82,900.76,8651.31
2020-02-06,WELL,-1.15,900.76,8640.95
2020-02-10,ICE,2.11,872.9,8659.37
2020-02-12,SO,0.05,864.1,8659.8
2020-02-14,CME,2.34,865.98,8680.06
2020-02-14,PG,1.88,865.98,8696.35
2020-02-19,JPM,1.06,869.63,8705.56
2020-02-20,LLY,-0.16,865.98,8704.18
2020-02-20,BAC,1.39,869.63,8716.27
2020-02-21,JNJ,0.23,869.63,8718.27
2020-02-21,RTX,0.78,871.63,8725.06
2020-03-02,PGR,-3.42,870.56,8695.29
2020-03-02,FTNT,-4.13,872.51,8659.26
2020-03-02,GE,-8.79,872.51,8582.56
2020-03-02,CDNS,-4.54,872.51,8542.95
2020-03-02,TMO,-5.93,872.51,8491.21
2020-03-02,TXN,-2.33,872.51,8470.88
2020-03-02,CVS,-6.03,872.51,8418.27
2020-03-04,LMT,-5.33,871.63,8371.81
2020-03-13,REGN,7.49,837.18,8434.52
2020-03-17,NEE,-8.38,837.18,8364.36
2020-03-20,TSLA,-29.98,837.18,8113.38
2020-04-30,NFLX,3.67,811.34,8143.15
2020-05-04,VRTX,5.13,811.34,8184.77
2020-05-04,REGN,4.67,811.34,8222.66
2020-05-04,NEM,5.18,814.32,8264.84
2020-05-05,WMT,0.61,811.34,8269.79
2020-05-05,AMD,-0.68,814.32,8264.26
2020-05-05,PGR,0.66,814.32,8269.63
2020-05-05,JNJ,0.52,814.32,8273.86
2020-05-05,BMY,1.68,826.48,8287.75
2020-05-27,GILD,3.24,828.77,8314.6
2020-05-28,LLY,-1.92,828.77,8298.69
2020-05-28,JNJ,1.5,828.77,8311.12
2020-05-29,NFLX,-2.53,828.77,8290.15
2020-05-29,FTNT,0.91,828.77,8297.69
2020-05-29,VRTX,7.75,828.77,8361.93
2020-05-29,WMT,0.99,831.46,8370.16
2020-06-01,BMY,-1.69,828.77,8356.15
2020-06-01,NEM,1.86,828.77,8371.57
2020-06-09,VRTX,1.64,837.16,8385.29
2020-06-15,PGR,4.14,838.53,8420.01
2020-06-16,WMT,-2.31,837.16,8400.67
2020-06-16,AMAT,5.35,838.53,8445.53
2020-06-16,LIN,4.31,838.53,8481.67
2020-06-16,UNH,2.97,838.53,8506.58
2020-06-16,HD,4.08,838.53,8540.79
2020-06-16,BX,4.25,838.53,8576.43
2020-06-16,MCK,6.36,838.53,8629.76
2020-06-25,PGR,3.08,862.98,8656.34
2020-06-29,VRT,6.55,865.63,8713.04
2020-06-29,LOW,2.88,865.63,8737.97
2020-06-30,NEE,-1.14,862.98,8728.13
2020-06-30,JNJ,0.28,862.98,8730.55
2020-06-30,ISRG,2.38,862.98,8751.08
2020-06-30,INTC,3.75,865.63,8783.55
2020-06-30,AMD,4.71,865.63,8824.32
2020-06-30,AMAT,3.25,865.63,8852.45
2020-07-14,ABBV,3.05,885.24,8879.45
2020-07-20,INTU,4.38,887.94,8918.34
2020-07-20,ADBE,6.5,887.94,8976.06
2020-07-20,CRWD,5.3,887.94,9023.12
2020-07-20,AMZN,7.63,887.94,9090.87
2020-07-21,ORCL,1.54,887.94,9104.54
2020-07-27,ADI,3.15,910.45,9133.22
2020-07-27,AVGO,1.95,910.45,9150.98
2020-07-27,REGN,4.37,910.45,9190.76
2020-07-28,LLY,1.65,910.45,9205.79
2020-07-28,AMGN,2.64,910.45,9229.82
2020-07-29,META,0.82,910.45,9237.29
2020-07-30,MRVL,1.43,910.45,9250.31
2020-08-03,JNJ,-0.18,919.08,9248.65
2020-08-04,LLY,2.73,925.03,9273.91
2020-08-04,WMT,1.51,924.87,9287.87
2020-08-06,BX,-1.76,922.98,9271.63
2020-08-07,GILD,-6.13,910.45,9215.82
2020-08-12,ABBV,0.33,925.03,9218.87
2020-08-12,REGN,0.38,921.58,9222.37
2020-08-12,AMGN,1.19,921.58,9233.34
2020-08-12,DHR,1.62,921.58,9248.27
2020-08-13,CRWD,-1.15,921.58,9237.67
2020-08-14,FTNT,0.27,921.58,9240.16
2020-08-18,ANET,-1.65,921.58,9224.95
2020-08-18,ORCL,0.14,921.58,9226.24
2020-08-21,CAT,0.39,922.62,9229.84
2020-08-21,ETN,0.83,922.62,9237.5
2020-08-24,DIS,1.99,922.62,9255.86
2020-08-24,APH,1.05,922.62,9265.55
2020-08-25,AMAT,2.56,923.75,9289.19
2020-08-25,AMGN,5.07,926.55,9336.17
2020-08-25,MCK,1.26,926.55,9347.84
2020-08-26,KKR,1.62,922.62,9362.79
2020-08-26,MRSH,0.36,923.75,9366.12
2020-08-28,LRCX,-1.05,923.75,9356.42
2020-08-28,NEE,0.4,936.61,9360.16
2020-09-02,LLY,1.2,936.02,9371.4
2020-09-02,MRK,2.66,936.02,9396.29
2020-09-11,PFE,-2.5,936.02,9372.89
2020-09-11,BMY,-3.55,936.02,9339.66
2020-09-11,PANW,0.0,939.63,9339.66
2020-09-14,ICE,0.08,939.63,9340.42
2020-09-14,CRM,1.93,939.63,9358.55
2020-09-14,KLAC,1.77,939.63,9375.18
2020-09-14,MS,1.65,939.63,9390.69
2020-09-15,MSFT,2.72,939.63,9416.24
2020-09-22,AAPL,4.35,941.62,9457.21
2020-09-22,PG,0.61,941.62,9462.95
2020-09-24,PM,-0.97,941.62,9453.82
2020-09-24,ISRG,-0.0,941.62,9453.82
2020-09-25,META,2.39,941.62,9476.32
2020-09-25,MDT,-0.88,946.29,9467.99
2020-09-25,UBER,-0.13,946.29,9466.76
2020-09-28,MO,-4.97,941.62,9419.96
2020-09-28,BRK-B,-0.06,941.62,9419.4
2020-09-28,LIN,-0.88,941.62,9411.11
2020-09-28,KKR,5.42,945.38,9462.35
2020-09-29,ACN,4.21,945.38,9502.15
2020-10-20,UBER,3.12,950.22,9531.8
2020-10-20,LIN,1.29,950.22,9544.06
2020-10-22,TJX,-1.41,950.22,9530.66
2020-10-23,VZ,-0.46,950.22,9526.29
2020-10-23,ORCL,0.17,950.22,9527.9
2020-10-23,INTU,-0.33,954.41,9524.75
2020-10-27,CRM,-0.05,953.07,9524.28
2020-11-02,ICE,-4.15,950.22,9484.84
2020-11-02,MCO,-6.84,950.22,9419.85
2020-11-02,PANW,-8.76,950.22,9336.61
2020-11-02,SPGI,-3.9,954.41,9299.39
2020-11-02,ORCL,-2.11,952.48,9279.29
2020-11-02,ADI,-1.8,952.43,9262.15
2020-11-03,AVGO,-2.86,952.48,9234.91
2020-11-03,COST,0.23,952.48,9237.1
2020-11-11,VRT,2.36,923.71,9258.9
2020-11-23,V,1.8,925.89,9275.56
2020-11-24,ELV,0.37,925.89,9278.99
2020-11-24,VZ,0.7,925.89,9285.47
2020-11-24,MA,5.7,925.89,9338.25
2020-11-25,TMO,-1.56,925.89,9323.8
2020-11-27,UNH,-0.02,925.89,9323.62
2020-11-30,NEM,-4.75,925.89,9279.64
2020-11-30,PG,-0.22,927.56,9277.6
2020-11-30,DHR,2.62,933.82,9302.06
2020-11-30,ABT,1.4,932.38,9315.12
2020-12-01,EQIX,-2.77,925.89,9289.47
2020-12-07,CRM,2.83,928.95,9315.76
2020-12-08,WMT,0.6,931.58,9321.35
2020-12-09,ETN,0.69,928.95,9327.76
2020-12-09,HD,0.3,928.95,9330.54
2020-12-14,MCD,0.2,928.95,9332.4
2020-12-15,TT,0.0,932.13,9332.4
2020-12-15,WM,1.3,933.05,9344.53
2020-12-15,BMY,3.64,933.05,9378.49
2020-12-15,UNH,-0.29,933.05,9375.79
2020-12-15,V,0.73,933.05,9382.6
2020-12-15,CME,1.86,933.24,9399.96
2020-12-17,ABBV,1.71,940.0,9416.03
2020-12-18,SPGI,0.21,940.0,9418.01
2020-12-23,GOOG,-3.2,933.05,9388.15
2020-12-23,GOOGL,-3.09,933.05,9359.32
2020-12-24,KLAC,2.19,935.93,9379.81
2020-12-30,PFE,-5.39,940.0,9329.15
2020-12-30,AMAT,0.73,941.8,9336.02
2020-12-30,CVX,-2.43,941.8,9313.14
2020-12-30,COP,-0.87,941.8,9304.94
2020-12-30,AMD,0.51,935.93,9309.72
2020-12-31,T,-2.48,941.8,9286.36
2020-12-31,STX,-0.88,937.98,9278.11
2020-12-31,VZ,0.75,930.97,9285.09
2021-01-04,BA,-8.67,941.6,9203.45
2021-01-07,PANW,2.96,920.35,9230.69
2021-01-07,BX,0.37,920.35,9234.1
2021-01-07,MSFT,2.55,920.35,9257.57
2021-01-08,CRM,0.49,920.35,9262.08
2021-01-08,FTNT,4.22,920.35,9300.92
2021-01-08,ORCL,0.99,920.35,9310.03
2021-01-11,UPS,-2.93,930.97,9282.75
2021-01-15,VZ,0.26,928.28,9285.16
2021-01-19,TMUS,3.84,928.28,9320.81
2021-01-20,MCO,-0.6,928.28,9315.24
2021-01-20,V,1.76,928.28,9331.58
2021-01-20,DIS,-0.18,928.28,9329.91
2021-01-21,KO,-3.41,920.35,9298.52
2021-01-22,WM,0.33,928.28,9301.59
2021-01-26,ORCL,0.02,928.28,9301.77
2021-01-28,BKNG,-4.32,928.52,9261.66
2021-01-28,ICE,-2.28,932.08,9240.41
2021-02-01,CME,0.37,929.85,9243.85
2021-02-01,BNY,-3.8,929.85,9208.51
2021-02-01,JPM,-4.16,929.85,9169.83
2021-02-01,PANW,1.7,930.18,9185.65
2021-02-02,BAC,-2.63,929.85,9161.19
2021-02-02,C,-2.33,930.16,9139.52
2021-02-03,PSX,4.85,924.04,9184.33
2021-02-03,WMT,1.09,918.56,9194.35
2021-02-04,LLY,2.07,919.43,9213.38
2021-02-09,PFE,-0.36,913.95,9210.09
2021-02-10,AMGN,-1.53,924.04,9195.95
2021-02-16,ICE,0.38,919.6,9199.44
2021-02-16,CME,3.37,919.6,9230.44
2021-02-18,TMUS,0.55,923.04,9235.51
2021-02-18,DUK,1.0,923.04,9244.74
2021-02-18,WM,0.79,923.04,9252.03
2021-02-19,LIN,0.34,923.04,9255.17
2021-02-22,ORCL,5.13,925.52,9302.65
2021-02-23,NFLX,0.8,925.52,9310.06
2021-02-24,ISRG,0.84,925.52,9317.83
2021-02-24,ADBE,-0.82,925.52,9310.24
2021-02-24,META,0.75,925.52,9317.18
2021-02-24,CSCO,0.38,930.27,9320.72
2021-02-24,JNJ,1.04,931.01,9330.4
2021-03-01,NEE,-6.31,923.04,9272.16
2021-03-01,AAPL,-2.63,923.04,9247.88
2021-03-01,MNST,-1.08,933.04,9237.8
2021-03-01,PANW,1.74,933.04,9254.04
2021-03-02,SO,-1.24,933.04,9242.47
2021-03-03,PLD,-9.48,923.04,9154.96
2021-03-08,JNJ,2.53,915.5,9178.13
2021-03-09,CRWD,8.43,915.5,9255.3
2021-03-09,BX,4.74,915.5,9298.7
2021-03-09,PANW,3.0,917.81,9326.23
2021-03-09,VRT,2.5,917.81,9349.18
2021-03-09,CDNS,6.07,917.81,9404.89
2021-03-09,TSLA,19.34,917.81,9582.39
2021-03-10,SYK,1.52,915.5,9596.31
2021-03-23,INTU,2.17,959.63,9617.13
2021-03-24,SYK,0.98,959.63,9626.54
2021-03-24,ICE,0.57,959.63,9632.01
2021-03-24,MA,-2.3,959.63,9609.93
2021-03-24,COP,-0.62,959.63,9603.98
2021-03-24,MPC,0.31,959.63,9606.96
2021-03-24,PANW,0.79,959.63,9614.54
2021-03-25,VLO,-2.04,959.63,9594.96
2021-03-25,GLW,3.09,961.71,9624.68
2021-03-25,BKNG,2.7,961.45,9650.64
2021-03-25,BA,3.02,961.45,9679.68
2021-03-26,GE,3.62,961.45,9714.48
2021-03-30,GS,0.72,961.45,9721.4
2021-03-30,VRT,2.72,961.45,9747.56
2021-03-31,CRWD,2.42,971.45,9771.06
2021-04-05,CMCSA,0.98,977.11,9780.64
2021-04-14,PSX,0.94,978.06,9789.83
2021-04-14,VLO,2.52,978.06,9814.48
2021-04-14,SLB,2.6,978.06,9839.91
2021-04-14,COP,3.44,978.06,9873.56
2021-04-15,CMCSA,1.24,978.06,9885.68
2021-04-15,QCOM,1.99,987.36,9905.33
2021-04-16,JNJ,0.31,978.06,9908.36
2021-04-21,WDC,0.82,987.36,9916.46
2021-04-21,MRVL,-1.53,987.36,9901.35
2021-04-21,MU,-1.16,990.53,9889.86
2021-04-21,KLAC,1.98,990.84,9909.48
2021-04-21,AMAT,2.88,990.84,9938.02
2021-04-23,META,-0.86,987.36,9929.53
2021-04-23,BA,-2.66,990.84,9903.17
2021-04-23,AVGO,0.59,990.84,9909.02
2021-04-29,LMT,-0.23,993.8,9906.73
2021-04-29,VZ,0.37,990.9,9910.4
2021-04-29,DUK,0.65,990.9,9916.84
2021-04-29,PEP,1.19,990.9,9928.63
2021-05-03,MCK,1.92,990.9,9947.66
2021-05-03,LOW,1.3,990.9,9960.54
2021-05-03,NEM,3.15,992.86,9991.81
2021-05-03,GILD,2.77,992.86,10019.31
2021-05-04,BMY,1.39,992.86,10033.12
2021-05-05,TMO,0.43,992.86,10037.38
2021-05-05,PH,1.09,1001.93,10048.31
2021-05-05,DELL,1.65,1003.31,10064.86
2021-05-06,INTC,-2.37,990.9,10041.38
2021-05-07,ABT,-1.24,992.86,10029.06
2021-05-07,ICE,-0.86,1001.93,10020.45
2021-05-07,PLD,2.36,1006.49,10044.2
2021-05-07,MAR,2.58,1004.14,10070.11
2021-05-11,CRWD,-5.18,1001.93,10018.21
2021-05-11,ADBE,-3.93,1001.93,9978.83
2021-05-14,UBER,-7.65,1006.49,9901.84
2021-05-14,MDT,-1.66,1006.49,9885.13
2021-05-14,ABT,1.38,997.88,9898.9
2021-05-14,INTC,2.93,997.88,9928.14
2021-05-14,AMAT,8.36,997.88,10011.56
2021-05-14,GOOGL,3.25,997.88,10043.99
2021-05-14,ADP,2.44,997.88,10068.34
2021-05-20,SPGI,-1.65,997.88,10051.87
2021-05-20,DIS,0.45,1006.83,10056.41
2021-05-21,T,1.26,1006.83,10069.09
2021-05-25,DE,1.24,1005.64,10081.56
2021-05-25,TJX,0.04,1006.91,10081.96
2021-05-27,PGR,-2.13,1006.83,10060.52
2021-06-02,PFE,-0.63,1008.2,10054.17
2021-06-02,DUK,0.37,1006.05,10057.89
2021-06-03,AMGN,-1.48,1008.2,10042.97
2021-06-03,PG,0.34,1006.05,10046.39
2021-06-03,CVS,0.44,1006.05,10050.81
2021-06-03,MCK,0.46,1006.05,10055.44
2021-06-04,ABBV,-0.26,1006.05,10052.83
2021-06-04,KLAC,2.36,1005.54,10076.56
2021-06-04,MSFT,1.77,1005.54,10094.36
2021-06-07,UBER,3.93,1005.54,10133.87
2021-06-08,CRWD,3.66,1009.44,10170.82
2021-06-08,TJX,0.36,1013.39,10174.47
2021-06-09,JNJ,1.05,1017.45,10185.15
2021-06-10,PANW,2.92,1005.54,10214.51
2021-06-10,SBUX,0.68,1005.54,10221.35
2021-06-11,HD,-0.51,1005.54,10216.22
2021-06-15,UNH,-1.88,1006.05,10197.31
2021-06-15,CSX,0.05,1013.39,10197.81
2021-06-15,BNY,-2.19,1017.45,10175.53
2021-06-15,WFC,0.52,1022.14,10180.85
2021-06-21,MNST,-0.46,1018.08,10176.16
2021-06-22,PH,-2.87,1021.62,10146.84
2021-06-22,MMM,-3.03,1018.08,10116.0
2021-06-22,GLW,-0.8,1018.08,10107.85
2021-06-23,JPM,-7.55,1018.52,10030.95
2021-06-23,C,-11.17,1018.52,9917.19
2021-06-24,BRK-B,-3.61,1022.14,9880.29
2021-06-24,STX,-8.34,1018.08,9795.38
2021-06-28,EQIX,2.16,979.54,9816.54
2021-06-30,WMB,1.27,981.65,9829.0
2021-06-30,PM,0.89,981.65,9837.74
2021-07-01,MAR,2.18,981.65,9859.14
2021-07-01,RTX,1.81,981.65,9876.91
2021-07-09,CVS,-1.39,987.69,9863.18
2021-07-09,IBM,1.67,987.69,9879.67
2021-07-09,PWR,1.75,987.69,9896.96
2021-07-09,CME,0.99,987.69,9906.74
2021-07-09,SCHW,0.39,987.69,9910.59
2021-07-12,XOM,0.96,987.69,9920.07
2021-07-12,LRCX,1.63,987.69,9936.17
2021-07-19,ABT,1.53,993.62,9951.37
2021-07-20,CRWD,-1.08,993.62,9940.64
2021-07-20,ETN,2.98,995.14,9970.3
2021-07-21,VLO,-10.53,987.69,9866.29
2021-07-21,XOM,-2.32,993.62,9843.24
2021-07-21,COP,-0.41,993.62,9839.17
2021-07-21,AMD,2.55,993.62,9864.5
2021-07-21,SLB,-1.34,993.62,9851.19
2021-07-21,MPC,-0.61,993.62,9845.13
2021-07-22,PM,2.13,997.03,9866.36
2021-07-23,MRK,1.5,997.03,9881.32
2021-08-03,UPS,-0.83,988.13,9873.12
2021-08-03,AMGN,0.75,988.13,9880.53
2021-08-05,AMZN,1.15,988.13,9891.89
2021-08-05,V,1.02,988.05,9901.97
2021-08-05,DIS,1.85,988.05,9920.25
2021-08-06,KO,0.66,988.05,9926.77
2021-08-06,MNST,5.09,988.05,9977.06
2021-08-11,MCD,0.01,988.05,9977.16
2021-08-12,MCK,1.2,997.71,9989.13
2021-08-12,AVGO,0.11,997.71,9990.23
2021-08-12,SYK,2.62,997.71,10016.37
2021-08-13,SBUX,-2.92,988.13,9987.52
2021-08-16,TXN,0.75,1001.64,9995.03
2021-08-16,V,1.24,1001.64,10007.45
2021-08-18,MAR,-6.08,988.05,9947.38
2021-08-20,PANW,0.24,997.72,9949.77
2021-08-20,ICE,-1.05,1001.64,9939.25
2021-08-23,AMAT,-5.06,997.71,9888.77
2021-08-23,LRCX,-5.63,997.71,9832.6
2021-08-23,CME,-2.81,998.75,9804.53
2021-08-23,XOM,-1.47,1000.75,9789.82
2021-08-23,WMB,-0.22,1000.75,9787.62
2021-08-23,USB,-0.09,994.74,9786.73
2021-08-31,WMT,0.78,978.67,9794.36
2021-09-01,TMUS,-0.18,978.67,9792.6
2021-09-01,JNJ,0.17,978.67,9794.26
2021-09-02,MRK,0.42,978.67,9798.37
2021-09-08,UNP,-2.54,978.67,9773.51
2021-09-09,WFC,1.79,979.43,9791.05
2021-09-09,DELL,1.27,977.35,9803.46
2021-09-13,BMY,-5.95,978.67,9745.23
2021-09-13,ANET,-0.66,979.43,9738.76
2021-09-13,COF,0.76,979.84,9746.21
2021-09-13,UPS,2.55,980.35,9771.21
2021-09-14,TJX,-3.91,979.43,9732.91
2021-09-15,ABBV,-4.31,979.43,9690.7
2021-09-15,MDT,0.94,977.12,9699.89
2021-09-15,ADBE,2.17,977.12,9721.09
2021-09-16,CSX,-3.71,979.84,9684.74
2021-09-16,FTNT,2.1,977.12,9705.26
2021-09-16,CRWD,3.92,977.12,9743.56
2021-09-22,SBUX,-1.67,972.11,9727.33
2021-09-23,TT,-2.45,980.35,9703.31
2021-09-23,MO,0.61,973.29,9709.24
2021-09-23,GS,-0.2,974.36,9707.3
2021-09-23,MCO,1.57,974.36,9722.59
2021-09-24,META,-5.69,974.36,9667.15
2021-09-29,WELL,0.91,966.72,9675.95
2021-10-01,SO,-4.03,974.36,9636.68
2021-10-01,NEE,-3.28,974.36,9604.72
2021-10-01,KKR,2.47,966.72,9628.6
2021-10-01,GOOGL,1.33,967.59,9641.47
2021-10-05,UNH,-3.22,966.72,9610.34
2021-10-06,DASH,3.53,964.15,9644.38
2021-10-06,MRVL,10.4,964.15,9744.65
2021-10-07,DHR,-4.47,966.72,9701.44
2021-10-07,ADI,1.36,964.15,9714.55
2021-10-11,REGN,-12.06,966.72,9597.96
2021-10-11,EQIX,-7.42,966.72,9526.23
2021-10-14,TXN,1.83,952.62,9543.67
2021-10-15,WFC,4.76,952.62,9589.01
2021-10-15,JPM,3.18,952.62,9619.3
2021-10-15,C,2.59,952.62,9643.98
2021-10-19,USB,1.81,954.37,9661.25
2021-10-19,MRK,1.18,954.37,9672.51
2021-10-27,WELL,2.03,967.25,9692.15
2021-10-28,PANW,-0.18,967.25,9690.41
2021-11-02,APH,2.43,969.21,9713.96
2021-11-02,TXN,1.52,969.21,9728.69
2021-11-02,DASH,1.33,969.04,9741.58
2021-11-02,SYK,2.17,969.04,9762.61
2021-11-02,ORCL,1.28,969.04,9775.01
2021-11-03,RTX,-0.85,967.25,9766.79
2021-11-03,COF,0.62,969.21,9772.8
2021-11-03,PNC,0.94,977.5,9781.99
2021-11-05,GD,1.13,978.2,9793.04
2021-11-08,MRSH,0.44,969.04,9797.3
2021-11-08,PWR,5.46,978.2,9850.71
2021-11-09,CSX,0.07,979.3,9851.4
2021-11-10,DHR,3.11,979.3,9881.86
2021-11-12,ICE,0.5,988.19,9886.8
2021-11-12,MS,1.83,988.19,9904.88
2021-11-12,NOW,2.75,988.19,9932.05
2021-11-12,INTU,3.51,988.19,9966.74
2021-11-15,EQIX,1.74,979.3,9983.78
2021-11-16,TSLA,2.75,985.14,10010.87
2021-11-16,ISRG,2.64,988.19,10036.96
2021-11-17,MAR,-0.15,996.67,10035.46
2021-11-19,SYK,-0.2,988.19,10033.49
2021-11-22,JPM,-1.63,998.38,10017.21
2021-11-22,WMT,-1.75,998.38,9999.74
2021-11-22,COF,0.53,1003.55,10005.06
2021-11-22,GS,0.88,1003.55,10013.89
2021-11-23,KO,-0.35,1003.55,10010.38
2021-11-23,USB,0.96,1003.55,10020.01
2021-11-23,UNH,1.32,1003.35,10033.26
2021-11-23,FCX,2.19,1001.39,10055.19
2021-11-26,NFLX,1.47,1005.52,10069.97
2021-11-29,CRM,-0.33,1001.39,10066.67
2021-11-29,ACN,1.12,1005.52,10077.93
2021-11-29,ICE,-0.41,1005.52,10073.8
2021-11-29,ADI,2.62,1007.0,10100.19
2021-11-30,BKNG,-12.91,998.38,9971.3
2021-12-02,ISRG,-4.23,1001.39,9928.94
2021-12-02,KKR,-1.86,1005.52,9910.24
2021-12-02,TT,-1.21,1010.02,9898.02
2021-12-02,BAC,2.59,997.13,9923.84
2021-12-03,UPS,0.89,997.13,9932.72
2021-12-06,ELV,0.67,992.38,9939.36
2021-12-07,DASH,-19.16,1001.39,9747.5
2021-12-07,NFLX,0.96,997.13,9757.07
2021-12-07,AMZN,3.64,993.27,9793.23
2021-12-07,TSLA,3.94,993.94,9832.39
2021-12-08,DHR,3.4,993.94,9866.18
2021-12-13,LLY,-2.77,1010.02,9838.2
2021-12-21,DELL,-0.78,983.82,9830.53
2021-12-21,XOM,0.48,983.82,9835.25
2021-12-22,BX,2.7,983.82,9861.81
2021-12-22,ADI,-2.56,983.82,9836.63
2021-12-22,REGN,2.08,983.82,9857.09
2021-12-22,INTU,4.17,983.82,9898.12
2021-12-23,WMB,-0.42,983.82,9893.99
2022-01-04,ORCL,-1.44,989.81,9879.73
2022-01-06,PANW,-2.38,989.4,9856.18
2022-01-10,FTNT,-2.82,989.4,9828.28
2022-01-11,MRSH,-1.2,989.4,9816.41
2022-01-11,NOW,-8.5,989.4,9732.31
2022-01-11,ABT,-0.35,987.97,9728.85
2022-01-12,MCO,-3.09,989.4,9698.28
2022-01-12,CDNS,-7.39,989.4,9625.16
2022-01-12,ICE,-0.65,989.4,9618.73
2022-01-13,MNST,1.47,982.83,9633.18
2022-01-14,PG,0.42,972.89,9637.27
2022-01-20,NEE,-2.93,985.62,9608.39
2022-01-24,UPS,-1.47,963.73,9594.22
2022-01-24,LOW,-2.84,963.73,9566.85
2022-01-25,JNJ,-0.43,963.73,9562.71
2022-01-27,MCD,-4.97,961.87,9514.9
2022-01-28,WM,-6.37,963.32,9453.54
2022-01-28,ABT,-3.62,963.32,9418.67
2022-01-28,LLY,0.1,963.73,9419.63
2022-01-28,AAPL,3.24,960.84,9450.76
2022-01-28,KO,1.17,956.69,9461.96
2022-01-31,T,-3.49,956.69,9428.57
2022-01-31,MRVL,6.24,956.27,9488.24
2022-02-08,CAT,-5.33,951.49,9437.52
2022-02-15,MRK,-0.0,948.82,9437.52
2022-02-16,PG,0.23,943.75,9439.7
2022-02-18,PGR,-0.39,943.75,9436.01
2022-02-18,PEP,-0.69,943.75,9429.5
2022-02-22,MCD,-1.92,943.75,9411.38
2022-02-22,SO,0.52,942.95,9416.29
2022-02-22,CME,0.44,942.95,9420.43
2022-02-23,KKR,-12.74,943.75,9300.2
2022-02-23,CVX,2.08,942.04,9319.8
2022-02-24,TMO,-4.91,943.75,9273.46
2022-02-24,PLD,0.25,942.95,9275.81
2022-02-24,MA,1.96,931.98,9294.08
2022-02-25,PFE,-5.99,943.75,9237.55
2022-02-25,BAC,-2.35,942.95,9215.39
2022-02-25,MPC,0.9,942.04,9223.87
2022-02-25,PSX,0.4,942.04,9227.64
2022-02-25,BRK-B,3.26,929.41,9257.94
2022-02-25,PG,3.97,929.41,9294.83
2022-03-02,DELL,-5.9,931.98,9239.85
2022-03-09,AAPL,3.2,923.98,9269.41
2022-03-09,PANW,5.37,923.98,9319.03
2022-03-09,RTX,3.57,923.98,9352.02
2022-03-10,PM,-10.9,929.41,9250.71
2022-03-14,KO,0.26,923.98,9253.12
2022-03-15,PG,2.07,923.98,9272.24
2022-03-18,SLB,4.58,927.22,9314.71
2022-03-25,WMT,0.76,931.47,9321.79
2022-04-06,CVS,0.54,932.18,9326.82
2022-04-06,HCA,1.69,932.18,9342.58
2022-04-06,PFE,3.49,932.18,9375.11
2022-04-07,RTX,1.63,932.18,9390.3
2022-04-08,SCHW,-3.41,932.18,9358.52
2022-04-12,ICE,-6.2,932.18,9300.72
2022-04-12,HWM,1.22,937.51,9312.16
2022-04-13,CSX,-2.05,932.18,9293.05
2022-04-13,MAR,5.34,937.51,9343.11
2022-04-13,AVGO,0.64,935.85,9349.1
2022-04-13,AAPL,2.51,935.85,9372.59
2022-04-14,AXP,-0.97,939.03,9363.48
2022-04-19,UPS,-7.38,932.18,9294.69
2022-04-19,PLD,3.92,936.35,9331.39
2022-04-20,PGR,0.53,936.35,9336.36
2022-04-20,WM,1.33,936.35,9348.81
2022-04-26,PFE,-5.72,936.35,9295.25
2022-04-26,LMT,-2.01,934.88,9276.46
2022-04-27,LLY,-4.89,936.35,9230.67
2022-04-28,NEE,-12.34,937.26,9115.01
2022-04-28,FCX,-7.22,934.88,9047.52
2022-04-28,NEM,-5.21,934.88,8998.81
2022-04-28,PANW,2.7,934.88,9024.05
2022-04-28,SO,2.2,927.65,9044.46
2022-04-28,AVGO,3.07,927.65,9072.94
2022-04-28,DUK,0.33,923.07,9075.98
2022-05-03,DE,-3.8,934.88,9040.46
2022-05-04,AMGN,-1.15,907.6,9030.02
2022-05-04,LMT,2.85,907.6,9055.89
2022-05-04,CVS,4.32,907.6,9095.09
2022-05-04,ABBV,2.91,907.6,9121.51
2022-05-04,DUK,1.68,904.05,9136.69
2022-05-12,WELL,-1.83,913.67,9119.97
2022-05-13,VRTX,4.68,913.67,9162.73
2022-05-13,MO,2.55,913.67,9186.03
2022-05-13,RTX,0.71,913.67,9192.52
2022-05-16,ELV,1.57,912.0,9206.84
2022-05-16,GD,1.63,912.0,9221.7
2022-05-17,BRK-B,1.82,912.0,9238.3
2022-05-19,NEM,0.86,912.0,9246.14
2022-05-23,KO,2.41,923.83,9268.41
2022-05-25,ABBV,2.35,926.84,9290.19
2022-06-07,MCK,0.66,929.02,9296.32
2022-06-07,T,0.85,929.02,9304.22
2022-06-07,MRK,0.41,929.02,9308.03
2022-06-15,IBM,0.34,930.8,9311.19
2022-06-17,AMGN,-2.5,930.8,9287.92
2022-06-17,MRK,-2.44,930.8,9265.21
2022-06-21,MO,-6.16,930.8,9207.87
2022-06-21,SO,-8.17,930.8,9131.83
2022-06-21,PM,-1.86,930.8,9114.51
2022-06-21,PFE,-4.02,930.8,9077.09
2022-06-27,WMB,-12.62,930.8,8959.63
2022-06-27,COP,-15.29,931.12,8817.26
2022-06-28,PSX,-2.13,926.52,8797.52
2022-07-15,BMY,-0.71,879.75,8791.28
2022-07-15,JNJ,1.05,879.75,8800.52
2022-07-15,T,0.29,879.75,8803.07
2022-07-15,VRTX,2.04,879.75,8821.01
2022-07-15,ELV,4.53,879.75,8860.87
2022-07-19,KO,0.26,879.75,8863.15
2022-07-20,LMT,-3.43,879.75,8832.98
2022-07-25,PGR,-0.02,879.75,8832.8
2022-07-26,MRK,1.53,883.3,8846.32
2022-07-27,IBM,-0.35,883.3,8843.22
2022-07-28,T,-2.1,883.3,8824.68
2022-08-03,AMGN,1.02,882.47,8833.68
2022-08-04,MCK,2.97,883.37,8859.91
2022-08-05,VRTX,4.89,882.47,8903.07
2022-08-08,ABBV,-2.51,882.47,8880.92
2022-08-08,MRK,-0.35,882.47,8877.83
2022-08-08,BMY,2.03,885.99,8895.81
2022-08-08,WMB,1.39,885.99,8908.13
2022-08-10,LLY,-5.17,882.47,8862.5
2022-08-12,MNST,-1.79,890.31,8846.57
2022-08-25,ADI,-0.85,884.66,8839.05
2022-08-25,HWM,0.18,884.66,8840.64
2022-08-25,GS,0.89,884.66,8848.51
2022-08-25,NEE,0.66,884.66,8854.35
2022-08-25,CDNS,-0.35,884.66,8851.26
2022-08-25,DHR,1.44,884.66,8864.0
2022-08-25,MRSH,0.92,884.66,8872.13
2022-09-01,PM,-2.14,884.66,8853.2
2022-09-01,BMY,-3.67,887.21,8820.64
2022-09-01,DUK,-0.8,887.21,8813.54
2022-09-01,PEP,-0.57,887.21,8808.49
2022-09-06,MRK,-1.64,887.21,8793.94
2022-09-07,KO,-0.04,887.21,8793.58
2022-09-07,PGR,3.41,887.21,8823.84
2022-09-07,GD,0.75,880.85,8830.44
2022-09-08,ADP,-1.36,887.21,8818.38
2022-09-09,WMB,-1.45,880.85,8805.6
2022-09-09,PSX,1.67,880.85,8820.31
2022-09-09,VLO,2.12,880.85,8838.99
2022-09-19,TMUS,1.86,883.9,8855.43
2022-09-19,MCK,0.0,883.9,8855.43
2022-09-19,ADP,1.87,883.9,8871.96
2022-09-19,TT,1.9,883.9,8888.75
2022-09-20,VLO,1.85,883.9,8905.1
2022-09-22,LLY,2.73,890.51,8929.41
2022-09-28,NEE,-3.15,883.9,8901.57
2022-09-28,XOM,-2.6,890.51,8878.42
2022-09-28,COP,-5.37,892.94,8830.47
2022-09-28,TMUS,0.05,892.94,8830.91
2022-09-28,PWR,0.82,892.94,8838.24
2022-09-28,ADP,1.6,892.94,8852.52
2022-10-03,WM,-0.69,892.94,8846.36
2022-10-03,PGR,3.39,885.25,8876.37
2022-10-04,SO,-6.03,892.94,8822.53
2022-10-17,TMUS,0.38,882.25,8825.88
2022-11-10,NFLX,0.42,882.59,8829.59
2022-11-15,SCHW,2.09,882.96,8848.04
2022-11-16,MCK,-2.22,882.96,8828.44
2022-11-17,BMY,1.28,882.96,8839.74
2022-11-18,ELV,0.51,882.96,8844.24
2022-11-30,VRT,5.51,884.42,8892.98
2022-12-02,PH,0.48,884.42,8897.22
2022-12-12,VLO,-5.34,889.72,8849.71
2022-12-12,XOM,-1.01,889.72,8840.72
2022-12-12,PSX,-2.3,889.72,8820.26
2022-12-12,MPC,-1.4,889.72,8807.8
2022-12-12,ETN,1.61,889.72,8822.13
2022-12-12,CAT,1.79,889.72,8838.05
2022-12-13,COP,-5.29,889.72,8790.99
2022-12-13,CVX,0.58,889.72,8796.15
2022-12-20,CB,0.61,879.61,8801.51
2022-12-21,AMGN,-2.5,879.61,8779.52
2022-12-21,PEP,0.95,879.61,8787.88
2022-12-21,IBM,1.11,879.61,8797.64
2022-12-21,ABBV,0.78,879.61,8804.51
2022-12-21,MRSH,1.15,879.61,8814.62
2022-12-23,WM,-2.85,879.61,8789.55
2022-12-23,SBUX,-0.87,879.61,8781.9
2022-12-29,ANET,-0.21,880.15,8780.05
2022-12-29,NFLX,4.84,878.19,8822.56
2023-01-04,AMGN,0.84,878.19,8829.93
2023-01-06,DE,0.21,882.26,8831.78
2023-01-06,PEP,0.89,882.99,8839.64
2023-01-06,MCK,2.92,882.99,8865.43
2023-01-06,KO,1.63,882.99,8879.82
2023-01-09,PWR,1.96,882.99,8897.13
2023-01-09,LIN,5.08,882.99,8941.98
2023-01-11,ELV,-4.61,882.26,8901.31
2023-01-11,LLY,0.12,882.99,8902.37
2023-01-19,PM,1.64,890.24,8916.97
2023-01-23,CSCO,0.98,890.24,8925.69
2023-01-23,IBM,0.73,890.24,8932.19
2023-01-23,RTX,0.23,890.24,8934.24
2023-01-24,LMT,-2.43,894.2,8912.51
2023-01-24,TJX,1.57,890.24,8926.49
2023-01-24,PGR,2.3,891.7,8947.0
2023-01-24,TMUS,0.7,893.42,8953.25
2023-01-25,JNJ,-2.56,890.24,8930.46
2023-01-26,SLB,3.31,895.33,8960.1
2023-01-27,ABBV,-4.2,890.24,8922.71
2023-01-31,MRK,0.21,896.01,8924.59
2023-02-01,IBM,0.18,896.01,8926.2
2023-02-06,MCD,1.49,892.62,8939.5
2023-02-06,CAT,2.36,892.62,8960.57
2023-02-07,PSX,4.08,892.62,8996.99
2023-02-07,SLB,3.25,892.62,9026.0
2023-02-07,MPC,1.64,892.62,9040.63
2023-02-07,VLO,0.8,892.62,9047.78
2023-02-07,CB,2.07,892.62,9066.25
2023-02-08,MCK,-0.25,892.62,9064.02
2023-02-13,T,-0.25,906.63,9061.75
2023-02-13,BLK,0.67,906.4,9067.83
2023-02-13,PNC,1.02,906.4,9077.07
2023-02-13,APH,1.27,906.4,9088.58
2023-02-13,ABNB,6.63,906.4,9148.68
2023-02-15,HOOD,5.16,906.4,9195.45
2023-02-22,LIN,1.72,919.54,9211.27
2023-02-23,VLO,1.88,919.54,9228.55
2023-02-23,NOW,0.32,919.54,9231.5
2023-02-24,CVX,-0.57,919.54,9226.25
2023-02-24,XOM,-0.78,919.54,9219.08
2023-02-24,PSX,2.17,919.54,9239.04
2023-02-24,SCHW,1.76,923.15,9255.28
2023-02-27,AMAT,1.2,921.13,9266.34
2023-02-27,CAT,1.31,925.53,9278.46
2023-02-28,BAC,-3.08,919.54,9250.14
2023-03-02,TMO,-1.88,919.54,9232.85
2023-03-02,SBUX,-0.78,923.15,9225.65
2023-03-02,CME,0.98,927.85,9234.74
2023-03-02,PM,0.79,925.01,9242.05
2023-03-03,MRSH,0.71,925.53,9248.62
2023-03-03,HCA,0.04,925.53,9248.99
2023-03-03,GILD,0.21,925.53,9250.94
2023-03-06,USB,1.45,924.21,9264.34
2023-03-13,MCK,-5.77,927.85,9210.8
2023-03-13,RTX,1.29,926.43,9222.75
2023-03-14,WMT,-0.3,926.43,9219.97
2023-03-14,T,0.36,926.43,9223.31
2023-03-14,JPM,2.98,926.43,9250.92
2023-03-14,V,1.65,922.28,9266.13
2023-03-16,TJX,1.14,922.28,9276.65
2023-03-20,PSX,-4.09,926.43,9238.76
2023-03-20,PM,-0.18,926.61,9237.09
2023-03-20,LMT,1.81,927.66,9253.88
2023-03-21,C,-7.56,926.43,9183.84
2023-03-21,MS,-4.03,926.43,9146.5
2023-03-21,MO,1.64,927.66,9161.72
2023-03-24,EQIX,2.52,916.17,9184.81
2023-03-29,UBER,2.36,918.48,9206.48
2023-04-10,AMD,2.85,920.65,9232.72
2023-04-11,PWR,2.14,920.65,9252.42
2023-04-11,ETN,1.33,920.65,9264.67
2023-04-11,ABNB,3.86,920.65,9300.2
2023-04-12,TT,0.34,920.65,9303.33
2023-04-13,MCO,2.49,923.27,9326.32
2023-04-13,CRM,2.42,930.02,9348.83
2023-04-13,ADBE,1.77,930.02,9365.29
2023-04-13,NFLX,4.28,930.33,9405.11
2023-04-13,BKNG,2.93,930.33,9432.37
2023-04-17,INTC,0.07,930.33,9433.02
2023-04-17,PLD,2.52,943.24,9456.79
2023-04-19,PGR,0.21,943.24,9458.77
2023-04-20,AMAT,-0.35,920.65,9455.55
2023-04-24,MPC,-0.21,945.88,9453.56
2023-04-26,CSCO,-7.42,930.33,9384.53
2023-04-26,ANET,0.07,945.55,9385.19
2023-04-26,MSFT,4.53,945.36,9428.02
2023-04-27,AMD,-3.0,945.68,9399.65
2023-04-27,ICE,2.39,942.8,9422.18
2023-04-27,MA,1.58,942.8,9437.08
2023-04-28,GLW,-2.59,945.88,9412.58
2023-04-28,LOW,3.2,942.8,9442.75
2023-04-28,WM,2.43,943.71,9465.68
2023-05-01,VLO,-10.35,945.68,9367.8
2023-05-01,PLTR,-4.84,945.55,9322.04
2023-05-04,HOOD,-13.15,945.55,9197.7
2023-05-08,ANET,1.99,932.2,9216.25
2023-05-08,SYK,0.09,932.2,9217.09
2023-05-08,XOM,2.6,919.77,9241.0
2023-05-08,NOW,1.67,919.77,9256.36
2023-05-09,SBUX,2.35,932.2,9278.27
2023-05-09,BA,2.15,919.77,9298.04
2023-05-10,HCA,1.34,929.8,9310.5
2023-05-11,ABBV,-1.83,943.71,9293.23
2023-05-12,GILD,-5.21,946.57,9243.92
2023-05-15,NEM,2.34,929.32,9265.66
2023-05-16,CDNS,0.2,929.32,9267.52
2023-05-18,WMT,0.83,926.75,9275.21
2023-05-19,MO,-0.87,926.57,9267.15
2023-05-19,SO,0.42,926.75,9271.04
2023-05-19,PLD,1.19,926.75,9282.07
2023-05-19,MRK,0.34,926.75,9285.22
2023-05-30,WM,-3.04,926.75,9257.05
2023-05-30,MNST,-0.63,928.52,9251.2
2023-05-31,WELL,-2.35,928.52,9229.38
2023-05-31,ICE,1.18,925.12,9240.3
2023-06-01,ABT,-5.51,927.52,9189.19
2023-06-01,PEP,-2.0,928.52,9170.62
2023-06-01,V,0.55,928.52,9175.73
2023-06-01,MRK,1.31,925.12,9187.85
2023-06-02,KO,-2.91,927.52,9160.85
2023-06-02,PG,-4.24,927.52,9121.53
2023-06-08,ANET,4.03,912.15,9158.29
2023-06-12,MNST,1.48,912.15,9171.79
2023-06-12,MU,2.96,915.83,9198.9
2023-06-22,AMAT,1.35,919.89,9211.31
2023-06-22,KLAC,2.1,919.89,9230.63
2023-06-26,WELL,1.11,923.06,9240.88
2023-06-27,AXP,-1.02,919.89,9231.5
2023-06-27,ANET,0.76,919.89,9238.49
2023-06-27,MAR,1.73,919.89,9254.4
2023-06-27,MRVL,2.66,919.89,9278.87
2023-06-27,COF,0.09,919.89,9279.7
2023-06-27,AMD,-1.83,919.89,9262.86
2023-06-27,EQIX,2.14,923.06,9282.62
2023-06-30,NVDA,3.81,924.09,9317.82
2023-07-12,VRTX,2.03,931.78,9336.74
2023-07-12,MNST,0.31,931.78,9339.63
2023-07-17,MCK,0.41,933.96,9343.46
2023-07-20,MRK,-0.8,931.78,9336.0
2023-07-20,WM,2.88,934.35,9362.91
2023-07-20,SO,2.57,934.35,9386.93
2023-07-20,BA,2.1,934.35,9406.55
2023-07-25,GLW,2.14,940.65,9426.68
2023-07-25,AMAT,4.19,940.65,9466.09
2023-07-25,APH,0.56,940.65,9471.36
2023-07-28,NFLX,2.75,947.14,9497.4
2023-07-31,AXP,0.35,940.65,9500.7
2023-07-31,ETN,0.82,947.14,9508.46
2023-07-31,V,1.1,947.14,9518.88
2023-08-01,ANET,22.55,949.74,9733.05
2023-08-02,HCA,-6.34,934.35,9673.81
2023-08-02,WM,-0.64,947.14,9667.75
2023-08-04,ISRG,-8.42,940.65,9588.55
2023-08-04,SYK,0.3,947.14,9591.39
2023-08-07,CDNS,1.32,966.77,9604.15
2023-08-07,LIN,1.59,959.14,9619.4
2023-08-09,SO,-3.23,973.3,9587.96
2023-08-11,MDT,-2.65,966.77,9562.34
2023-08-11,PANW,0.96,961.94,9571.58
2023-08-14,ABT,-2.62,966.77,9546.25
2023-08-14,ISRG,-1.65,961.94,9530.37
2023-08-14,WDC,1.42,957.16,9543.97
2023-08-15,MO,-4.97,973.3,9495.59
2023-08-15,MS,-5.56,973.3,9441.48
2023-08-18,CSX,-2.36,959.14,9418.84
2023-08-21,TSLA,-4.8,958.8,9372.82
2023-08-21,LRCX,2.35,957.16,9395.31
2023-08-22,EQIX,-0.81,944.15,9387.66
2023-08-22,MAR,1.77,939.53,9404.29
2023-08-23,FCX,-5.03,954.4,9356.29
2023-08-23,PEP,-2.08,944.15,9336.65
2023-08-23,WELL,-0.55,941.88,9331.47
2023-08-25,SYK,0.38,939.53,9335.04
2023-08-25,JNJ,0.57,940.43,9340.4
2023-08-25,CME,1.57,940.43,9355.17
2023-08-28,USB,-7.27,954.4,9285.78
2023-08-28,COF,-7.23,954.4,9216.78
2023-08-28,CMCSA,1.34,933.15,9229.28
2023-08-29,AMGN,0.88,933.15,9237.49
2023-09-07,MCK,1.23,923.75,9248.86
2023-09-07,AMGN,1.86,923.75,9266.04
2023-09-11,ICE,0.95,923.75,9274.81
2023-09-11,GE,1.91,926.6,9292.51
2023-09-11,JPM,0.21,926.6,9294.46
2023-09-12,UNP,0.19,923.75,9296.21
2023-09-12,ISRG,1.16,926.6,9306.96
2023-09-13,NVDA,-1.93,926.6,9289.08
2023-09-13,APH,-0.58,926.6,9283.7
2023-09-13,WDC,1.87,930.7,9301.11
2023-09-14,SPGI,2.0,930.7,9319.72
2023-09-14,INTU,0.74,930.11,9326.6
2023-09-18,ACN,0.01,930.7,9326.7
2023-09-18,V,1.19,932.66,9337.8
2023-09-20,BA,-7.45,923.75,9268.98
2023-09-25,PWR,-8.82,929.45,9187.0
2023-09-25,AMAT,-7.2,929.45,9120.08
2023-09-27,ADP,-2.39,930.11,9097.85
2023-09-27,ANET,-3.75,930.11,9062.97
2023-09-27,INTC,-5.06,933.78,9015.72
2023-09-27,ABNB,-5.81,933.78,8961.47
2023-09-27,CRWD,1.65,912.01,8976.52
2023-09-29,CRM,-5.81,932.66,8922.33
2023-10-02,AMZN,-4.61,926.9,8879.6
2023-10-02,ORCL,1.7,897.65,8894.86
2023-10-04,PG,-3.41,912.01,8863.76
2023-10-04,IBM,-0.66,897.65,8857.83
2023-10-04,PGR,1.83,892.23,8874.16
2023-10-05,CB,1.81,889.49,8890.26
2023-10-05,REGN,2.52,889.49,8912.68
2023-10-05,KKR,2.11,889.49,8931.45
2023-10-06,ABBV,-0.85,892.23,8923.86
2023-10-06,AMGN,2.17,889.49,8943.16
2023-10-06,ETN,3.15,893.14,8971.3
2023-10-09,MPC,3.0,887.42,8997.92
2023-10-09,PSX,0.35,887.42,9001.03
2023-10-09,CAT,3.73,893.14,9034.34
2023-10-09,DELL,1.2,893.14,9045.06
2023-10-10,VLO,0.9,887.42,9053.04
2023-10-17,APP,2.61,905.3,9076.67
2023-10-24,KKR,-3.29,907.67,9046.81
2023-10-24,BKNG,1.5,907.67,9060.43
2023-10-24,BRK-B,-0.31,907.67,9057.61
2023-10-24,CME,-0.24,907.67,9055.43
2023-10-30,AAPL,-3.25,907.67,9025.93
2023-10-30,BX,-1.4,907.67,9013.23
2023-10-30,ADBE,0.81,905.54,9020.56
2023-10-31,LRCX,-2.58,907.67,8997.14
2023-10-31,COP,-1.26,905.54,8985.73
2023-10-31,WMB,-0.47,905.54,8981.48
2023-10-31,VLO,-0.19,905.54,8979.76
2023-11-01,TSLA,-6.86,907.67,8917.49
2023-11-02,PLTR,22.03,902.06,9116.21
2023-11-10,PSX,2.24,911.62,9136.64
2023-11-13,MPC,1.97,911.62,9154.59
2023-11-16,REGN,0.06,915.46,9155.14
2023-12-01,CMCSA,1.09,915.51,9165.12
2023-12-06,LLY,0.59,916.51,9170.53
2023-12-07,AVGO,-0.67,915.51,9164.4
2023-12-07,GOOG,3.55,916.51,9196.93
2023-12-07,MRVL,-1.46,916.51,9183.55
2023-12-07,GOOGL,5.63,916.51,9235.15
2023-12-08,NFLX,-2.87,916.51,9208.85
2023-12-08,MSFT,1.08,916.51,9218.75
2023-12-11,SBUX,-4.44,915.51,9178.1
2023-12-11,ORCL,2.47,917.05,9200.75
2023-12-11,CME,1.93,923.52,9218.57
2023-12-11,CB,0.3,923.52,9221.34
2023-12-12,MPC,0.96,923.52,9230.21
2023-12-14,VZ,2.08,923.02,9249.41
2023-12-18,WMB,-0.96,923.52,9240.54
2023-12-18,CME,1.86,924.94,9257.74
2023-12-19,MCK,1.14,924.94,9268.29
2023-12-22,ELV,1.3,926.83,9280.34
2023-12-22,TMUS,0.46,926.83,9284.6
2023-12-26,ADP,1.25,926.83,9296.19
2023-12-27,UNH,-0.54,926.83,9291.18
2024-01-05,ABNB,-0.72,929.12,9284.49
2024-01-08,CRWD,5.53,929.12,9335.87
2024-01-08,DASH,1.84,929.12,9352.97
2024-01-08,ADBE,-0.22,929.12,9350.92
2024-01-08,ANET,5.87,929.12,9405.46
2024-01-08,CRM,1.55,929.12,9419.86
2024-01-08,GOOGL,0.18,929.12,9421.54
2024-01-10,MCD,1.46,928.45,9435.09
2024-01-11,VLO,2.29,943.51,9456.7
2024-01-12,GD,0.09,942.15,9457.55
2024-01-12,PSX,2.37,943.51,9479.91
2024-01-12,LIN,0.45,943.51,9484.15
2024-01-17,BA,-19.64,929.12,9301.67
2024-01-18,T,0.75,945.67,9308.77
2024-01-19,USB,-0.63,948.42,9302.79
2024-01-19,WFC,1.22,948.42,9314.36
2024-01-19,CAT,2.56,930.17,9338.18
2024-01-19,PNC,2.78,930.88,9364.05
2024-01-22,COP,-3.11,943.51,9334.71
2024-01-22,C,1.16,945.67,9345.68
2024-01-23,WMB,-2.69,945.67,9320.24
2024-01-23,CVS,-1.32,948.42,9307.72
2024-01-25,DUK,0.4,934.57,9311.46
2024-01-26,MDT,1.85,930.77,9328.68
2024-01-26,SYK,0.87,930.77,9336.78
2024-01-29,MNST,-1.6,934.57,9321.82
2024-01-29,ABT,2.12,930.77,9341.56
2024-01-30,LOW,1.59,930.77,9356.36
2024-02-01,WELL,1.69,935.64,9372.17
2024-02-05,AAPL,-0.49,935.64,9367.58
2024-02-06,QCOM,-1.59,935.64,9352.71
2024-02-06,GOOG,2.25,935.64,9373.76
2024-02-06,GOOGL,2.56,935.64,9397.71
2024-02-08,USB,0.37,936.76,9401.18
2024-02-12,WMB,1.2,940.12,9412.46
2024-02-13,VZ,-2.66,939.77,9387.46
2024-02-14,CMCSA,-2.26,939.77,9366.22
2024-02-14,T,0.24,940.12,9368.48
2024-02-14,RTX,0.67,940.12,9374.78
2024-02-14,TMO,1.5,938.75,9388.86
2024-02-14,C,2.01,938.75,9407.73
2024-02-15,PG,0.17,938.75,9409.32
2024-02-15,MDT,1.05,938.75,9419.18
2024-02-20,SPGI,0.84,940.77,9427.08
2024-02-21,MU,2.2,941.92,9447.8
2024-02-22,AMGN,-3.16,939.77,9418.11
2024-02-22,AAPL,-0.02,941.92,9417.92
2024-02-22,VLO,3.22,942.71,9448.27
2024-02-22,ANET,5.31,944.78,9498.44
2024-02-22,NVDA,16.1,944.78,9650.55
2024-02-23,ADBE,0.94,941.92,9659.41
2024-02-23,FTNT,3.22,944.78,9689.83
2024-02-26,PANW,15.28,944.78,9834.19
2024-02-29,INTC,2.22,983.42,9856.02
2024-03-01,CVX,0.13,983.42,9857.3
2024-03-01,AMGN,2.07,985.6,9877.7
2024-03-04,ELV,0.75,987.77,9885.11
2024-03-06,CVS,-1.43,983.42,9871.05
2024-03-06,CB,-0.33,987.77,9867.79
2024-03-06,CRWD,10.46,988.51,9971.19
2024-03-08,BRK-B,0.3,988.51,9974.15
2024-03-11,KO,0.89,987.77,9982.94
2024-03-11,ADP,-0.58,988.51,9977.21
2024-03-11,TJX,-0.23,997.12,9974.92
2024-03-11,CME,1.48,997.42,9989.68
2024-03-12,PANW,1.81,997.12,10007.73
2024-03-12,UNP,0.56,997.12,10013.31
2024-03-14,LLY,3.29,998.97,10046.18
2024-03-15,MRK,-1.72,988.51,10029.17
2024-03-19,ICE,-1.05,998.97,10018.68
2024-03-19,STX,-5.28,1001.33,9965.81
2024-03-19,CRM,2.12,1002.92,9987.08
2024-03-20,DELL,0.67,1001.33,9993.79
2024-03-20,FTNT,-0.55,1004.62,9988.26
2024-03-20,CSX,1.27,1004.62,10001.02
2024-03-20,QCOM,1.88,998.71,10019.79
2024-03-21,MRVL,0.47,1004.62,10024.52
2024-03-25,TMUS,-0.06,998.71,10023.92
2024-03-27,EQIX,-6.29,1001.33,9960.93
2024-03-27,MRSH,0.28,1002.45,9963.74
2024-03-27,ACN,0.72,1002.45,9970.96
2024-03-27,PG,1.21,1002.39,9983.09
2024-03-28,MNST,0.02,1002.39,9983.29
2024-04-02,META,2.13,998.33,10004.55
2024-04-05,V,-0.71,998.33,9997.46
2024-04-05,ABNB,-1.28,998.33,9984.68
2024-04-05,KKR,2.79,1000.46,10012.6
2024-04-05,ELV,1.33,1000.46,10025.9
2024-04-05,ISRG,1.28,1000.46,10038.71
2024-04-05,MAR,2.2,1000.46,10060.72
2024-04-08,CVS,0.54,1000.46,10066.12
2024-04-08,TXN,0.87,1006.07,10074.87
2024-04-15,MNST,-6.59,998.33,10009.08
2024-04-18,T,-3.67,1007.49,9972.11
2024-04-18,VZ,-1.26,1007.49,9959.42
2024-04-18,BRK-B,-2.19,1007.49,9937.35
2024-04-19,ICE,-1.6,1007.49,9921.23
2024-04-19,MRK,-0.27,1007.49,9918.51
2024-04-19,UNP,-1.29,1007.49,9905.52
2024-04-22,CSX,-2.53,1007.49,9880.03
2024-04-22,BKNG,0.66,993.74,9886.58
2024-04-22,APH,1.23,990.55,9898.77
2024-04-22,KKR,1.7,990.55,9915.61
2024-04-23,FTNT,-0.19,1000.91,9913.71
2024-04-23,MU,0.17,993.74,9915.4
2024-04-23,ETN,0.96,993.74,9924.93
2024-04-23,LRCX,1.93,991.56,9944.07
2024-04-24,AMAT,3.18,991.56,9975.6
2024-04-25,NFLX,1.46,990.55,9990.07
2024-04-29,LIN,0.13,999.01,9991.36
2024-04-29,DE,1.64,999.01,10007.75
2024-05-01,PGR,2.18,1000.77,10029.56
2024-05-02,WFC,0.56,1000.77,10035.17
2024-05-02,BRK-B,0.68,1000.77,10041.97
2024-05-02,DIS,1.07,1000.77,10052.68
2024-05-03,ABBV,2.31,999.01,10075.76
2024-05-03,ICE,1.05,1000.77,10086.27
2024-05-06,PSX,1.03,1000.77,10096.58
2024-05-06,MA,-0.71,1000.77,10089.47
2024-05-06,PH,3.49,1005.27,10124.55
2024-05-06,JPM,0.48,1008.63,10129.4
2024-05-07,CME,-0.17,1002.96,10127.69
2024-05-07,LIN,2.17,1005.27,10149.51
2024-05-09,DASH,1.33,1005.27,10162.88
2024-05-14,HOOD,10.73,1016.29,10271.92
2024-05-15,GE,2.19,1016.29,10294.18
2024-05-16,ABNB,-0.2,1016.29,10292.15
2024-05-17,MPC,3.77,1029.42,10330.96
2024-05-17,COP,0.54,1029.42,10336.51
2024-05-28,DIS,-0.62,1029.42,10330.13
2024-05-28,CVX,1.04,1033.65,10340.88
2024-05-28,AMZN,0.31,1033.65,10344.09
2024-05-29,ANET,1.99,1033.65,10364.66
2024-05-30,AXP,0.45,1033.65,10369.31
2024-05-30,KO,0.14,1036.47,10370.76
2024-05-31,UNP,-0.65,1033.65,10364.04
2024-05-31,LOW,-1.89,1033.65,10344.5
2024-05-31,BLK,-1.9,1033.65,10324.86
2024-05-31,LMT,2.29,1034.41,10348.55
2024-05-31,AMGN,1.59,1034.41,10365.0
2024-05-31,ADP,0.37,1034.41,10368.83
2024-06-04,AMZN,1.34,1036.88,10382.72
2024-06-05,MSFT,1.95,1037.08,10402.94
2024-06-05,IBM,0.76,1037.08,10410.83
2024-06-05,AVGO,6.06,1036.88,10473.66
2024-06-05,LRCX,3.91,1036.88,10514.2
2024-06-05,APH,0.84,1036.88,10522.91
2024-06-06,ANET,0.86,1038.27,10531.84
2024-06-10,ETN,-0.76,1036.88,10523.96
2024-06-10,VRT,-5.3,1036.88,10469.01
2024-06-10,NEE,1.8,1053.18,10487.96
2024-06-14,APP,-0.08,1048.8,10487.13
2024-06-14,DUK,0.73,1048.8,10494.78
2024-06-17,WFC,0.58,1053.18,10500.89
2024-06-17,C,1.26,1048.8,10514.11
2024-06-17,GS,1.03,1048.8,10524.91
2024-06-17,AXP,1.37,1048.8,10539.28
2024-06-17,AMGN,0.56,1048.8,10545.15
2024-06-17,PGR,2.57,1048.8,10572.1
2024-06-20,AMD,4.32,1057.21,10617.77
2024-06-21,HWM,1.22,1049.48,10630.58
2024-06-21,SCHW,0.43,1057.21,10635.12
2024-06-24,TMO,-0.66,1057.21,10628.15
2024-06-24,JCI,1.1,1061.78,10639.83
2024-06-28,MRVL,2.84,1063.98,10670.04
2024-07-02,KKR,-0.16,1063.98,10668.34
2024-07-02,MA,0.13,1063.98,10669.72
2024-07-02,V,0.32,1063.98,10673.13
2024-07-03,PWR,-4.76,1063.98,10622.48
2024-07-03,RTX,-0.18,1063.98,10620.57
2024-07-05,MCK,0.34,1067.0,10624.2
2024-07-05,DASH,2.97,1067.31,10655.9
2024-07-05,SYK,1.28,1062.06,10669.49
2024-07-10,GD,-3.44,1063.98,10632.89
2024-07-10,CVX,0.23,1066.95,10635.34
2024-07-10,MMM,1.69,1066.95,10653.37
2024-07-11,PSX,0.41,1066.95,10657.75
2024-07-11,XOM,1.78,1066.95,10676.74
2024-07-12,DIS,-2.02,1067.0,10655.19
2024-07-12,LMT,0.04,1066.95,10655.61
2024-07-12,VLO,-0.33,1066.95,10652.09
2024-07-12,APP,3.18,1067.67,10686.04
2024-07-15,CRWD,1.57,1067.67,10702.81
2024-07-16,MCK,1.22,1067.67,10715.83
2024-07-16,ABNB,3.3,1067.67,10751.07
2024-07-19,ISRG,6.45,1075.11,10820.41
2024-07-22,NFLX,-1.1,1067.67,10808.67
2024-07-22,DELL,-4.41,1075.11,10761.25
2024-07-22,SCHW,-4.27,1075.11,10715.35
2024-07-22,META,-0.79,1075.11,10706.85
2024-07-22,AMAT,1.24,1075.11,10720.18
2024-07-23,AMZN,-3.57,1070.28,10681.98
2024-07-24,T,4.92,1068.2,10734.53
2024-07-25,VZ,1.9,1072.02,10754.9
2024-07-26,FCX,-7.52,1075.11,10674.05
2024-07-26,HD,2.33,1073.45,10699.06
2024-07-29,TMUS,-0.62,1072.02,10692.42
2024-07-29,MAR,1.15,1073.45,10704.76
2024-07-30,GOOG,1.59,1069.91,10721.77
2024-07-30,GOOGL,1.67,1069.91,10739.64
2024-07-31,WM,1.07,1075.49,10751.15
2024-07-31,DELL,1.72,1075.49,10769.65
2024-07-31,NVDA,12.51,1073.96,10904.0
2024-08-01,WMT,-0.06,1070.48,10903.36
2024-08-06,GLW,-13.3,1068.2,10761.29
2024-08-08,HOOD,-16.59,1075.49,10582.86
2024-08-08,BAC,-7.31,1070.48,10504.61
2024-08-08,NFLX,0.95,1073.96,10514.81
2024-08-08,USB,-4.26,1090.34,10468.37
2024-08-08,COF,-1.59,1090.34,10451.03
2024-08-08,WFC,-1.24,1090.34,10437.51
2024-08-08,PNC,-0.14,1090.34,10435.98
2024-08-13,PFE,-1.9,1076.13,10415.54
2024-08-14,MCK,0.67,1043.6,10422.53
2024-08-26,LMT,0.48,1042.25,10427.53
2024-08-27,BMY,0.75,1042.25,10435.35
2024-08-28,GD,1.48,1042.25,10450.77
2024-08-29,PLTR,0.19,1042.75,10452.75
2024-08-30,DASH,0.92,1045.08,10462.37
2024-09-03,PEP,2.87,1045.28,10492.37
2024-09-04,STX,2.97,1045.28,10523.41
2024-09-09,HOOD,1.2,1049.24,10536.0
2024-09-09,HWM,0.42,1049.24,10540.41
2024-09-09,SBUX,0.41,1052.34,10544.73
2024-09-09,PNC,3.04,1052.34,10576.72
2024-09-09,HD,1.22,1052.34,10589.56
2024-09-10,AMGN,2.31,1052.34,10613.86
2024-09-11,PWR,5.82,1052.34,10675.11
2024-09-11,LIN,1.51,1052.34,10691.0
2024-09-17,BRK-B,0.49,1069.1,10696.24
2024-09-19,MDT,1.22,1069.62,10709.29
2024-09-20,PANW,2.84,1069.62,10739.67
2024-09-23,CME,0.97,1073.97,10750.08
2024-09-24,PM,0.93,1070.93,10760.04
2024-09-24,UNP,1.73,1075.01,10778.64
2024-09-27,MRSH,-0.13,1073.97,10777.24
2024-09-27,GILD,1.4,1077.86,10792.33
2024-09-30,PEP,-2.94,1070.93,10760.85
2024-09-30,JNJ,-1.01,1075.01,10749.99
2024-09-30,REGN,0.2,1077.86,10752.15
2024-09-30,AMGN,2.69,1077.86,10781.14
2024-09-30,SPGI,0.66,1077.86,10788.26
2024-09-30,ADP,1.11,1079.23,10800.24
2024-10-02,LLY,1.21,1079.23,10813.29
2024-10-04,AMZN,-0.2,1080.02,10811.13
2024-10-04,UBER,1.63,1081.33,10828.76
2024-10-07,APH,0.84,1081.33,10837.84
2024-10-09,ELV,-5.48,1077.86,10778.78
2024-10-09,TJX,-2.42,1081.33,10752.61
2024-10-09,MO,-1.01,1081.33,10741.69
2024-10-10,HCA,-1.63,1081.33,10724.06
2024-10-10,DUK,2.32,1083.78,10749.2
2024-10-11,NEE,1.66,1083.78,10767.2
2024-10-11,SBUX,1.48,1074.92,10783.1
2024-10-14,VZ,-0.24,1083.78,10780.5
2024-10-17,TSLA,-8.51,1081.33,10688.48
2024-10-18,NFLX,10.79,1068.85,10803.81
2024-10-23,TXN,3.71,1080.38,10843.89
2024-10-24,CMCSA,2.46,1080.38,10870.47
2024-10-25,DELL,2.26,1084.39,10894.98
2024-10-28,MMM,-1.39,1080.38,10879.96
2024-10-28,HD,-0.04,1080.38,10879.53
2024-10-28,BRK-B,-0.14,1087.05,10878.01
2024-10-28,PFE,1.14,1089.5,10890.43
2024-10-29,WM,3.52,1080.38,10928.46
2024-10-31,VZ,1.22,1080.38,10941.64
2024-10-31,DHR,-4.34,1084.39,10894.57
2024-11-01,CSCO,0.1,1089.04,10895.66
2024-11-04,LOW,-2.55,1080.38,10868.11
2024-11-04,MCO,-1.11,1089.04,10856.03
2024-11-04,XOM,-0.54,1089.04,10850.14
2024-11-04,MNST,1.51,1089.04,10866.59
2024-11-04,MRSH,1.04,1089.46,10877.92
2024-11-05,DUK,-0.59,1092.85,10871.47
2024-11-05,GD,1.43,1089.46,10887.05
2024-11-05,VRT,4.88,1089.57,10940.22
2024-11-05,BAC,1.03,1087.79,10951.43
2024-11-06,JCI,9.45,1087.79,11054.22
2024-11-06,WFC,13.47,1087.79,11200.75
2024-11-15,JNJ,-2.04,1120.07,11177.9
2024-11-18,MDT,1.55,1120.07,11195.26
2024-11-18,TXN,2.71,1117.79,11225.55
2024-11-19,STX,0.05,1120.07,11226.11
2024-11-19,GLW,1.42,1117.79,11241.98
2024-11-20,ANET,-1.4,1120.07,11226.3
2024-11-20,META,1.76,1117.79,11245.98
2024-11-20,UNH,3.77,1124.2,11288.36
2024-11-21,GILD,1.24,1117.79,11302.22
2024-11-21,INTU,5.06,1124.2,11359.1
2024-11-21,CSX,1.93,1128.84,11380.89
2024-11-22,MA,1.32,1128.84,11395.79
2024-11-22,PNC,2.7,1128.84,11426.27
2024-11-25,AVGO,-3.56,1120.07,11386.39
2024-11-25,MCD,2.38,1138.09,11413.48
2024-12-02,AVGO,3.98,1141.35,11458.91
2024-12-04,ACN,1.82,1145.89,11479.76
2024-12-05,BAC,1.06,1147.98,11491.93
2024-12-06,JPM,0.74,1145.89,11500.41
2024-12-06,WFC,-0.04,1145.89,11499.95
2024-12-11,PWR,-0.12,1147.98,11498.57
2024-12-12,MNST,-1.84,1147.98,11477.45
2024-12-17,SO,-3.29,1147.98,11439.68
2024-12-18,CVX,-9.29,1147.98,11333.04
2024-12-18,CSX,-9.42,1147.98,11224.9
2024-12-19,TXN,-4.71,1149.19,11170.77
2024-12-20,UNH,-8.96,1150.0,11067.73
2024-12-20,BRK-B,-2.08,1149.86,11043.81
2024-12-20,NVDA,4.19,1122.49,11090.85
2024-12-23,TT,-6.31,1150.0,11018.28
2024-12-23,SPGI,-0.75,1143.97,11009.7
2024-12-23,C,2.12,1122.49,11033.5
2024-12-23,META,2.19,1109.08,11057.79
2024-12-24,HD,-4.71,1147.75,11003.73
2024-12-24,MCD,1.0,1117.08,11014.9
2024-12-24,WMT,2.28,1105.78,11040.11
2025-01-02,TT,0.92,1104.01,11050.27
2025-01-03,PWR,3.05,1104.01,11083.94
2025-01-03,CRWD,4.63,1104.01,11135.06
2025-01-03,TSLA,7.92,1105.03,11222.57
2025-01-03,MCK,1.68,1105.03,11241.14
2025-01-06,COST,-0.25,1104.01,11238.38
2025-01-07,BA,1.24,1124.11,11252.32
2025-01-08,MAR,-0.64,1105.03,11245.24
2025-01-08,DUK,1.45,1123.84,11261.54
2025-01-10,CME,1.2,1123.84,11275.03
2025-01-13,TMUS,0.21,1123.84,11277.39
2025-01-13,USB,1.83,1127.5,11298.02
2025-01-15,PANW,-4.57,1104.01,11247.57
2025-01-15,AAPL,-2.75,1105.03,11217.18
2025-01-15,NFLX,-4.02,1124.11,11171.99
2025-01-15,ORCL,-2.36,1125.23,11145.43
2025-01-15,NOW,2.59,1127.5,11174.64
2025-01-15,PLTR,4.56,1129.8,11226.15
2025-01-21,MCD,-0.19,1127.5,11224.01
2025-01-21,DIS,0.27,1129.8,11227.06
2025-01-30,ANET,13.22,1122.71,11375.48
2025-01-30,WMB,3.44,1122.71,11414.11
2025-01-30,JCI,1.19,1122.71,11427.47
2025-01-30,TSLA,0.49,1122.71,11432.97
2025-01-30,MRVL,9.67,1122.71,11541.53
2025-01-31,PWR,4.89,1122.71,11596.43
2025-02-05,BX,0.45,1159.64,11601.65
2025-02-06,CAT,0.78,1159.64,11610.7
2025-02-06,PNC,2.12,1159.64,11635.28
2025-02-10,TT,-2.25,1122.71,11610.02
2025-02-13,TSLA,1.19,1161.0,11623.84
2025-02-14,BX,-0.26,1161.0,11620.82
2025-02-14,AXP,1.21,1161.0,11634.87
2025-02-18,KKR,-6.01,1159.64,11565.17
2025-02-19,BLK,-0.87,1163.53,11555.05
2025-02-19,RTX,2.15,1163.49,11580.06
2025-02-20,BMY,0.17,1161.0,11582.04
2025-02-25,WMT,0.19,1158.2,11584.24
2025-02-25,HD,1.77,1158.2,11604.74
2025-02-26,KKR,-1.69,1158.2,11585.16
2025-02-26,DASH,3.53,1160.47,11626.13
2025-02-28,AMZN,-5.06,1158.2,11567.52
2025-02-28,BAC,2.58,1158.2,11597.41
2025-02-28,CRWD,-4.49,1158.2,11545.4
2025-02-28,JCI,0.15,1158.2,11547.14
2025-02-28,MCO,0.62,1158.2,11554.32
2025-02-28,NFLX,0.04,1160.47,11554.78
2025-03-04,IBM,-1.33,1162.61,11539.32
2025-03-06,DE,5.04,1153.93,11597.48
2025-03-07,AAPL,0.45,1162.61,11602.71
2025-03-11,WMB,0.75,1160.27,11611.41
2025-03-12,CRWD,3.68,1160.27,11654.11
2025-03-12,COF,-1.87,1160.27,11632.41
2025-03-13,PGR,0.59,1161.14,11639.27
2025-03-14,C,-5.23,1153.93,11578.91
2025-03-14,AXP,-3.07,1160.27,11543.29
2025-03-14,BNY,2.32,1163.93,11570.3
2025-03-17,MAR,-5.83,1159.75,11502.68
2025-03-17,SBUX,-6.36,1159.75,11428.92
2025-03-17,FTNT,-5.26,1159.75,11367.92
2025-03-17,MRSH,1.05,1163.24,11380.14
2025-03-17,PG,0.53,1163.24,11386.3
2025-03-24,ABT,0.09,1157.03,11387.34
2025-03-25,GILD,-3.49,1157.03,11346.96
2025-03-26,SO,1.22,1134.7,11360.8
2025-03-27,DUK,1.05,1134.7,11372.72
2025-03-28,ABBV,-2.15,1138.73,11348.24
2025-03-31,MDT,-0.03,1138.63,11347.89
2025-03-31,AMGN,1.23,1134.7,11361.85
2025-03-31,SYK,2.06,1134.82,11385.23
2025-04-01,JCI,1.85,1134.82,11406.22
2025-04-02,MMM,1.72,1134.82,11425.74
2025-04-02,GLW,1.9,1140.62,11447.41
2025-04-09,BA,-4.67,1140.62,11394.15
2025-04-09,VRTX,-0.55,1144.74,11387.85
2025-04-09,CSCO,1.13,1144.74,11400.79
2025-04-09,CVX,-6.76,1144.74,11323.4
2025-04-09,ABT,1.79,1144.74,11343.89
2025-04-09,HWM,13.73,1144.74,11501.07
2025-04-10,ICE,-9.8,1140.62,11389.28
2025-04-21,BMY,-11.8,1144.74,11254.21
2025-04-22,ADP,2.52,1125.42,11282.57
2025-04-24,PGR,2.72,1125.42,11313.18
2025-04-24,CVS,1.89,1125.42,11334.45
2025-05-12,GILD,5.77,1133.44,11399.85
2025-05-13,FTNT,7.18,1133.44,11481.23
2025-05-14,WMT,0.69,1148.12,11489.15
2025-05-15,WM,0.79,1139.98,11498.16
2025-05-15,SO,-0.76,1139.98,11489.49
2025-05-15,MO,1.65,1139.98,11508.3
2025-05-15,PM,2.31,1139.98,11534.64
2025-05-15,VZ,1.65,1148.12,11553.58
2025-05-15,KO,3.54,1148.12,11594.22
2025-05-16,CVS,3.06,1148.12,11629.36
2025-05-16,BRK-B,1.87,1148.92,11650.84
2025-05-27,COF,2.77,1165.08,11683.11
2025-05-27,WFC,0.79,1165.08,11692.32
2025-05-27,MS,2.82,1165.08,11725.17
2025-05-27,AXP,2.41,1165.08,11753.25
2025-05-27,MAR,2.04,1165.08,11777.02
2025-05-27,PWR,3.18,1165.08,11814.07
2025-05-27,ISRG,1.09,1165.08,11826.77
2025-05-27,SYK,1.15,1165.08,11840.17
2025-06-02,DE,0.57,1184.02,11846.92
2025-06-05,UBER,0.93,1184.69,11857.93
2025-06-09,BRK-B,0.17,1184.69,11859.95
2025-06-11,ICE,0.57,1185.99,11866.71
2025-06-12,CME,-1.04,1185.79,11854.38
2025-06-12,WM,1.05,1185.99,11866.83
2025-06-13,PGR,-1.58,1185.99,11848.09
2025-06-16,TT,0.87,1185.99,11858.41
2025-06-18,WMT,-1.04,1186.67,11846.07
2025-06-20,SPGI,-0.63,1186.68,11838.59
2025-06-20,TJX,-0.63,1184.81,11831.13
2025-06-23,MCD,-6.1,1185.79,11758.79
2025-06-23,ADP,-2.43,1185.99,11729.97
2025-06-23,ISRG,-2.4,1185.99,11701.51
2025-06-23,VZ,-0.63,1185.84,11694.04
2025-06-23,PGR,2.02,1184.61,11717.97
2025-06-23,EQIX,0.5,1183.11,11723.88
2025-06-24,MA,-1.1,1184.81,11710.85
2025-06-24,LIN,1.3,1183.11,11726.23
2025-06-24,CDNS,0.8,1172.39,11735.61
2025-06-27,DE,1.0,1173.56,11747.35
2025-07-02,MO,1.47,1174.73,11764.61
2025-07-16,INTU,0.08,1176.46,11765.56
2025-07-16,WMT,0.49,1176.46,11771.32
2025-07-17,MNST,-1.11,1176.46,11758.26
2025-07-18,IBM,0.5,1176.46,11764.14
2025-07-18,LIN,0.67,1176.46,11772.03
2025-07-18,CRWD,0.87,1177.13,11782.27
2025-07-21,T,-1.17,1176.46,11768.5
2025-07-21,USB,-0.1,1176.46,11767.33
2025-07-23,CVS,-3.78,1176.46,11722.86
2025-07-23,SPGI,1.22,1176.73,11737.21
2025-07-25,MMM,1.02,1173.72,11749.18
2025-07-28,ADI,-2.31,1176.73,11722.0
2025-07-29,TXN,-11.11,1176.73,11591.27
2025-07-29,PM,0.74,1173.72,11599.95
2025-07-29,KO,1.59,1172.2,11618.59
2025-08-04,DIS,-0.1,1161.86,11617.43
2025-08-06,IBM,-3.46,1173.72,11576.82
2025-08-06,PNC,-2.37,1161.86,11549.28
2025-08-08,TT,-0.61,1161.86,11542.19
2025-08-08,WFC,-3.18,1161.86,11505.25
2025-08-08,BAC,-2.97,1161.86,11470.74
2025-08-12,V,-2.66,1161.86,11439.83
2025-08-12,RTX,0.11,1147.07,11441.1
2025-08-13,FTNT,-22.3,1161.86,11182.0
2025-08-13,MPC,1.68,1147.07,11201.27
2025-08-14,MCK,1.29,1154.93,11216.17
2025-08-14,CAT,1.89,1147.07,11237.85
2025-08-15,INTU,1.21,1147.07,11251.73
2025-08-19,WELL,0.03,1120.13,11252.07
2025-08-19,WMT,0.99,1125.17,11263.21
2025-08-20,WMB,-1.46,1154.93,11246.34
2025-08-20,ICE,-1.09,1144.11,11233.87
2025-08-21,CSCO,0.94,1125.17,11244.45
2025-08-21,HWM,0.87,1125.17,11254.24
2025-08-22,KKR,1.73,1126.32,11273.72
2025-08-22,BX,3.37,1123.39,11311.58
2025-08-22,GS,3.32,1125.42,11348.95
2025-08-22,META,1.82,1125.42,11369.43
2025-08-25,AVGO,-0.53,1126.32,11363.46
2025-08-26,PLTR,1.68,1126.32,11382.38
2025-08-26,AMD,0.56,1123.39,11388.67
2025-08-26,VRT,2.03,1136.35,11411.74
2025-08-27,MSFT,-0.73,1126.32,11403.52
2025-08-28,INTU,0.54,1136.94,11409.66
2025-08-29,CSX,-5.91,1136.94,11342.46
2025-08-29,MNST,-0.12,1136.35,11341.1
2025-09-03,CME,1.19,1134.11,11354.6
2025-09-05,GILD,0.49,1136.35,11360.16
2025-09-08,MCO,1.53,1134.11,11377.52
2025-09-08,BLK,-0.72,1134.11,11369.35
2025-09-08,ADI,1.51,1135.46,11386.5
2025-09-09,NVDA,-0.31,1134.11,11382.98
2025-09-10,NEE,-3.41,1140.35,11344.09
2025-09-11,ICE,0.32,1134.11,11347.72
2025-09-11,V,-0.22,1136.02,11345.22
2025-09-11,MO,0.6,1138.65,11352.06
2025-09-11,RTX,1.92,1138.65,11373.92
2025-09-11,JNJ,1.24,1134.41,11387.98
2025-09-12,AAPL,2.91,1134.41,11421.0
2025-09-16,TXN,-11.4,1134.11,11291.71
2025-09-17,MCD,-0.62,1134.41,11284.67
2025-09-18,BA,-2.27,1138.8,11258.82
2025-09-18,PH,2.03,1128.47,11281.73
2025-09-24,DIS,0.75,1128.17,11290.19
2025-09-25,GD,0.25,1128.17,11293.01
2025-09-26,HD,-0.76,1128.17,11284.44
2025-09-29,AMZN,0.36,1128.17,11288.5
2025-09-29,MA,-0.15,1129.3,11286.81
2025-10-01,AVGO,-1.89,1128.17,11265.48
2025-10-03,LOW,-7.41,1128.17,11181.89
2025-10-06,COF,0.3,1128.68,11185.27
2025-10-06,AXP,0.74,1126.55,11193.61
2025-10-08,KKR,-9.88,1129.02,11082.06
2025-10-08,T,-7.61,1129.02,10996.14
2025-10-08,BX,-9.07,1129.02,10893.74
2025-10-08,META,-2.55,1128.68,10864.96
2025-10-08,CME,0.8,1119.36,10873.91
2025-10-14,HD,-2.64,1126.55,10844.17
2025-10-14,LOW,-0.68,1119.36,10836.56
2025-10-14,BAC,0.2,1087.39,10838.74
2025-10-14,PSX,-0.65,1087.39,10831.67
2025-10-14,USB,-0.09,1087.39,10830.69
2025-10-14,WELL,-0.18,1087.39,10828.73
2025-10-14,BX,1.77,1087.39,10847.98
2025-10-15,APP,2.31,1119.36,10873.84
2025-10-15,IBM,1.37,1084.8,10888.7
2025-10-17,ABBV,1.18,1088.87,10901.55
2025-10-17,MRK,0.74,1088.87,10909.61
2025-10-20,LMT,2.26,1088.87,10934.21
2025-10-20,NFLX,4.34,1088.87,10981.47
2025-10-20,HOOD,4.23,1090.96,11027.62
2025-10-23,APP,6.41,1102.76,11098.31
2025-10-24,MRVL,3.5,1102.76,11136.9
2025-10-24,BLK,0.73,1109.83,11145.0
2025-10-30,WMB,-2.52,1109.83,11117.04
2025-10-30,SO,0.94,1114.5,11127.51
2025-10-30,JNJ,0.83,1114.5,11136.76
2025-10-31,GILD,1.32,1114.5,11151.47
2025-11-04,WMT,-1.17,1114.5,11138.43
2025-11-05,MO,-8.06,1114.5,11048.61
2025-11-05,CVS,2.13,1113.68,11072.33
2025-11-06,DUK,-0.53,1114.5,11066.42
2025-11-07,MDT,-1.87,1114.5,11045.58
2025-11-07,INTC,2.67,1113.84,11075.32
2025-11-10,MSFT,-0.53,1107.23,11069.45
2025-11-10,PANW,2.15,1106.64,11093.24
2025-11-12,BA,-2.59,1113.68,11064.4
2025-11-13,ORCL,-15.61,1113.68,10890.55
2025-11-14,DASH,-14.04,1113.84,10734.17
2025-11-19,ANET,-11.42,1107.23,10607.72
2025-11-19,APH,2.97,1073.42,10639.6
2025-11-19,USB,2.63,1073.42,10667.84
2025-11-21,TT,-3.04,1109.32,10634.11
2025-11-21,INTC,-3.17,1073.42,10600.08
2025-11-21,COF,3.11,1073.42,10633.47
2025-11-21,CSX,1.48,1066.78,10649.26
2025-11-24,CDNS,-2.49,1073.42,10622.53
2025-11-24,JCI,-2.18,1073.42,10599.13
2025-11-24,RTX,1.78,1064.93,10618.08
2025-11-26,AMD,-4.46,1066.78,10570.51
2025-11-26,PANW,-7.58,1066.78,10489.64
2025-11-28,CVX,1.45,1061.81,10505.04
2025-11-28,XOM,0.93,1061.81,10514.91
2025-12-08,CVS,1.74,1051.49,10533.21
2025-12-09,HCA,0.06,1051.49,10533.84
2025-12-10,MCK,-2.3,1051.49,10509.66
2025-12-10,REGN,0.05,1051.49,10510.18
2025-12-10,JNJ,1.71,1051.49,10528.16
2025-12-10,TMO,-0.55,1051.49,10522.38
2025-12-10,GILD,1.36,1053.38,10536.71
2025-12-11,HWM,0.52,1051.49,10542.17
2025-12-11,LLY,-0.8,1051.49,10533.76
2025-12-11,MAR,2.7,1053.32,10562.2
2025-12-15,WELL,-0.61,1053.67,10555.77
2025-12-15,ISRG,1.92,1056.22,10576.05
2025-12-18,APH,0.18,1056.22,10577.95
2025-12-19,HOOD,1.25,1056.22,10591.16
2025-12-19,AMD,0.96,1056.22,10601.3
2025-12-19,NVDA,3.11,1056.22,10634.15
2025-12-19,AVGO,-0.14,1057.61,10632.66
2025-12-19,INTC,-2.14,1057.61,10610.03
2025-12-19,CRWD,-1.57,1057.61,10593.43
2025-12-22,CDNS,-0.57,1057.61,10587.4
2025-12-22,BLK,2.34,1059.34,10612.19
2025-12-29,WMT,-0.36,1061.22,10608.37
2025-12-30,PEP,-2.27,1061.22,10584.28
2025-12-30,MDT,0.23,1060.84,10586.72
2026-01-02,GLW,3.25,1058.67,10621.12
2026-01-05,KKR,2.73,1059.34,10650.04
2026-01-05,TSLA,-2.03,1060.84,10628.51
2026-01-05,HOOD,6.45,1058.67,10696.79
2026-01-06,PLTR,-0.92,1058.67,10687.05
2026-01-06,ISRG,4.38,1058.67,10733.42
2026-01-06,MA,1.36,1058.67,10747.82
2026-01-06,VRTX,4.06,1069.68,10791.25
2026-01-07,GILD,1.96,1062.11,10812.07
2026-01-07,MNST,0.33,1069.68,10815.6
2026-01-07,ABBV,5.71,1069.68,10876.68
2026-01-09,AVGO,3.46,1087.67,10914.31
2026-01-13,CSCO,-1.8,1058.67,10895.25
2026-01-13,JCI,0.42,1087.67,10899.82
2026-01-13,AMD,8.46,1091.43,10992.16
2026-01-15,C,4.19,1099.22,11038.21
2026-01-21,MRVL,1.35,1099.22,11053.05
2026-01-21,REGN,0.7,1103.82,11060.78
2026-01-21,VRTX,4.76,1103.82,11113.32
2026-01-22,BAC,-0.36,1099.22,11109.37
2026-01-22,WFC,-1.66,1099.22,11091.12
2026-01-26,ISRG,-3.58,1099.22,11051.77
2026-01-28,JPM,-3.56,1099.22,11012.63
2026-01-28,QCOM,-7.92,1099.22,10925.58
2026-01-29,WMT,0.42,1092.56,10930.17
2026-01-30,TJX,-0.48,1105.18,10924.86
2026-02-02,COST,1.46,1093.02,10940.82
2026-02-03,HWM,1.88,1093.02,10961.37
2026-02-04,BA,-2.63,1092.56,10932.63
2026-02-04,SBUX,5.16,1092.49,10989.01
2026-02-06,NVDA,2.51,1096.14,11016.52
2026-02-06,AVGO,3.63,1096.14,11056.31
2026-02-06,KLAC,10.08,1098.9,11167.08
2026-02-09,AMD,-9.06,1092.49,11068.1
2026-02-09,BLK,0.62,1096.14,11074.89
2026-02-09,TSLA,4.76,1098.9,11127.2
2026-02-10,DHR,-0.24,1093.02,11124.58
2026-02-11,TMO,-13.6,1092.56,10975.99
2026-02-18,TMO,0.43,1097.6,10980.71
2026-02-18,PNC,1.03,1097.6,10992.02
2026-02-18,WFC,2.33,1097.6,11017.59
2026-02-18,BAC,1.3,1097.6,11031.86
2026-02-18,GD,2.26,1097.6,11056.66
2026-02-19,CSCO,4.45,1097.6,11105.51
2026-02-20,GOOG,-2.84,1116.71,11073.79
2026-02-20,GOOGL,-2.74,1116.71,11043.19
2026-02-24,PFE,0.74,1110.55,11051.41
2026-02-24,INTC,4.26,1104.32,11098.46
2026-02-24,ETN,3.16,1104.32,11133.35
2026-02-24,TSLA,2.09,1104.32,11156.43
2026-02-25,ANET,3.98,1104.32,11200.39
2026-02-26,WM,2.24,1120.04,11225.47
2026-02-27,GILD,0.59,1115.64,11232.06
2026-02-27,RTX,3.09,1120.04,11266.67
2026-03-05,APH,0.5,1126.67,11272.3
2026-03-09,STX,4.37,1126.67,11321.53
2026-03-09,MU,2.24,1126.67,11346.77
2026-03-10,TXN,-6.19,1126.67,11277.03
2026-03-10,SLB,-1.27,1126.67,11262.72
2026-03-10,LRCX,-1.12,1126.67,11250.1
2026-03-10,MNST,-3.2,1126.67,11214.05
2026-03-11,MMM,-4.2,1126.67,11166.73
2026-03-16,PLD,-3.04,1127.23,11132.46
2026-03-16,BMY,0.99,1116.67,11143.52
2026-03-17,USB,-1.36,1134.68,11128.09
2026-03-17,GS,2.18,1116.67,11152.43
2026-03-18,HWM,1.89,1116.67,11173.53
2026-03-23,LOW,-6.68,1134.68,11097.74
2026-03-23,DE,-0.9,1114.35,11087.71
2026-03-24,CVS,-2.99,1115.24,11054.36
2026-03-25,ABBV,-5.99,1116.67,10987.47
2026-03-25,NEM,-7.66,1116.67,10901.94
2026-03-25,AMGN,-2.29,1115.24,10876.4
2026-03-25,LMT,-2.21,1115.24,10851.75
2026-03-25,LLY,-0.49,1117.35,10846.28
2026-03-25,LIN,2.69,1108.77,10876.1
2026-03-30,CME,0.94,1087.61,10886.33
2026-03-31,RTX,-1.29,1108.77,10872.02
2026-03-31,GOOGL,2.06,1087.61,10894.43
2026-03-31,KLAC,6.2,1088.63,10961.92
2026-03-31,PH,3.62,1088.63,11001.33
2026-03-31,MNST,1.3,1088.63,11015.48
2026-04-01,MU,-7.26,1105.44,10935.23
2026-04-01,LRCX,10.74,1088.63,11052.15
2026-04-01,AMAT,9.19,1088.63,11152.19
2026-04-15,PSX,-4.2,1115.22,11105.35
2026-04-16,VZ,-4.16,1115.22,11058.96
2026-04-16,T,-2.76,1115.22,11028.18
2026-04-16,XOM,-0.65,1115.22,11020.93
2026-04-16,COP,-1.1,1115.22,11008.66
2026-04-17,NEE,0.43,1115.22,11013.46
2026-04-17,LLY,2.13,1110.54,11037.11
2026-04-23,SO,-1.07,1110.54,11025.23
2026-04-23,DUK,-0.25,1110.54,11022.46
2026-04-23,JNJ,-0.32,1103.71,11018.92
2026-04-28,MCK,-1.16,1103.71,11006.12
2026-04-28,BAC,0.06,1101.89,11006.78
2026-04-29,CME,-0.43,1103.71,11002.04
2026-04-30,LMT,-12.83,1103.71,10860.43
2026-04-30,GILD,-4.0,1103.71,10816.28
2026-04-30,RTX,-6.23,1103.71,10747.52
2026-04-30,MAR,0.64,1100.68,10754.56
2026-05-04,REGN,3.03,1100.2,10787.9
2026-05-05,FCX,-1.21,1100.68,10774.58
2026-05-06,PH,-1.04,1075.46,10763.4
2026-05-11,SLB,3.34,1076.34,10799.35
2026-05-12,ANET,-3.37,1076.34,10763.07
2026-05-12,SO,0.83,1076.34,10772.01
2026-05-12,CB,-0.06,1076.34,10771.36
2026-05-12,COP,3.07,1076.34,10804.41
2026-05-12,DUK,0.42,1076.34,10808.93
2026-05-12,CVX,2.08,1076.34,10831.31
2026-05-14,APH,-5.79,1077.46,10768.93
2026-05-18,USB,1.05,1083.13,10780.3
2026-05-18,ABNB,0.7,1083.13,10787.88
2026-05-19,PEP,0.34,1079.93,10791.56
2026-05-20,CDNS,0.75,1076.89,10799.63
2026-05-20,C,3.74,1079.16,10839.99
2026-05-20,HWM,2.9,1079.16,10871.29
2026-05-21,NEM,-0.97,1076.89,10860.84
2026-05-21,PH,0.43,1078.79,10865.48
2026-05-21,STX,9.1,1078.79,10963.65
2026-05-21,FCX,5.85,1079.16,11026.78
2026-05-22,VRT,1.2,1079.16,11039.73
2026-05-22,PWR,1.6,1087.13,11057.13
2026-05-22,UNH,1.05,1087.13,11068.54
2026-05-26,ADI,5.2,1087.13,11125.07
2026-05-26,GOOG,1.14,1106.85,11137.69
2026-05-28,DE,1.14,1102.68,11150.26
2026-05-28,CVS,2.17,1113.77,11174.43
2026-06-01,XOM,-0.59,1113.77,11167.86
2026-06-01,COP,-1.15,1113.77,11155.05
2026-06-03,WMT,-3.97,1102.68,11111.27
2026-06-03,PM,-3.38,1113.77,11073.63
2026-06-03,CB,-1.4,1117.44,11057.98
2026-06-03,PWR,3.8,1115.5,11100.37
2026-06-04,COST,-3.35,1113.77,11063.06
2026-06-04,INTC,1.94,1115.5,11084.7
2026-06-04,PFE,1.08,1110.04,11096.69
2026-06-05,CME,-7.52,1117.44,11012.66
2026-06-05,HWM,1.02,1110.04,11023.98
2026-06-08,SBUX,-8.34,1106.85,10931.67
2026-06-09,VZ,1.73,1109.67,10950.87
2026-06-11,PANW,7.0,1095.09,11027.52
2026-06-11,VRT,2.59,1095.09,11055.89
2026-06-11,CRWD,6.93,1095.09,11131.78
2026-06-11,PWR,4.67,1095.09,11182.92
2026-06-12,EQIX,1.39,1095.09,11198.14
2026-06-15,AMZN,-1.9,1110.04,11177.05
2026-06-15,AAPL,1.72,1095.09,11195.88
2026-06-22,MPC,1.5,1119.59,11212.68
2026-06-23,IBM,-3.02,1095.09,11179.6
2026-06-23,PSX,1.6,1119.59,11197.52
2026-06-23,ELV,1.4,1119.59,11213.19
2026-06-23,BMY,2.53,1119.59,11241.52
2026-06-23,JNJ,4.38,1119.59,11290.56
2026-06-26,CDNS,2.15,1129.06,11314.83
2026-06-29,GOOG,4.66,1131.48,11367.56
2026-06-29,GOOGL,4.52,1131.48,11418.7
2026-06-30,FCX,1.4,1129.06,11434.51
2026-06-30,AAPL,4.86,1129.06,11489.38
2026-07-01,CSCO,2.55,1131.48,11518.23
2026-07-02,SLB,-10.63,1119.59,11399.22
2026-07-02,COP,-3.09,1119.59,11364.62
2026-07-02,TJX,-0.9,1129.06,11354.46
2026-07-02,MAR,-0.81,1141.87,11345.21
2026-07-02,PLD,2.62,1148.94,11375.32
2026-07-02,MS,2.04,1148.94,11398.75
2026-07-06,QCOM,5.5,1139.88,11461.45
2026-07-07,EQIX,-2.17,1148.94,11436.52
2026-07-09,FCX,4.97,1143.65,11493.36
2026-07-14,GOOGL,1.69,1149.34,11512.78
2026-07-15,PM,2.5,1151.28,11541.56
2026-07-15,DE,0.57,1151.28,11548.12
2026-07-16,VRTX,0.9,1149.34,11558.47
2026-07-16,ABBV,4.37,1151.28,11608.78
2026-07-16,AMGN,4.3,1151.28,11658.28
2026-07-17,LLY,2.01,1151.28,11681.42
2026-07-17,JNJ,2.14,1154.81,11706.14
2026-07-20,GD,1.06,1154.81,11718.38
2026-07-21,ELV,5.22,1165.83,11779.23
2026-07-21,WDC,17.18,1165.83,11979.52
2026-07-21,CAT,1.35,1165.83,11995.26
2026-07-21,QCOM,1.39,1165.83,12011.47
2026-07-21,VRT,4.86,1170.61,12068.36
2026-07-21,GLW,4.74,1170.61,12123.85
2026-07-22,SLB,2.46,1171.84,12152.67
2026-07-27,CDNS,-7.44,1165.83,12065.94
2026-07-27,ABNB,4.56,1215.27,12121.35
2026-07-27,MCO,2.61,1215.27,12153.07
2026-07-29,FTNT,-1.48,1215.27,12135.08
2026-07-30,CRWD,-2.0,1215.27,12110.78
2026-07-30,PANW,-0.28,1215.27,12107.38
2026-07-30,AXP,-1.27,1215.27,12091.94
2026-07-30,LRCX,1.8,1215.31,12113.82
2026-07-30,APH,10.8,1215.31,12245.07
2026-07-30,WDC,14.7,1215.31,12423.72
2026-07-31,BNY,2.21,1213.51,12450.54
2026-08-03,VRT,-2.72,1215.31,12417.48
2026-08-05,WELL,0.39,1242.37,12422.33
2026-08-05,LIN,2.35,1245.05,12451.59
2026-08-05,LLY,4.03,1241.75,12501.63
2026-08-06,WM,0.88,1242.37,12512.56
2026-08-06,AAPL,0.83,1245.05,12522.9
2026-08-06,XOM,1.82,1250.16,12545.65
2026-08-07,DUK,0.16,1241.75,12547.64
2026-08-07,ABBV,0.08,1241.75,12548.63
2026-08-11,NEE,-1.66,1245.05,12527.96
2026-08-13,CVS,-4.47,1250.16,12472.08
2026-08-18,CB,0.27,1252.8,12475.46
2026-08-19,PGR,4.47,1252.8,12531.46
2026-08-19,AMZN,1.43,1247.21,12549.3
2026-08-19,MRSH,2.41,1247.21,12579.36
2026-08-20,DE,5.17,1247.55,12643.85
2026-08-24,BRK-B,0.92,1247.21,12655.33
2026-08-24,MS,2.9,1264.39,12691.99
2026-08-25,PH,-0.98,1257.94,12679.67
2026-08-25,DELL,2.89,1257.94,12716.02
2026-08-25,USB,-0.95,1257.94,12704.07
2026-08-26,HWM,2.0,1269.2,12729.45
2026-08-27,AVGO,-5.76,1247.21,12657.62
2026-08-27,CRWD,12.76,1257.94,12818.13
2026-08-27,PANW,6.12,1257.94,12895.11
2026-08-27,TXN,2.64,1269.2,12928.62
2026-08-31,XOM,1.44,1272.95,12946.95
2026-09-01,REGN,3.43,1292.86,12991.3
