trade_zeile,symbol,entry_time,exit_time,pnl_pct,allocation,capital_after
0,NEM,2016-10-28,2016-11-11,-3.3,1000.0,9967.0
1,VRTX,2016-12-27,2017-05-08,52.73,996.7,10426.89
2,AMD,2017-01-19,2017-05-30,13.52,996.7,10561.64
3,STX,2017-01-24,2017-06-02,16.71,996.7,10728.19
4,FCX,2017-03-13,2017-03-14,-3.3,996.7,9934.11
5,NEM,2017-03-22,2017-03-28,-3.3,993.41,9901.33
6,HWM,2017-07-06,2017-11-10,5.97,1072.82,10686.38
7,MU,2017-08-08,2017-08-10,-3.3,1072.82,10692.79
8,STX,2017-08-11,2017-08-18,-3.3,1069.28,10657.5
9,GE,2017-10-23,2017-10-25,-3.3,1065.75,10622.33
10,MCK,2017-11-08,2017-11-13,-3.3,1062.23,10651.32
12,AMGN,2018-02-12,2018-03-28,-3.3,1065.13,10545.88
11,ISRG,2018-02-12,2018-06-21,21.93,1065.13,10537.22
13,GE,2018-02-12,2018-02-26,-3.3,1065.13,10581.02
14,WELL,2018-02-15,2018-02-22,-3.3,1065.13,10616.17
15,EQIX,2018-03-06,2018-07-13,13.6,1058.1,10612.35
16,PG,2018-03-29,2018-04-19,-3.3,1054.59,10406.9
17,LOW,2018-04-04,2018-04-09,-3.3,1054.59,10476.27
18,KLAC,2018-04-05,2018-04-06,-3.3,1054.59,10511.07
19,NFLX,2018-04-05,2018-08-13,15.8,1054.59,10778.98
21,MRVL,2018-04-10,2018-04-20,-3.3,1047.63,10372.33
20,AMD,2018-04-10,2018-04-25,-3.3,1047.63,10337.76
22,ANET,2018-04-11,2018-04-13,-3.3,1047.63,10441.7
23,WFC,2018-04-20,2018-08-28,13.76,1037.23,10851.66
24,MMM,2018-05-08,2018-06-25,-3.3,1033.78,10503.11
25,BMY,2018-05-14,2018-06-04,-3.3,1033.78,10303.64
26,MNST,2018-05-21,2018-09-27,16.55,1033.78,10951.71
27,HWM,2018-06-27,2018-11-02,25.19,1050.31,11001.55
28,LRCX,2018-06-29,2018-07-03,-3.3,1050.31,10468.45
29,AVGO,2018-07-19,2018-08-15,-3.3,1061.24,10708.94
30,PM,2018-07-20,2018-08-13,-3.3,1061.24,10743.96
31,SCHW,2018-08-27,2018-09-06,-3.3,1070.89,10816.32
32,TSLA,2018-09-06,2018-09-07,-3.3,1081.63,10780.63
33,WDC,2018-09-13,2018-10-09,-3.3,1078.06,10916.14
34,AMD,2018-10-09,2018-10-10,-3.3,1091.61,10880.12
35,LRCX,2018-10-12,2018-10-24,-3.3,1088.01,10808.31
36,KLAC,2018-10-17,2018-10-19,-3.3,1088.01,10844.21
37,STX,2018-10-24,2018-10-26,-3.3,1080.83,10772.64
38,GOOG,2018-10-25,2018-10-26,-3.3,1080.83,10736.97
40,BAC,2018-10-29,2018-12-06,-3.3,1073.7,10715.42
42,PNC,2018-10-29,2018-12-14,-3.3,1073.7,10609.08
39,SPGI,2018-10-29,2018-12-10,-3.3,1073.7,10644.51
41,FCX,2018-10-29,2018-11-26,-3.3,1073.7,10750.85
44,PSX,2018-10-30,2018-11-02,-3.3,1073.7,10966.11
43,MU,2018-10-30,2018-11-20,-3.3,1073.7,10858.42
45,MCO,2018-10-31,2018-12-17,-3.3,1073.7,10573.65
47,EQIX,2018-11-02,2018-11-15,-3.3,1096.61,10929.93
48,WDC,2018-11-14,2018-11-20,-3.3,1096.61,10822.24
49,TXN,2018-11-15,2018-11-19,-3.3,1092.99,10893.86
51,WMB,2018-11-19,2018-11-20,-3.3,1089.39,10786.29
52,REGN,2018-11-23,2019-04-05,19.67,1078.63,10611.46
54,NVDA,2018-11-26,2018-12-07,-3.3,1075.09,10679.94
53,ANET,2018-11-26,2018-12-17,-3.3,1075.09,10538.17
55,AAPL,2018-12-11,2018-12-17,-3.3,1064.45,10503.04
57,MS,2018-12-26,2019-05-07,20.15,1050.3,11410.43
56,NOW,2018-12-26,2019-05-07,55.92,1050.3,11198.79
58,VRTX,2018-12-26,2018-12-27,-3.3,1050.3,10468.38
60,WDC,2018-12-27,2019-01-03,-3.3,1046.84,10433.84
59,VLO,2018-12-27,2019-05-08,11.32,1046.84,11528.93
61,MCK,2018-12-28,2019-05-09,22.39,1046.84,11763.31
62,HWM,2019-01-02,2019-01-03,-3.3,1046.84,10399.29
63,TMO,2019-01-04,2019-05-15,18.4,1039.93,11919.64
65,APH,2019-01-07,2019-05-16,19.14,1039.93,12332.08
64,ANET,2019-01-07,2019-05-16,20.52,1039.93,12133.04
66,TSLA,2019-05-02,2019-05-10,-3.3,1061.15,11728.3
67,REGN,2019-05-16,2019-05-20,-3.3,1233.21,12291.38
68,WDC,2019-06-04,2019-06-05,-3.3,1229.14,12250.82
70,FCX,2019-06-04,2019-06-05,-3.3,1229.14,12210.26
71,FTNT,2019-06-04,2019-10-10,6.78,1229.14,11910.59
69,ADI,2019-06-04,2019-10-10,7.64,1229.14,11827.25
72,PSX,2019-06-05,2019-10-11,26.43,1221.03,12233.31
73,COP,2019-06-11,2019-08-02,-3.3,1221.03,12089.38
74,QCOM,2019-06-18,2019-08-01,-3.3,1221.03,12129.67
75,NVDA,2019-06-18,2019-08-15,-3.3,1221.03,12049.09
76,DELL,2019-06-19,2019-06-27,-3.3,1221.03,12169.97
77,DELL,2019-08-16,2019-08-23,-3.3,1204.91,11969.56
78,COP,2019-08-19,2019-08-22,-3.3,1204.91,12009.32
79,WMB,2019-08-21,2019-08-23,-3.3,1204.91,11929.8
81,SLB,2019-08-29,2019-10-08,-3.3,1192.98,11733.35
80,CAT,2019-08-29,2020-01-08,26.08,1192.98,12423.59
82,UBER,2019-09-04,2019-09-24,-3.3,1192.98,11772.72
83,PANW,2019-09-05,2019-09-10,-3.3,1192.98,11890.43
84,CRWD,2019-09-12,2019-09-13,-3.3,1189.04,11851.19
85,ELV,2019-09-16,2019-09-23,-3.3,1185.12,11812.08
87,WDC,2019-10-11,2019-10-31,-3.3,1223.33,12192.94
86,UBER,2019-10-11,2019-11-05,-3.3,1223.33,12152.57
88,CRWD,2019-12-18,2019-12-20,-3.3,1215.26,12112.46
89,MPC,2020-01-31,2020-02-03,-3.3,1242.36,12382.59
90,UPS,2020-02-12,2020-02-24,-3.3,1238.26,12341.73
91,XOM,2020-03-02,2020-03-03,-3.3,1234.17,12301.0
92,MU,2020-03-02,2020-03-03,-3.3,1234.17,12260.28
93,UBER,2020-03-03,2020-03-05,-3.3,1226.03,12219.82
94,BNY,2020-03-04,2020-03-05,-3.3,1226.03,12179.36
95,BKNG,2020-03-10,2020-03-11,-3.3,1217.94,12139.17
96,MS,2020-03-10,2020-03-11,-3.3,1217.94,12098.97
97,GLW,2020-03-10,2020-03-11,-3.3,1217.94,12058.78
98,META,2020-03-10,2020-03-11,-3.3,1217.94,12018.59
99,COF,2020-03-10,2020-03-11,-3.3,1217.94,11978.4
100,AXP,2020-03-10,2020-03-11,-3.3,1217.94,11938.21
101,PSX,2020-03-10,2020-03-11,-3.3,1217.94,11898.02
102,MRK,2020-03-10,2020-03-11,-3.3,1217.94,11857.82
108,DIS,2020-03-11,2020-03-12,-3.3,1185.78,11818.69
116,BAC,2020-03-13,2020-03-16,-3.3,1181.87,11506.68
115,MPC,2020-03-13,2020-03-16,-3.3,1181.87,11545.68
114,WFC,2020-03-13,2020-03-16,-3.3,1181.87,11584.68
113,HCA,2020-03-13,2020-03-16,-3.3,1181.87,11623.68
111,MAR,2020-03-13,2020-03-16,-3.3,1181.87,11701.69
110,LIN,2020-03-13,2020-03-16,-3.3,1181.87,11740.69
109,GS,2020-03-13,2020-03-16,-3.3,1181.87,11779.69
112,MCO,2020-03-13,2020-03-16,-3.3,1181.87,11662.69
129,KO,2020-03-17,2020-03-18,-3.3,1150.67,11468.71
130,SO,2020-03-17,2020-03-18,-3.3,1150.67,11430.73
131,APH,2020-03-17,2020-03-18,-3.3,1150.67,11392.76
132,DUK,2020-03-17,2020-03-18,-3.3,1150.67,11354.79
133,CSX,2020-03-17,2020-03-18,-3.3,1150.67,11316.82
134,PLD,2020-03-17,2020-03-18,-3.3,1150.67,11278.85
135,CRWD,2020-03-18,2020-07-27,167.89,1127.88,12658.34
141,WELL,2020-03-19,2020-03-23,-3.3,1127.88,11018.31
139,AVGO,2020-03-19,2020-03-23,-3.3,1127.88,11055.53
138,DHR,2020-03-19,2020-03-23,-3.3,1127.88,11092.75
142,XOM,2020-03-19,2020-03-20,-3.3,1127.88,11167.19
140,CRM,2020-03-19,2020-03-20,-3.3,1127.88,11204.41
137,HWM,2020-03-19,2020-03-20,-3.3,1127.88,11241.63
136,VLO,2020-03-19,2020-03-23,-3.3,1127.88,11129.97
148,BKNG,2020-03-20,2020-03-23,-3.3,1116.72,10981.45
149,CME,2020-03-20,2020-03-23,-3.3,1116.72,10944.6
150,WDC,2020-03-20,2020-07-29,38.11,1116.72,13083.92
152,TJX,2020-03-24,2020-07-31,26.38,1094.46,13703.16
153,LMT,2020-03-24,2020-07-31,31.67,1094.46,14049.78
151,GD,2020-03-24,2020-07-31,30.2,1094.46,13414.45
155,AMAT,2020-03-24,2020-03-25,-3.3,1094.46,10872.37
156,MAR,2020-03-24,2020-03-27,-3.3,1094.46,10836.25
154,C,2020-03-24,2020-03-25,-3.3,1094.46,10908.48
169,BAC,2020-04-06,2020-05-13,-3.3,1083.63,10764.73
168,ACN,2020-04-06,2020-08-13,40.4,1083.63,14452.04
170,WELL,2020-04-22,2020-04-24,-3.3,1083.63,10800.49
171,WELL,2020-05-15,2020-09-23,30.88,1076.47,14784.45
172,VLO,2020-07-10,2020-08-06,-3.3,1076.47,14014.26
175,KLAC,2020-09-18,2021-01-28,62.99,1445.2,15309.56
176,LRCX,2020-09-21,2021-01-29,54.35,1445.2,16095.02
177,REGN,2020-09-22,2020-09-25,-3.3,1445.2,14736.76
178,AMAT,2020-09-22,2021-02-01,75.05,1445.2,17179.65
179,HCA,2020-09-25,2021-02-04,48.76,1473.68,17898.21
182,SLB,2020-10-05,2020-10-07,-3.3,1473.68,14688.13
180,GD,2020-10-05,2020-10-21,-3.3,1473.68,14639.5
181,CVX,2020-10-05,2020-10-26,-3.3,1473.68,14590.87
183,CRWD,2020-11-02,2020-11-10,-3.3,1459.09,14542.72
184,REGN,2020-12-14,2020-12-16,-3.3,1454.27,14494.73
185,NEM,2020-12-17,2020-12-22,-3.3,1449.47,14446.9
186,CRM,2020-12-22,2020-12-28,-3.3,1444.69,14399.22
187,SLB,2021-02-02,2021-06-11,56.05,1717.96,18450.98
188,QCOM,2021-02-24,2021-02-25,-3.3,1789.82,17839.15
189,DASH,2021-03-01,2021-03-02,-3.3,1783.91,17780.28
190,NEE,2021-03-08,2021-07-15,8.68,1778.03,18605.32
191,AAPL,2021-03-09,2021-07-16,20.8,1778.03,18975.15
192,TMO,2021-03-26,2021-06-03,-3.3,1778.03,17546.16
193,FCX,2021-03-31,2021-07-19,-3.3,1778.03,18916.47
194,CRM,2021-04-01,2021-05-11,-3.3,1778.03,17721.61
195,ABNB,2021-05-14,2021-05-17,-3.3,1772.16,17663.12
196,TSLA,2021-05-18,2021-05-19,-3.3,1766.31,17604.84
197,MU,2021-05-20,2021-06-09,-3.3,1760.48,17488.06
198,SLB,2021-07-20,2021-08-19,-3.3,1891.65,18729.2
199,APP,2021-07-20,2021-08-06,-3.3,1891.65,18791.62
200,GLW,2021-07-21,2021-07-27,-3.3,1891.65,18854.05
201,PSX,2021-08-23,2021-09-09,-3.3,1872.92,18667.39
202,UNP,2021-10-04,2022-02-10,18.08,1866.74,18039.77
203,PLTR,2021-10-13,2021-11-10,-3.3,1866.74,18605.79
204,CAT,2021-10-15,2021-11-30,-3.3,1866.74,18544.19
205,SLB,2021-11-29,2021-11-30,-3.3,1860.58,18482.79
206,HOOD,2021-11-30,2021-12-01,-3.3,1848.28,18421.8
207,UBER,2021-12-02,2021-12-03,-3.3,1842.18,18361.0
208,CRWD,2021-12-02,2021-12-03,-3.3,1842.18,18300.21
209,HOOD,2021-12-20,2021-12-28,-3.3,1830.02,18239.82
210,MDT,2021-12-21,2022-05-02,1.77,1830.02,17197.58
211,DIS,2021-12-23,2022-01-14,-3.3,1830.02,18119.04
212,CRM,2021-12-27,2022-01-03,-3.3,1830.02,18179.43
213,UBER,2022-01-25,2022-01-28,-3.3,1811.9,18059.25
217,ADI,2022-01-31,2022-02-04,-3.3,1805.92,17880.46
219,PWR,2022-01-31,2022-02-07,-3.3,1805.92,17820.86
214,SPGI,2022-01-31,2022-02-08,-3.3,1805.92,17702.26
215,ANET,2022-01-31,2022-02-04,-3.3,1805.92,17999.65
216,BLK,2022-01-31,2022-02-04,-3.3,1805.92,17940.06
218,MU,2022-01-31,2022-03-07,-3.3,1805.92,17627.29
228,DASH,2022-02-04,2022-02-07,-3.3,1788.05,17761.86
227,MRVL,2022-02-04,2022-02-11,-3.3,1788.05,17980.76
229,AMZN,2022-02-04,2022-02-11,-3.3,1788.05,17921.76
230,WDC,2022-02-09,2022-02-14,-3.3,1770.23,17863.34
231,JCI,2022-02-25,2022-03-01,-3.3,1786.33,17804.39
232,QCOM,2022-02-25,2022-03-01,-3.3,1786.33,17745.44
233,PFE,2022-03-02,2022-07-12,9.69,1774.54,15629.7
234,KKR,2022-03-02,2022-03-03,-3.3,1774.54,17686.88
235,APP,2022-03-11,2022-03-14,-3.3,1762.73,17569.12
236,COF,2022-03-14,2022-04-04,-3.3,1756.91,17395.18
237,AMD,2022-03-15,2022-04-05,-3.3,1756.91,17337.21
239,GLW,2022-03-16,2022-04-01,-3.3,1756.91,17453.16
238,DIS,2022-03-16,2022-04-06,-3.3,1756.91,17279.23
240,STX,2022-03-29,2022-03-30,-3.3,1756.91,17511.14
241,MRVL,2022-04-19,2022-04-21,-3.3,1727.92,17222.21
242,NOW,2022-04-20,2022-04-21,-3.3,1727.92,17165.18
243,NFLX,2022-04-29,2022-05-06,-3.3,1716.52,16858.29
244,DASH,2022-05-03,2022-05-04,-3.3,1719.76,17140.82
246,APP,2022-05-03,2022-05-04,-3.3,1719.76,17084.07
245,BA,2022-05-03,2022-05-06,-3.3,1719.76,16801.54
247,CRM,2022-05-04,2022-05-05,-3.3,1708.41,17027.69
248,FCX,2022-05-04,2022-05-05,-3.3,1708.41,16971.32
249,INTU,2022-05-04,2022-05-05,-3.3,1708.41,16914.94
250,JCI,2022-05-11,2022-05-12,-3.3,1680.15,16746.1
252,CDNS,2022-05-13,2022-05-18,-3.3,1674.61,16469.79
257,TT,2022-05-13,2022-05-18,-3.3,1674.61,16414.52
253,PANW,2022-05-13,2022-05-16,-3.3,1674.61,16690.84
256,NOW,2022-05-13,2022-05-16,-3.3,1674.61,16580.31
254,UBER,2022-05-13,2022-05-16,-3.3,1674.61,16635.57
251,AMZN,2022-05-13,2022-05-18,-3.3,1674.61,16525.05
255,FCX,2022-05-13,2022-06-17,-3.3,1674.61,15769.3
259,ABNB,2022-05-17,2022-05-18,-3.3,1658.03,16359.81
260,TJX,2022-05-18,2022-05-20,-3.3,1635.98,16305.82
262,PLTR,2022-05-19,2022-05-20,-3.3,1635.98,16251.83
261,CRWD,2022-05-19,2022-05-24,-3.3,1635.98,16197.85
265,ACN,2022-05-23,2022-05-24,-3.3,1625.18,16090.59
266,MA,2022-05-23,2022-05-24,-3.3,1625.18,16036.95
264,PNC,2022-05-23,2022-06-13,-3.3,1625.18,15930.4
263,DIS,2022-05-23,2022-05-24,-3.3,1625.18,16144.22
268,MAR,2022-05-25,2022-06-13,-3.3,1603.7,15877.48
269,TSLA,2022-05-25,2022-06-14,-3.3,1603.7,15824.56
267,CME,2022-05-25,2022-09-20,-3.3,1603.7,15218.45
270,COST,2022-06-09,2022-06-10,-3.3,1603.7,15984.03
271,HOOD,2022-06-17,2022-10-26,53.8,1576.93,15565.67
272,ISRG,2022-06-21,2022-09-23,-3.3,1576.93,15115.51
273,LRCX,2022-06-24,2022-06-29,-3.3,1576.93,15717.26
274,STX,2022-06-24,2022-06-29,-3.3,1576.93,15665.22
275,VLO,2022-06-24,2022-07-05,-3.3,1576.93,15613.18
276,COP,2022-06-24,2022-07-05,-3.3,1576.93,15561.14
280,HCA,2022-07-01,2022-07-05,-3.3,1566.52,15457.75
279,SYK,2022-07-01,2022-07-05,-3.3,1566.52,15509.45
281,MMM,2022-07-12,2022-07-14,-3.3,1562.97,15578.13
282,DELL,2022-07-15,2022-08-26,-3.3,1557.81,15475.31
283,NOW,2022-07-20,2022-07-21,-3.3,1557.81,15526.72
284,FTNT,2022-08-23,2022-08-29,-3.3,1552.67,15424.07
285,APP,2022-09-02,2022-09-16,-3.3,1542.41,15322.27
286,TSLA,2022-09-07,2022-09-23,-3.3,1542.41,15064.61
287,MRVL,2022-09-07,2022-09-16,-3.3,1542.41,15271.37
288,PLTR,2022-09-08,2022-09-22,-3.3,1542.41,15167.55
289,WDC,2022-09-08,2022-09-13,-3.3,1542.41,15373.17
295,MRVL,2022-09-30,2022-10-10,-3.3,1506.46,14766.99
296,UBER,2022-09-30,2022-10-11,-3.3,1506.46,14717.28
294,DASH,2022-09-30,2022-10-03,-3.3,1506.46,15014.9
297,INTC,2022-10-03,2022-10-07,-3.3,1501.49,14965.35
298,LRCX,2022-10-03,2022-10-07,-3.3,1501.49,14915.8
299,CMCSA,2022-10-03,2022-10-07,-3.3,1501.49,14866.25
301,AMAT,2022-10-03,2022-10-07,-3.3,1501.49,14816.7
300,BA,2022-10-03,2023-02-10,68.59,1501.49,16393.86
306,GE,2022-10-13,2023-02-23,56.23,1471.73,17221.41
307,ORCL,2022-10-13,2023-02-23,36.07,1471.73,17752.26
308,SPGI,2022-10-14,2023-02-24,20.1,1471.73,18048.08
311,DIS,2022-10-14,2022-11-09,-3.3,1471.73,15517.1
310,WELL,2022-10-14,2023-02-24,30.31,1471.73,18836.63
309,MCO,2022-10-14,2023-02-24,23.27,1471.73,18390.55
329,ABNB,2022-11-10,2022-11-17,-3.3,1551.71,15465.89
330,CRWD,2022-12-08,2022-12-16,-3.3,1546.59,15414.85
331,COP,2022-12-21,2022-12-22,-3.3,1541.49,15363.99
332,CRM,2022-12-29,2023-05-10,54.26,1536.4,19360.91
333,AAPL,2023-01-09,2023-05-18,34.59,1536.4,19769.26
340,GOOG,2023-03-03,2023-03-10,-3.3,1883.66,18774.47
339,NEE,2023-03-03,2023-07-10,-3.3,1883.66,19447.22
341,AMGN,2023-03-13,2023-05-17,-3.3,1877.45,19237.82
342,ISRG,2023-03-14,2023-07-24,37.22,1877.45,20081.19
343,PNC,2023-03-17,2023-03-24,-3.3,1877.45,18712.51
344,SLB,2023-03-20,2023-03-24,-3.3,1877.45,18650.56
345,KKR,2023-03-21,2023-03-24,-3.3,1877.45,18588.6
346,COP,2023-03-27,2023-08-04,18.39,1858.86,20423.04
347,GS,2023-03-27,2023-08-04,11.44,1858.86,20635.69
348,STX,2023-03-29,2023-04-19,-3.3,1858.86,18527.26
353,ADP,2023-04-27,2023-05-11,-3.3,1852.73,19299.77
355,COF,2023-05-15,2023-09-22,10.56,1929.98,20635.65
356,ADBE,2023-05-17,2023-09-26,41.67,1923.78,21437.29
357,MPC,2023-05-19,2023-05-30,-3.3,1976.93,19638.78
358,ANET,2023-05-19,2023-05-24,-3.3,1976.93,19704.02
360,T,2023-06-06,2023-07-14,-3.3,1963.88,19382.41
361,VLO,2023-06-07,2023-06-21,-3.3,1963.88,19573.97
362,NEM,2023-07-03,2023-07-06,-3.3,1957.4,19509.38
364,PLTR,2023-08-14,2023-08-16,-3.3,2063.57,20567.59
366,PANW,2023-08-21,2023-08-22,-3.3,2056.76,20499.72
365,MRVL,2023-08-21,2023-08-24,-3.3,2056.76,20431.85
367,USB,2023-10-06,2023-10-20,-3.3,2143.73,21366.55
368,RTX,2023-10-09,2024-02-16,25.31,2143.73,21698.3
369,MMM,2023-10-24,2023-10-27,-3.3,2136.65,21296.04
370,BA,2023-10-31,2024-03-12,-1.68,2129.6,21662.52
371,DHR,2023-10-31,2024-03-12,31.65,2129.6,22336.54
372,TMO,2023-10-31,2024-03-12,34.07,2129.6,23062.09
374,TSLA,2023-11-01,2024-01-25,-3.3,2129.6,21225.76
373,PLD,2023-11-01,2024-03-13,31.77,2129.6,23738.67
375,SPGI,2023-11-02,2024-03-14,12.83,2129.6,24011.9
376,MDT,2023-11-13,2024-03-25,17.11,2129.6,24376.27
381,HOOD,2024-01-29,2024-01-30,-3.3,2122.58,21155.72
382,MU,2024-04-26,2024-05-01,-3.3,2437.63,24295.83
383,AMD,2024-04-26,2024-05-01,-3.3,2437.63,24215.39
384,DASH,2024-04-26,2024-05-01,-3.3,2437.63,24134.95
385,MCD,2024-05-01,2024-05-08,-3.3,2413.49,24055.3
386,ACN,2024-06-06,2024-06-13,-3.3,2405.53,23975.92
387,CRM,2024-06-20,2024-08-05,-3.3,2397.59,23817.68
388,MU,2024-07-31,2024-08-01,-3.3,2397.59,23896.8
389,HOOD,2024-08-06,2024-08-08,-3.3,2381.77,23739.08
390,ABNB,2024-08-08,2024-12-16,15.02,2373.91,23939.22
391,DELL,2024-08-08,2024-08-09,-3.3,2373.91,23660.74
392,UPS,2024-08-15,2024-12-23,-0.01,2366.07,23938.99
393,REGN,2024-11-01,2024-11-06,-3.3,2366.07,23582.66
394,UBER,2024-12-18,2025-05-01,31.81,2393.92,22564.03
395,BX,2025-01-14,2025-02-11,-3.3,2393.9,23701.99
396,STX,2025-01-14,2025-03-06,-3.3,2393.9,23232.42
397,PEP,2025-01-17,2025-02-04,-3.3,2393.9,23780.99
398,NVDA,2025-01-31,2025-02-03,-3.3,2393.9,23859.99
399,CMCSA,2025-02-06,2025-04-07,-3.3,2378.1,22020.04
400,XOM,2025-02-06,2025-03-05,-3.3,2378.1,23311.42
401,AMD,2025-02-11,2025-02-25,-3.3,2370.2,23623.77
403,TSLA,2025-03-03,2025-03-04,-3.3,2362.38,23467.86
402,APP,2025-03-03,2025-03-04,-3.3,2362.38,23545.81
404,PLTR,2025-03-03,2025-03-04,-3.3,2362.38,23389.9
405,NOW,2025-03-05,2025-03-06,-3.3,2331.14,23155.49
406,MRVL,2025-03-05,2025-03-06,-3.3,2331.14,23078.57
407,ANET,2025-03-05,2025-03-06,-3.3,2331.14,23001.64
408,TSLA,2025-03-05,2025-03-06,-3.3,2331.14,22924.71
409,AVGO,2025-03-07,2025-03-10,-3.3,2292.47,22849.06
410,NVDA,2025-03-12,2025-03-27,-3.3,2284.91,22547.95
413,ORCL,2025-03-12,2025-03-13,-3.3,2284.91,22698.26
411,APH,2025-03-12,2025-04-04,-3.3,2284.91,22173.92
412,CRM,2025-03-12,2025-03-13,-3.3,2284.91,22773.66
414,INTC,2025-03-12,2025-04-04,-3.3,2284.91,22098.52
415,KKR,2025-03-14,2025-04-03,-3.3,2269.83,22473.05
416,HOOD,2025-03-14,2025-04-03,-3.3,2269.83,22398.14
417,NOW,2025-03-14,2025-03-20,-3.3,2269.83,22623.35
422,COF,2025-04-02,2025-04-03,-3.3,2254.79,22249.32
421,WDC,2025-04-02,2025-04-03,-3.3,2254.79,22323.73
426,STX,2025-04-07,2025-04-08,-3.3,2202.0,21947.38
427,WMT,2025-04-08,2025-08-18,23.41,2194.74,23005.39
428,AVGO,2025-04-08,2025-08-18,96.12,2194.74,25114.98
429,DIS,2025-04-08,2025-08-18,42.93,2194.74,26057.18
430,CSX,2025-04-08,2025-08-18,35.1,2194.74,26827.53
431,LLY,2025-04-10,2025-08-07,-3.3,2194.74,22491.61
433,AMD,2025-04-11,2025-04-16,-3.3,2194.74,21874.95
432,AAPL,2025-04-11,2025-04-21,-3.3,2194.74,21802.52
443,MU,2025-08-05,2025-12-11,136.84,2256.4,29227.23
444,CMCSA,2025-08-13,2025-09-18,-3.3,2249.16,26576.24
445,NOW,2025-08-28,2025-09-02,-3.3,2682.75,26739.0
446,CRWD,2025-08-29,2025-09-02,-3.3,2682.75,26650.47
447,ADBE,2025-09-05,2025-10-10,-3.3,2665.05,26488.3
448,FTNT,2025-09-05,2025-11-06,-3.3,2665.05,26400.35
449,AMAT,2025-09-05,2026-01-14,85.56,2665.05,31325.01
450,UPS,2025-09-17,2026-01-27,29.26,2665.05,32104.81
451,ACN,2025-09-26,2026-02-05,-2.56,2657.62,31635.64
452,VRTX,2025-09-29,2026-02-06,20.6,2657.62,32183.11
454,DASH,2025-11-17,2025-11-19,-3.3,2640.04,26313.23
453,ORCL,2025-11-17,2025-11-20,-3.3,2640.04,26226.11
455,BX,2025-11-21,2026-02-03,-3.3,2622.61,31914.89
456,META,2025-11-24,2026-03-20,-3.3,2622.61,30844.33
457,CRM,2025-11-25,2025-11-26,-3.3,2622.61,26139.56
458,ETN,2025-12-04,2025-12-16,-3.3,2613.96,29140.96
459,INTC,2025-12-29,2026-05-08,240.27,2914.1,37337.54
460,ADP,2026-01-08,2026-01-13,-3.3,2914.1,29044.8
461,NFLX,2026-01-23,2026-01-29,-3.3,3132.5,32001.43
462,MRSH,2026-01-29,2026-02-09,-3.3,3200.14,32077.51
463,NOW,2026-01-30,2026-02-03,-3.3,3200.14,31809.28
464,ADBE,2026-02-02,2026-02-03,-3.3,3200.14,31703.68
467,INTU,2026-02-05,2026-02-10,-3.3,3163.56,31973.11
466,CRM,2026-02-05,2026-02-11,-3.3,3163.56,31868.71
468,HOOD,2026-02-06,2026-02-11,-3.3,3218.31,31762.51
469,DASH,2026-02-10,2026-02-11,-3.3,3197.31,31657.0
470,PANW,2026-02-13,2026-02-17,-3.3,3165.7,31552.53
471,KKR,2026-02-17,2026-02-19,-3.3,3155.25,31448.41
472,BKNG,2026-02-18,2026-02-19,-3.3,3155.25,31344.28
474,UBER,2026-02-18,2026-02-23,-3.3,3155.25,31240.16
473,AMZN,2026-02-18,2026-06-29,16.96,3155.25,37179.81
475,AMD,2026-02-20,2026-03-02,-3.3,3134.43,31136.72
476,MSFT,2026-02-25,2026-03-19,-3.3,3124.02,30930.88
477,IBM,2026-03-03,2026-03-27,-3.3,3113.67,30741.58
478,GLW,2026-03-16,2026-03-17,-3.3,3113.67,31033.97
479,BLK,2026-03-17,2026-03-27,-3.3,3103.4,30639.17
482,ELV,2026-03-25,2026-03-27,-3.3,3084.43,30537.38
481,NEM,2026-03-25,2026-06-09,-3.3,3084.43,37011.76
480,AXP,2026-03-25,2026-08-04,15.86,3084.43,37669.0
483,GE,2026-03-31,2026-04-22,-3.3,3053.74,30436.61
484,HD,2026-04-08,2026-04-29,-3.3,3053.74,30335.84
485,CRM,2026-04-13,2026-05-13,-3.3,3053.74,37236.76
486,AMGN,2026-05-12,2026-05-18,-3.3,3733.75,37113.55
488,ANET,2026-05-21,2026-09-01,27.07,3711.36,39262.74
487,BKNG,2026-05-21,2026-09-01,22.56,3711.36,38258.07
489,REGN,2026-06-03,2026-06-18,-3.3,3711.36,36767.15
490,MCK,2026-06-05,2026-06-18,-3.3,3711.36,36644.68
491,NOW,2026-06-15,2026-06-17,-3.3,3701.18,36889.62
492,ABT,2026-06-17,2026-09-01,23.66,3688.96,40135.55
493,ADBE,2026-06-23,2026-09-01,44.6,3664.47,41769.9
495,ICE,2026-07-01,2026-09-01,25.64,3717.98,44391.08
494,ACN,2026-07-01,2026-09-01,44.86,3717.98,43437.79
496,CME,2026-07-01,2026-09-01,23.7,3717.98,45272.24
508,QCOM,2026-08-04,2026-08-05,-3.3,3766.9,37544.69
509,WDC,2026-08-11,2026-08-24,-3.3,3754.47,37420.79
