entry_time,direction,entry_price,exit_time,exit_price,result,pnl_pct_gross,pnl_pct,fib_score,symbol
2021-09-07 08:00:00,long,2.534,2021-09-07 10:00:00,2.6510559999999996,take_profit,4.62,4.32,0.33,ADAUSDT
2021-09-07 15:00:00,long,21.0,2021-09-07 16:00:00,23.1948,take_profit,10.45,10.15,0.66,UNIUSDT
2021-09-07 15:00:00,long,23.79,2021-09-07 16:00:00,26.74944,take_profit,12.44,12.14,0.67,LINKUSDT
2021-09-07 18:00:00,long,0.08286,2021-09-08 04:00:00,0.08862076,take_profit,6.95,6.65,0.33,TRXUSDT
2021-09-07 18:00:00,long,0.2403,2021-09-08 00:00:00,0.2590856,take_profit,7.82,7.52,0.34,DOGEUSDT
2021-09-10 21:00:00,long,124.8,2021-09-11 00:00:00,129.02439999999999,take_profit,3.38,3.08,0.33,ZECUSDT
2021-09-10 21:00:00,long,304.9,2021-09-10 22:00:00,315.7088,take_profit,3.55,3.25,0.67,AAVEUSDT
2021-09-13 08:00:00,long,7.9,2021-09-13 11:00:00,8.3484,take_profit,5.68,5.38,0.33,NEARUSDT
2021-09-14 18:00:00,long,150.85,2021-09-14 19:00:00,156.5494,take_profit,3.78,3.48,0.33,SOLUSDT
2021-09-17 13:00:00,long,354.5,2021-09-17 17:00:00,369.486,take_profit,4.23,3.93,0.33,AAVEUSDT
2021-09-17 18:00:00,long,138.54,2021-09-17 19:00:00,143.5078,take_profit,3.59,3.29,0.67,SOLUSDT
2021-09-20 12:00:00,long,130.26,2021-09-20 13:00:00,139.98556,take_profit,7.47,7.17,0.66,SOLUSDT
2021-09-20 12:00:00,long,0.08902,2021-09-21 00:00:00,0.0872396,stop_loss,-2.0,-2.3,0.33,TRXUSDT
2021-09-20 19:00:00,long,0.205,2021-09-21 00:00:00,0.2009,stop_loss,-2.0,-2.3,0.33,DOGEUSDT
2021-09-20 19:00:00,long,2.026,2021-09-21 00:00:00,1.9854799999999997,stop_loss,-2.0,-2.3,0.34,ADAUSDT
2021-09-20 19:00:00,long,0.9023,2021-09-21 00:00:00,0.884254,stop_loss,-2.0,-2.3,0.67,XRPUSDT
2021-09-21 00:00:00,long,22.15,2021-09-21 07:00:00,23.875159999999997,take_profit,7.79,7.49,0.33,LINKUSDT
2021-09-21 00:00:00,long,2807.18,2021-09-21 02:00:00,3012.2876,take_profit,7.31,7.01,0.67,ETHUSDT
2021-09-21 00:00:00,long,19.4,2021-09-21 02:00:00,21.052,take_profit,8.52,8.22,0.67,UNIUSDT
2021-09-21 00:00:00,long,274.2,2021-09-21 02:00:00,296.69079999999997,take_profit,8.2,7.9,0.33,AAVEUSDT
2021-09-21 00:00:00,long,344.0,2021-09-21 01:00:00,361.936,take_profit,5.21,4.91,0.33,BNBUSDT
2021-09-24 13:00:00,long,7.414,2021-09-24 14:00:00,7.887416,take_profit,6.39,6.09,0.66,NEARUSDT
2021-09-26 07:00:00,long,6.598,2021-09-26 09:00:00,7.001324,take_profit,6.11,5.81,0.67,NEARUSDT
2021-09-28 00:00:00,long,22.15,2021-09-28 02:00:00,23.06568,take_profit,4.13,3.83,0.66,UNIUSDT
2021-10-27 19:00:00,long,1.904,2021-10-28 08:00:00,1.9969839999999999,take_profit,4.88,4.58,0.34,ADAUSDT
2021-10-30 22:00:00,long,0.258,2021-10-30 23:00:00,0.2674164,take_profit,3.65,3.35,0.33,DOGEUSDT
2021-11-01 04:00:00,long,301.9,2021-11-01 07:00:00,313.1808,take_profit,3.74,3.44,0.33,AAVEUSDT
2021-11-16 10:00:00,long,163.0,2021-11-16 14:00:00,174.8708,take_profit,7.28,6.98,0.34,ZECUSDT
2021-11-16 10:00:00,long,28.0,2021-11-16 11:00:00,29.593,take_profit,5.69,5.39,0.33,LINKUSDT
2021-11-17 03:00:00,long,1.0588,2021-11-17 10:00:00,1.1049616,take_profit,4.36,4.06,0.33,XRPUSDT
2021-11-18 17:00:00,long,515.6,2021-11-18 18:00:00,535.0464000000001,take_profit,3.77,3.47,0.33,BNBUSDT
2021-11-19 02:00:00,long,0.2155,2021-11-19 05:00:00,0.2225328,take_profit,3.26,2.96,0.33,DOGEUSDT
2021-11-22 13:00:00,long,204.5,2021-11-22 14:00:00,212.3116,take_profit,3.82,3.52,0.34,ZECUSDT
2021-11-26 12:00:00,long,225.4,2021-11-26 20:00:00,237.7192,take_profit,5.47,5.17,0.33,AAVEUSDT
2021-11-26 12:00:00,long,8.021,2021-11-28 01:00:00,8.563328,take_profit,6.76,6.46,0.33,NEARUSDT
2021-11-28 02:00:00,long,0.8825,2021-11-28 07:00:00,0.927576,take_profit,5.11,4.81,0.33,XRPUSDT
2021-11-28 18:00:00,long,0.1907,2021-11-28 21:00:00,0.2011076,take_profit,5.46,5.16,0.33,DOGEUSDT
2021-11-28 18:00:00,long,18.47,2021-11-28 19:00:00,19.383319999999998,take_profit,4.94,4.64,0.33,UNIUSDT
2021-12-04 05:00:00,long,42000.3,2021-12-04 06:00:00,46053.99884,take_profit,9.65,9.35,0.33,BTCUSDT
2021-12-04 05:00:00,long,15.32,2021-12-04 06:00:00,18.05288,take_profit,17.84,17.54,0.67,LINKUSDT
2021-12-04 05:00:00,long,489.2,2021-12-04 06:00:00,527.1016,take_profit,7.75,7.45,0.34,BNBUSDT
2021-12-04 05:00:00,long,0.131,2021-12-04 06:00:00,0.15313680000000002,take_profit,16.9,16.6,0.33,DOGEUSDT
2021-12-04 07:00:00,long,185.04,2021-12-04 14:00:00,197.86187999999999,take_profit,6.93,6.63,0.33,SOLUSDT
2021-12-04 11:00:00,long,1.312,2021-12-04 16:00:00,1.417728,take_profit,8.06,7.76,0.33,ADAUSDT
2021-12-06 07:00:00,long,15.51,2021-12-06 08:00:00,16.00796,take_profit,3.21,2.91,0.33,UNIUSDT
2021-12-13 20:00:00,long,8.902,2021-12-14 07:00:00,9.600088,take_profit,7.84,7.54,0.33,NEARUSDT
2021-12-14 18:00:00,long,14.26,2021-12-14 20:00:00,14.845279999999999,take_profit,4.1,3.8,0.33,UNIUSDT
2021-12-14 18:00:00,long,143.5,2021-12-14 21:00:00,150.462,take_profit,4.85,4.55,0.33,ZECUSDT
2021-12-14 18:00:00,long,1.212,2021-12-14 20:00:00,1.259908,take_profit,3.95,3.65,0.33,ADAUSDT
2021-12-30 00:00:00,long,0.1651,2021-12-30 07:00:00,0.1723216,take_profit,4.37,4.07,0.33,DOGEUSDT
2021-12-30 00:00:00,long,0.802,2021-12-30 12:00:00,0.8526692,take_profit,6.32,6.02,0.33,XRPUSDT
2022-01-05 22:00:00,long,214.9,2022-01-05 23:00:00,227.78560000000002,take_profit,6.0,5.7,1.0,AAVEUSDT
2022-01-06 09:00:00,long,0.7377,2022-01-06 16:00:00,0.768144,take_profit,4.13,3.83,0.33,XRPUSDT
2022-01-06 10:00:00,long,145.98,2022-01-06 18:00:00,153.8978,take_profit,5.42,5.12,0.34,SOLUSDT
2022-01-06 12:00:00,long,1.186,2022-01-06 13:00:00,1.23438,take_profit,4.08,3.78,1.0,ADAUSDT
2022-01-07 07:00:00,long,15.26,2022-01-07 08:00:00,15.76268,take_profit,3.29,2.99,0.66,UNIUSDT
2022-01-07 15:00:00,long,3064.42,2022-01-07 16:00:00,3182.55216,take_profit,3.85,3.55,0.34,ETHUSDT
2022-01-07 15:00:00,long,40610.0,2022-01-09 19:00:00,42351.68,take_profit,4.29,3.99,0.33,BTCUSDT
2022-01-09 10:00:00,long,13.103,2022-01-09 17:00:00,13.798492,take_profit,5.31,5.01,0.34,NEARUSDT
2022-01-10 17:00:00,long,1.091,2022-01-10 18:00:00,1.123804,take_profit,3.01,2.71,0.33,ADAUSDT
2022-01-17 21:00:00,long,0.1656,2022-01-18 00:00:00,0.1730104,take_profit,4.47,4.17,0.66,DOGEUSDT
2022-01-20 00:00:00,long,124.7,2022-01-20 07:00:00,129.0188,take_profit,3.46,3.16,0.33,ZECUSDT
2022-01-21 12:00:00,long,0.147,2022-01-21 13:00:00,0.15233359999999999,take_profit,3.63,3.33,0.33,DOGEUSDT
2022-01-21 12:00:00,long,178.1,2022-01-21 15:00:00,188.4368,take_profit,5.8,5.5,0.33,AAVEUSDT
2022-01-21 21:00:00,long,0.6112,2022-01-22 01:00:00,0.6533968,take_profit,6.9,6.6,1.0,XRPUSDT
2022-01-21 23:00:00,long,2403.0,2022-01-22 10:00:00,2354.94,stop_loss,-2.0,-2.3,0.33,ETHUSDT
2022-01-22 07:00:00,long,11.21,2022-01-22 09:00:00,10.985800000000001,stop_loss,-2.0,-2.3,0.33,UNIUSDT
2022-01-22 07:00:00,long,15.16,2022-01-22 09:00:00,14.8568,stop_loss,-2.0,-2.3,0.66,LINKUSDT
2022-01-22 07:00:00,long,98.26,2022-01-22 09:00:00,96.29480000000001,stop_loss,-2.0,-2.3,0.33,SOLUSDT
2022-01-22 10:00:00,long,82.8,2022-01-22 11:00:00,90.4464,take_profit,9.23,8.93,0.33,ZECUSDT
2022-01-22 16:00:00,long,141.8,2022-01-23 05:00:00,153.4348,take_profit,8.21,7.91,0.33,AAVEUSDT
2022-01-22 18:00:00,long,0.05487,2022-01-24 09:00:00,0.053772600000000004,stop_loss,-2.0,-2.3,0.33,TRXUSDT
2022-01-24 10:00:00,long,81.71,2022-01-24 11:00:00,87.16395999999999,take_profit,6.67,6.37,0.33,SOLUSDT
2022-01-24 15:00:00,long,9.817,2022-01-24 16:00:00,10.378208,take_profit,5.72,5.42,0.33,NEARUSDT
2022-01-24 15:00:00,long,338.5,2022-01-24 16:00:00,350.418,take_profit,3.52,3.22,0.33,BNBUSDT
2022-02-03 10:00:00,long,94.0,2022-02-03 14:00:00,98.3188,take_profit,4.59,4.29,0.33,SOLUSDT
2022-02-09 05:00:00,long,109.4,2022-02-09 10:00:00,112.35708000000001,take_profit,2.7,2.4,0.33,SOLUSDT
2022-02-12 06:00:00,long,0.7465,2022-02-12 15:00:00,0.782136,take_profit,4.77,4.47,0.33,XRPUSDT
2022-02-12 06:00:00,long,113.3,2022-02-12 09:00:00,117.4772,take_profit,3.69,3.39,0.33,ZECUSDT
2022-02-12 06:00:00,long,160.0,2022-02-12 16:00:00,166.018,take_profit,3.76,3.46,0.66,AAVEUSDT
2022-02-12 14:00:00,long,10.4,2022-02-12 16:00:00,10.79176,take_profit,3.77,3.47,0.34,UNIUSDT
2022-02-12 21:00:00,long,15.67,2022-02-14 01:00:00,15.3566,stop_loss,-2.0,-2.3,0.33,LINKUSDT
2022-02-12 21:00:00,long,10.53,2022-02-13 16:00:00,11.02088,take_profit,4.66,4.36,0.33,NEARUSDT
2022-02-14 01:00:00,long,2829.01,2022-02-14 13:00:00,2931.8682400000002,take_profit,3.64,3.34,0.34,ETHUSDT
2022-02-14 01:00:00,long,1.018,2022-02-15 01:00:00,1.0668520000000001,take_profit,4.8,4.5,0.33,ADAUSDT
2022-02-14 02:00:00,long,90.72,2022-02-14 14:00:00,96.17396,take_profit,6.01,5.71,0.33,SOLUSDT
2022-02-14 03:00:00,long,390.6,2022-02-14 13:00:00,401.0548,take_profit,2.68,2.38,0.33,BNBUSDT
2022-02-19 11:00:00,long,88.6,2022-02-20 05:00:00,86.82799999999999,stop_loss,-2.0,-2.3,0.66,SOLUSDT
2022-02-19 13:00:00,long,9.75,2022-02-19 16:00:00,10.17008,take_profit,4.31,4.01,0.66,UNIUSDT
2022-02-20 14:00:00,long,14.39,2022-02-21 01:00:00,15.11216,take_profit,5.02,4.72,0.33,LINKUSDT
2022-02-21 13:00:00,long,2580.3,2022-02-21 14:00:00,2725.65004,take_profit,5.63,5.33,0.33,ETHUSDT
2022-02-22 03:00:00,long,36350.0,2022-02-23 08:00:00,38585.156,take_profit,6.15,5.85,0.66,BTCUSDT
2022-02-22 18:00:00,long,97.4,2022-02-22 21:00:00,101.6008,take_profit,4.31,4.01,0.66,ZECUSDT
2022-02-24 10:00:00,long,7.61,2022-02-24 14:00:00,8.07728,take_profit,6.14,5.84,0.33,UNIUSDT
2022-02-24 10:00:00,long,11.52,2022-02-24 15:00:00,12.35544,take_profit,7.25,6.95,0.33,LINKUSDT
2022-02-24 11:00:00,long,0.1092,2022-02-24 15:00:00,0.1169172,take_profit,7.07,6.77,0.66,DOGEUSDT
2022-03-06 11:00:00,long,8.44,2022-03-07 02:00:00,8.271199999999999,stop_loss,-2.0,-2.3,0.66,UNIUSDT
2022-03-07 03:00:00,long,81.12,2022-03-09 03:00:00,87.09316000000001,take_profit,7.36,7.06,0.33,SOLUSDT
2022-03-07 05:00:00,long,12.72,2022-03-07 13:00:00,13.4634,take_profit,5.84,5.54,0.33,LINKUSDT
2022-03-07 07:00:00,long,0.803,2022-03-07 19:00:00,0.7869400000000001,stop_loss,-2.0,-2.3,0.34,ADAUSDT
2022-03-07 08:00:00,long,113.4,2022-03-07 13:00:00,121.1644,take_profit,6.85,6.55,0.67,AAVEUSDT
2022-04-06 18:00:00,long,192.0,2022-04-07 12:00:00,206.396,take_profit,7.5,7.2,0.67,AAVEUSDT
2022-04-07 00:00:00,long,1.038,2022-04-07 07:00:00,1.0868520000000002,take_profit,4.71,4.41,0.33,ADAUSDT
2022-04-07 00:00:00,long,0.14,2022-04-07 08:00:00,0.1482128,take_profit,5.87,5.57,1.0,DOGEUSDT
2022-04-07 00:00:00,long,9.81,2022-04-07 22:00:00,10.36696,take_profit,5.68,5.38,0.33,UNIUSDT
2022-04-07 00:00:00,long,158.5,2022-04-07 01:00:00,163.0076,take_profit,2.84,2.54,0.33,ZECUSDT
2022-04-08 23:00:00,long,15.01,2022-04-10 17:00:00,15.79116,take_profit,5.2,4.9,1.0,LINKUSDT
2022-04-09 15:00:00,long,16.111,2022-04-09 21:00:00,16.663948,take_profit,3.43,3.13,0.33,NEARUSDT
2022-04-10 13:00:00,long,176.7,2022-04-10 17:00:00,183.54399999999998,take_profit,3.87,3.57,0.34,AAVEUSDT
2022-04-11 02:00:00,long,15.4,2022-04-11 04:00:00,15.942092,take_profit,3.52,3.22,0.34,NEARUSDT
2022-04-11 22:00:00,long,0.05774,2022-04-14 11:00:00,0.0621532,take_profit,7.64,7.34,0.33,TRXUSDT
2022-04-12 19:00:00,long,9.08,2022-04-13 02:00:00,9.42692,take_profit,3.82,3.52,0.33,UNIUSDT
2022-04-12 19:00:00,long,141.4,2022-04-13 14:00:00,149.2588,take_profit,5.56,5.26,0.67,ZECUSDT
2022-04-13 13:00:00,long,0.7017,2022-04-14 00:00:00,0.7292412,take_profit,3.92,3.62,0.33,XRPUSDT
2022-04-18 05:00:00,long,38536.51,2022-04-18 18:00:00,40638.7036,take_profit,5.46,5.16,0.33,BTCUSDT
2022-04-22 16:00:00,long,171.1,2022-04-22 23:00:00,177.6372,take_profit,3.82,3.52,0.33,AAVEUSDT
2022-04-25 07:00:00,long,94.32,2022-04-25 14:00:00,98.23288,take_profit,4.15,3.85,0.33,SOLUSDT
2022-04-27 12:00:00,long,12.625,2022-04-28 14:00:00,12.3725,stop_loss,-2.0,-2.3,0.33,NEARUSDT
2022-04-30 08:00:00,long,11.169,2022-04-30 11:00:00,11.636516,take_profit,4.19,3.89,0.33,NEARUSDT
2022-04-30 23:00:00,long,6.35,2022-05-01 06:00:00,6.932919999999999,take_profit,9.18,8.88,0.67,UNIUSDT
2022-04-30 23:00:00,long,137.8,2022-05-01 15:00:00,146.8152,take_profit,6.54,6.24,0.67,AAVEUSDT
2022-04-30 23:00:00,long,108.5,2022-05-01 15:00:00,123.132,take_profit,13.49,13.19,0.33,ZECUSDT
2022-05-01 19:00:00,long,10.9,2022-05-04 11:00:00,11.51596,take_profit,5.65,5.35,0.66,LINKUSDT
2022-05-08 17:00:00,long,110.1,2022-05-08 19:00:00,113.9704,take_profit,3.52,3.22,0.33,ZECUSDT
2022-05-09 16:00:00,long,0.07475,2022-05-09 17:00:00,0.07900744,take_profit,5.7,5.4,0.67,TRXUSDT
2022-05-09 18:00:00,long,8.29,2022-05-09 20:00:00,8.78324,take_profit,5.95,5.65,0.33,LINKUSDT
2022-05-10 00:00:00,long,0.5833,2022-05-10 01:00:00,0.6333792,take_profit,8.59,8.29,0.67,ADAUSDT
2022-05-10 00:00:00,long,96.6,2022-05-10 01:00:00,105.3792,take_profit,9.09,8.79,0.33,AAVEUSDT
2022-05-10 00:00:00,long,0.4722,2022-05-10 01:00:00,0.4950212,take_profit,4.83,4.53,0.34,XRPUSDT
2022-05-11 02:00:00,long,0.6106,2022-05-11 03:00:00,0.6304948,take_profit,3.26,2.96,0.67,ADAUSDT
2022-05-19 01:00:00,long,48.2,2022-05-19 03:00:00,50.56472,take_profit,4.91,4.61,0.66,SOLUSDT
2022-05-19 02:00:00,long,5.646,2022-05-19 04:00:00,5.960824,take_profit,5.58,5.28,0.33,NEARUSDT
2022-05-19 09:00:00,long,6.68,2022-05-19 11:00:00,6.9868,take_profit,4.59,4.29,0.66,LINKUSDT
2022-05-24 17:00:00,long,5.625,2022-05-24 18:00:00,5.838816,take_profit,3.8,3.5,0.33,NEARUSDT
2022-05-27 05:00:00,long,1712.67,2022-05-27 12:00:00,1801.36588,take_profit,5.18,4.88,0.33,ETHUSDT
2022-05-27 05:00:00,long,90.7,2022-05-27 06:00:00,94.4996,take_profit,4.19,3.89,0.34,AAVEUSDT
2022-05-27 06:00:00,long,4.763,2022-05-27 07:00:00,4.954867999999999,take_profit,4.03,3.73,0.34,NEARUSDT
2022-06-02 05:00:00,long,0.5529,2022-06-02 07:00:00,0.57355,take_profit,3.73,3.43,0.34,ADAUSDT
2022-06-02 13:00:00,long,5.248,2022-06-02 18:00:00,5.459928000000001,take_profit,4.04,3.74,0.33,NEARUSDT
2022-06-02 13:00:00,long,103.1,2022-06-02 15:00:00,107.3244,take_profit,4.1,3.8,0.34,AAVEUSDT
2022-06-04 02:00:00,long,35.71,2022-06-04 21:00:00,38.66708,take_profit,8.28,7.98,0.34,SOLUSDT
2022-06-11 15:00:00,long,4.0,2022-06-12 02:00:00,3.92,stop_loss,-2.0,-2.3,0.33,NEARUSDT
2022-06-12 05:00:00,long,6.45,2022-06-12 14:00:00,7.02348,take_profit,8.89,8.59,0.33,LINKUSDT
2022-06-12 05:00:00,long,0.06428,2022-06-12 17:00:00,0.0691062,take_profit,7.51,7.21,0.33,DOGEUSDT
2022-06-12 05:00:00,long,69.2,2022-06-12 14:00:00,76.398,take_profit,10.4,10.1,0.33,AAVEUSDT
2022-06-12 05:00:00,long,73.9,2022-06-12 14:00:00,78.4312,take_profit,6.13,5.83,0.34,ZECUSDT
2022-06-13 03:00:00,long,0.3244,2022-06-13 07:00:00,0.31791200000000003,stop_loss,-2.0,-2.3,0.33,XRPUSDT
2022-06-13 03:00:00,long,24900.0,2022-06-13 08:00:00,24402.0,stop_loss,-2.0,-2.3,0.33,BTCUSDT
2022-06-13 03:00:00,long,3.69,2022-06-13 07:00:00,3.6162,stop_loss,-2.0,-2.3,0.33,UNIUSDT
2022-06-13 09:00:00,long,1180.0,2022-06-13 16:00:00,1273.9279999999999,take_profit,7.96,7.66,0.66,ETHUSDT
2022-06-13 09:00:00,long,218.2,2022-06-13 14:00:00,213.83599999999998,stop_loss,-2.0,-2.3,0.33,BNBUSDT
2022-06-13 11:00:00,long,0.06229,2022-06-13 16:00:00,0.06720352,take_profit,7.89,7.59,0.34,TRXUSDT
2022-06-13 11:00:00,long,56.2,2022-06-13 16:00:00,61.274,take_profit,9.03,8.73,0.33,AAVEUSDT
2022-06-13 11:00:00,long,5.34,2022-06-13 15:00:00,5.7648,take_profit,7.96,7.66,0.33,LINKUSDT
2022-06-13 11:00:00,long,0.05308,2022-06-13 20:00:00,0.056966920000000004,take_profit,7.32,7.02,0.33,DOGEUSDT
2022-06-15 09:00:00,long,1014.4,2022-06-15 10:00:00,1074.3558,take_profit,5.91,5.61,0.33,ETHUSDT
2022-06-18 20:00:00,long,5.41,2022-06-18 21:00:00,5.72388,take_profit,5.8,5.5,0.33,LINKUSDT
2022-06-18 20:00:00,long,17622.0,2022-06-18 21:00:00,18890.20028,take_profit,7.2,6.9,0.33,BTCUSDT
2022-06-18 20:00:00,long,183.4,2022-06-18 21:00:00,196.0968,take_profit,6.92,6.62,0.33,BNBUSDT
2022-06-28 22:00:00,long,4.86,2022-06-29 14:00:00,5.14792,take_profit,5.92,5.62,0.33,UNIUSDT
2022-06-29 06:00:00,long,57.3,2022-06-29 13:00:00,59.8488,take_profit,4.45,4.15,0.33,ZECUSDT
2022-06-29 17:00:00,long,33.1,2022-06-29 20:00:00,35.0234,take_profit,5.81,5.51,0.33,SOLUSDT
2022-06-30 20:00:00,long,53.5,2022-06-30 22:00:00,55.5768,take_profit,3.88,3.58,0.33,AAVEUSDT
2022-06-30 23:00:00,long,51.9,2022-07-01 00:00:00,54.0948,take_profit,4.23,3.93,1.0,ZECUSDT
2022-07-12 19:00:00,long,67.7,2022-07-13 07:00:00,71.122,take_profit,5.05,4.75,0.33,AAVEUSDT
2022-07-13 00:00:00,long,32.38,2022-07-13 08:00:00,34.11224,take_profit,5.35,5.05,0.33,SOLUSDT
2022-07-13 13:00:00,long,0.4047,2022-07-13 17:00:00,0.4255388,take_profit,5.15,4.85,0.33,ADAUSDT
2022-08-01 18:00:00,long,8.05,2022-08-01 23:00:00,8.309600000000001,take_profit,3.22,2.92,0.33,UNIUSDT
2022-08-01 18:00:00,long,94.1,2022-08-02 00:00:00,97.758,take_profit,3.89,3.59,0.34,AAVEUSDT
2022-08-03 00:00:00,long,37.43,2022-08-03 01:00:00,39.60592,take_profit,5.81,5.51,0.67,SOLUSDT
2022-08-04 16:00:00,long,0.4934,2022-08-05 01:00:00,0.5081736,take_profit,2.99,2.69,0.33,ADAUSDT
2022-08-16 18:00:00,long,5.233,2022-08-17 05:00:00,5.440207999999999,take_profit,3.96,3.66,0.34,NEARUSDT
2022-08-19 22:00:00,long,4.194,2022-08-20 18:00:00,4.11012,stop_loss,-2.0,-2.3,0.33,NEARUSDT
2022-08-19 23:00:00,long,35.61,2022-08-20 19:00:00,34.8978,stop_loss,-2.0,-2.3,0.33,SOLUSDT
2022-08-19 23:00:00,long,6.79,2022-08-21 08:00:00,7.23368,take_profit,6.53,6.23,0.66,UNIUSDT
2022-08-19 23:00:00,long,61.5,2022-08-21 08:00:00,65.3704,take_profit,6.29,5.99,0.33,ZECUSDT
2022-08-19 23:00:00,long,0.3314,2022-08-21 08:00:00,0.3457724,take_profit,4.34,4.04,0.33,XRPUSDT
2022-08-22 08:00:00,long,1529.92,2022-08-23 14:00:00,1643.8018,take_profit,7.44,7.14,0.33,ETHUSDT
2022-08-29 00:00:00,long,30.0,2022-08-29 12:00:00,31.53164,take_profit,5.11,4.81,0.33,SOLUSDT
2022-08-29 00:00:00,long,60.1,2022-08-29 12:00:00,62.412800000000004,take_profit,3.85,3.55,0.66,ZECUSDT
2022-08-29 00:00:00,long,5.68,2022-08-29 12:00:00,6.05996,take_profit,6.69,6.39,0.67,UNIUSDT
2022-08-29 00:00:00,long,1422.08,2022-08-29 12:00:00,1492.86112,take_profit,4.98,4.68,0.33,ETHUSDT
2022-08-30 16:00:00,long,0.06007,2022-08-31 01:00:00,0.06285008,take_profit,4.63,4.33,0.67,DOGEUSDT
2022-09-15 03:00:00,long,7.117,2022-09-15 06:00:00,7.396188,take_profit,3.92,3.62,0.34,LINKUSDT
2022-09-15 04:00:00,long,79.9,2022-09-15 07:00:00,83.93560000000001,take_profit,5.05,4.75,0.33,AAVEUSDT
2022-09-15 06:00:00,long,5.88,2022-09-15 07:00:00,6.13724,take_profit,4.37,4.07,1.0,UNIUSDT
2022-09-16 17:00:00,long,1405.52,2022-09-17 16:00:00,1464.4444799999999,take_profit,4.19,3.89,0.33,ETHUSDT
2022-09-19 02:00:00,long,51.8,2022-09-19 13:00:00,54.2072,take_profit,4.65,4.35,0.33,ZECUSDT
2022-09-19 02:00:00,long,5.2,2022-09-19 13:00:00,5.4454400000000005,take_profit,4.72,4.42,0.33,UNIUSDT
2022-09-19 03:00:00,long,70.7,2022-09-19 10:00:00,73.886,take_profit,4.51,4.21,0.66,AAVEUSDT
2022-09-21 06:00:00,long,3.733,2022-09-21 17:00:00,3.903392,take_profit,4.56,4.26,0.33,NEARUSDT
2022-10-13 10:00:00,long,0.05509,2022-10-13 12:00:00,0.05787008,take_profit,5.05,4.75,0.33,DOGEUSDT
2022-10-13 12:00:00,long,0.349,2022-10-13 15:00:00,0.3759748,take_profit,7.73,7.43,0.33,ADAUSDT
2022-11-04 12:00:00,long,0.11695,2022-11-04 13:00:00,0.12147411999999999,take_profit,3.87,3.57,0.67,DOGEUSDT
2022-11-07 22:00:00,long,28.0,2022-11-08 03:00:00,27.439999999999998,stop_loss,-2.0,-2.3,0.67,SOLUSDT
2022-11-08 14:00:00,long,0.09607,2022-11-08 16:00:00,0.10146496,take_profit,5.62,5.32,0.33,DOGEUSDT
2022-11-08 14:00:00,long,46.4,2022-11-08 16:00:00,48.3824,take_profit,4.27,3.97,0.33,ZECUSDT
2022-11-08 14:00:00,long,6.31,2022-11-08 16:00:00,6.63804,take_profit,5.2,4.9,0.66,UNIUSDT
2022-11-09 10:00:00,long,2.135,2022-11-09 18:00:00,2.0923,stop_loss,-2.0,-2.3,0.33,NEARUSDT
2022-11-09 10:00:00,long,0.3551,2022-11-09 12:00:00,0.38457640000000004,take_profit,8.3,8.0,0.34,XRPUSDT
2022-11-09 15:00:00,long,15.73,2022-11-09 17:00:00,15.4154,stop_loss,-2.0,-2.3,0.33,SOLUSDT
2022-11-09 21:00:00,long,33.0,2022-11-09 22:00:00,35.3836,take_profit,7.22,6.92,0.67,ZECUSDT
2022-11-09 21:00:00,long,4.71,2022-11-10 01:00:00,5.0663599999999995,take_profit,7.57,7.27,0.67,UNIUSDT
2022-11-10 02:00:00,long,59.4,2022-11-10 03:00:00,61.878,take_profit,4.17,3.87,0.67,AAVEUSDT
2022-11-10 02:00:00,long,0.3265,2022-11-10 03:00:00,0.3383236,take_profit,3.62,3.32,0.33,ADAUSDT
2022-11-10 11:00:00,long,16258.74,2022-11-10 12:00:00,16841.95736,take_profit,3.59,3.29,0.67,BTCUSDT
2022-11-11 20:00:00,long,2.038,2022-11-11 22:00:00,2.115172,take_profit,3.79,3.49,0.34,NEARUSDT
2022-11-13 09:00:00,long,13.33,2022-11-13 13:00:00,14.0852,take_profit,5.67,5.37,0.33,SOLUSDT
2022-11-14 04:00:00,long,0.321,2022-11-14 06:00:00,0.3389124,take_profit,5.58,5.28,0.33,XRPUSDT
2022-11-21 19:00:00,long,0.07131,2022-11-21 22:00:00,0.07508128,take_profit,5.29,4.99,0.33,DOGEUSDT
2022-11-21 19:00:00,long,5.528,2022-11-21 20:00:00,5.743232,take_profit,3.89,3.59,0.67,LINKUSDT
2022-11-21 19:00:00,long,11.27,2022-11-21 22:00:00,11.815159999999999,take_profit,4.84,4.54,0.33,SOLUSDT
2022-11-22 08:00:00,long,1075.0,2022-11-22 13:00:00,1125.976,take_profit,4.74,4.44,0.66,ETHUSDT
2022-11-22 09:00:00,long,4.95,2022-11-22 13:00:00,5.21196,take_profit,5.29,4.99,1.0,UNIUSDT
2022-11-28 16:00:00,long,0.09056,2022-11-28 17:00:00,0.09467584,take_profit,4.54,4.24,0.33,DOGEUSDT
2022-12-12 02:00:00,long,6.457,2022-12-13 13:00:00,6.77678,take_profit,4.95,4.65,0.33,LINKUSDT
2022-12-13 17:00:00,long,266.4,2022-12-14 03:00:00,275.6276,take_profit,3.46,3.16,0.34,BNBUSDT
2022-12-19 22:00:00,long,0.06997,2022-12-22 11:00:00,0.07600688,take_profit,8.63,8.33,0.67,DOGEUSDT
2022-12-19 22:00:00,long,11.66,2022-12-20 04:00:00,12.4388,take_profit,6.68,6.38,0.67,SOLUSDT
2022-12-19 22:00:00,long,0.2488,2022-12-29 00:00:00,0.24382399999999999,stop_loss,-2.0,-2.3,0.33,ADAUSDT
2022-12-28 21:00:00,long,9.39,2022-12-29 18:00:00,9.202200000000001,stop_loss,-2.0,-2.3,0.67,SOLUSDT
2022-12-30 14:00:00,long,0.06581,2022-12-31 07:00:00,0.06893228,take_profit,4.74,4.44,0.34,DOGEUSDT
2023-02-01 01:00:00,long,2.228,2023-02-01 16:00:00,2.18344,stop_loss,-2.0,-2.3,0.33,NEARUSDT
2023-02-06 23:00:00,long,43.0,2023-02-07 06:00:00,44.3688,take_profit,3.18,2.88,0.33,ZECUSDT
2023-02-10 05:00:00,long,6.777,2023-02-10 12:00:00,7.0224400000000005,take_profit,3.62,3.32,0.33,LINKUSDT
2023-02-10 15:00:00,long,2.198,2023-02-12 10:00:00,2.324968,take_profit,5.78,5.48,0.33,NEARUSDT
2023-02-28 21:00:00,long,0.3485,2023-03-01 05:00:00,0.3629668,take_profit,4.15,3.85,0.34,ADAUSDT
2023-03-04 21:00:00,long,1.98,2023-03-05 00:00:00,2.075108,take_profit,4.8,4.5,0.33,NEARUSDT
2023-03-04 22:00:00,long,0.07255,2023-03-05 01:00:00,0.07582332,take_profit,4.51,4.21,0.34,DOGEUSDT
2023-03-09 20:00:00,long,1.724,2023-03-10 10:00:00,1.68952,stop_loss,-2.0,-2.3,0.33,NEARUSDT
2023-03-10 10:00:00,long,0.05551,2023-03-12 17:00:00,0.05965416,take_profit,7.47,7.17,0.34,TRXUSDT
2023-03-10 10:00:00,long,16.0,2023-03-10 13:00:00,17.34992,take_profit,8.44,8.14,0.33,SOLUSDT
2023-03-10 14:00:00,long,31.2,2023-03-11 07:00:00,30.576,stop_loss,-2.0,-2.3,1.0,ZECUSDT
2023-03-11 08:00:00,long,19765.03,2023-03-12 18:00:00,20905.98616,take_profit,5.77,5.47,0.33,BTCUSDT
2023-03-11 15:00:00,long,63.9,2023-03-12 01:00:00,67.18039999999999,take_profit,5.13,4.83,0.33,AAVEUSDT
2023-03-11 15:00:00,long,5.23,2023-03-12 18:00:00,5.62294,take_profit,7.51,7.21,0.67,UNIUSDT
2023-03-11 16:00:00,long,270.5,2023-03-12 18:00:00,282.1348,take_profit,4.3,4.0,0.67,BNBUSDT
2023-03-16 13:00:00,long,1.891,2023-03-16 14:00:00,1.953304,take_profit,3.29,2.99,0.34,NEARUSDT
2023-04-20 16:00:00,long,36.8,2023-04-21 08:00:00,38.333999999999996,take_profit,4.17,3.87,0.33,ZECUSDT
2023-04-21 20:00:00,long,68.1,2023-04-26 10:00:00,71.9704,take_profit,5.68,5.38,0.33,AAVEUSDT
2023-04-21 21:00:00,long,0.4403,2023-04-22 14:00:00,0.46536320000000003,take_profit,5.69,5.39,0.33,XRPUSDT
2023-04-21 22:00:00,long,0.3789,2023-04-22 16:00:00,0.39844080000000004,take_profit,5.16,4.86,0.34,ADAUSDT
2023-04-25 08:00:00,long,6.948,2023-04-26 10:00:00,7.384600000000001,take_profit,6.28,5.98,0.33,LINKUSDT
2023-05-06 21:00:00,long,2.29e-06,2023-05-06 23:00:00,2.50004e-06,take_profit,9.17,8.87,0.33,PEPEUSDT
2023-05-08 04:00:00,long,2.36e-06,2023-05-08 06:00:00,2.3127999999999997e-06,stop_loss,-2.0,-2.3,0.33,PEPEUSDT
2023-05-08 07:00:00,long,1.1124,2023-05-08 17:00:00,1.090152,stop_loss,-2.0,-2.3,0.33,SUIUSDT
2023-05-08 18:00:00,long,31.4,2023-05-08 22:00:00,33.1228,take_profit,5.49,5.19,0.66,ZECUSDT
2023-05-08 18:00:00,long,0.41,2023-05-08 23:00:00,0.4281484,take_profit,4.43,4.13,0.67,XRPUSDT
2023-05-10 10:00:00,long,0.3543,2023-05-10 12:00:00,0.3686252,take_profit,4.04,3.74,0.34,ADAUSDT
2023-05-10 17:00:00,long,4.34,2023-05-11 12:00:00,4.2532,stop_loss,-2.0,-2.3,0.33,PROMUSDT
2023-05-10 17:00:00,long,4.85,2023-05-10 18:00:00,5.04352,take_profit,3.99,3.69,0.66,UNIUSDT
2023-05-10 17:00:00,long,19.74,2023-05-10 18:00:00,20.56364,take_profit,4.17,3.87,0.33,SOLUSDT
2023-05-10 17:00:00,long,1.55,2023-05-10 19:00:00,1.639208,take_profit,5.76,5.46,0.33,NEARUSDT
2023-05-10 17:00:00,long,6.3,2023-05-10 19:00:00,6.53718,take_profit,3.76,3.46,0.66,LINKUSDT
2023-05-12 05:00:00,long,1.013,2023-05-12 09:00:00,1.0677048,take_profit,5.4,5.1,0.33,SUIUSDT
2023-05-22 15:00:00,long,1.51e-06,2023-05-23 01:00:00,1.5784399999999998e-06,take_profit,4.53,4.23,1.0,PEPEUSDT
2023-05-24 13:00:00,long,0.9413,2023-05-25 11:00:00,0.9912612000000001,take_profit,5.31,5.01,0.67,SUIUSDT
2023-05-24 13:00:00,long,1.31e-06,2023-05-24 14:00:00,1.39496e-06,take_profit,6.49,6.19,0.66,PEPEUSDT
2023-05-30 20:00:00,long,1.23e-06,2023-05-31 03:00:00,1.30316e-06,take_profit,5.95,5.65,0.66,PEPEUSDT
2023-06-05 18:00:00,long,9.8e-07,2023-06-06 13:00:00,9.604e-07,stop_loss,-2.0,-2.3,0.33,PEPEUSDT
2023-06-06 13:00:00,long,1.449,2023-06-06 16:00:00,1.505404,take_profit,3.89,3.59,0.66,NEARUSDT
2023-06-07 17:00:00,long,0.3177,2023-06-09 15:00:00,0.31134599999999996,stop_loss,-2.0,-2.3,0.33,ADAUSDT
2023-06-10 06:00:00,long,13.39,2023-06-10 17:00:00,15.11516,take_profit,12.88,12.58,0.33,SOLUSDT
2023-06-10 06:00:00,long,3.717,2023-06-10 11:00:00,3.982972,take_profit,7.16,6.86,0.34,UNIUSDT
2023-06-10 06:00:00,long,231.4,2023-06-12 02:00:00,226.772,stop_loss,-2.0,-2.3,0.33,BNBUSDT
2023-06-10 17:00:00,long,4.917,2023-06-10 21:00:00,5.24622,take_profit,6.7,6.4,0.67,LINKUSDT
2023-06-19 09:00:00,long,9.1e-07,2023-06-19 17:00:00,9.4304e-07,take_profit,3.63,3.33,0.34,PEPEUSDT
2023-06-26 16:00:00,long,62.3,2023-06-27 03:00:00,65.7456,take_profit,5.53,5.23,0.33,AAVEUSDT
2023-06-28 19:00:00,long,3.84,2023-06-29 10:00:00,3.9981199999999997,take_profit,4.12,3.82,0.33,PROMUSDT
2023-07-10 00:00:00,long,27.46,2023-07-10 04:00:00,28.85004,take_profit,5.06,4.76,0.33,ZECUSDT
2023-07-17 10:00:00,long,1.51e-06,2023-07-17 11:00:00,1.5571999999999999e-06,take_profit,3.13,2.83,0.34,PEPEUSDT
2023-08-02 07:00:00,long,62.47,2023-08-02 16:00:00,65.4554,take_profit,4.78,4.48,0.34,AAVEUSDT
2023-08-06 16:00:00,long,2.011,2023-08-08 01:00:00,1.97078,stop_loss,-2.0,-2.3,0.33,WLDUSDT
2023-08-07 16:00:00,long,0.5967,2023-08-08 04:00:00,0.6259168,take_profit,4.9,4.6,0.33,XRPUSDT
2023-08-11 10:00:00,long,1.676,2023-08-12 07:00:00,1.778424,take_profit,6.11,5.81,0.66,WLDUSDT
2023-08-16 12:00:00,long,1.19e-06,2023-08-16 20:00:00,1.1662e-06,stop_loss,-2.0,-2.3,1.0,PEPEUSDT
2023-08-16 21:00:00,long,1.18,2023-08-17 21:00:00,1.1563999999999999,stop_loss,-2.0,-2.3,0.34,NEARUSDT
2023-08-16 21:00:00,long,6.6,2023-08-17 21:00:00,6.468,stop_loss,-2.0,-2.3,0.67,LINKUSDT
2023-08-17 21:00:00,long,0.238,2023-08-17 22:00:00,0.25546399999999997,take_profit,7.34,7.04,0.33,ADAUSDT
2023-08-17 21:00:00,long,0.0556,2023-08-17 22:00:00,0.0607566,take_profit,9.27,8.97,0.33,DOGEUSDT
2023-08-18 05:00:00,long,3.757,2023-08-18 10:00:00,3.887508,take_profit,3.47,3.17,0.33,PROMUSDT
2023-08-21 15:00:00,long,24.08,2023-08-22 03:00:00,25.054679999999998,take_profit,4.05,3.75,0.34,ZECUSDT
2023-08-22 16:00:00,long,203.4,2023-08-23 00:00:00,214.11440000000002,take_profit,5.27,4.97,0.33,BNBUSDT
2023-08-22 21:00:00,long,1580.0,2023-08-23 17:00:00,1685.9899599999999,take_profit,6.71,6.41,0.33,ETHUSDT
2023-08-29 11:00:00,long,1.11,2023-08-29 14:00:00,1.1612120000000001,take_profit,4.61,4.31,0.33,WLDUSDT
2023-09-01 17:00:00,long,7.5e-07,2023-09-01 19:00:00,7.877600000000001e-07,take_profit,5.03,4.73,0.33,PEPEUSDT
2023-09-01 17:00:00,long,1.095,2023-09-02 00:00:00,1.147156,take_profit,4.76,4.46,0.33,WLDUSDT
2023-09-10 04:00:00,long,1.056,2023-09-11 13:00:00,1.03488,stop_loss,-2.0,-2.3,0.34,WLDUSDT
2023-09-11 14:00:00,long,17.33,2023-09-12 03:00:00,18.10172,take_profit,4.45,4.15,0.66,SOLUSDT
2023-09-11 19:00:00,long,6.4e-07,2023-09-11 20:00:00,6.5888e-07,take_profit,2.95,2.65,0.33,PEPEUSDT
2023-10-04 00:00:00,long,7.2,2023-10-04 02:00:00,7.453936,take_profit,3.53,3.23,0.33,LINKUSDT
2023-10-09 16:00:00,long,6.4e-07,2023-10-09 17:00:00,6.5888e-07,take_profit,2.95,2.65,0.33,PEPEUSDT
2023-10-12 16:00:00,long,0.4006,2023-10-16 13:00:00,0.4263948,take_profit,6.44,6.14,0.33,SUIUSDT
2023-10-12 16:00:00,long,61.74,2023-10-13 21:00:00,64.35016,take_profit,4.23,3.93,0.34,AAVEUSDT
2023-10-18 09:00:00,long,6.2e-07,2023-10-18 10:00:00,6.3888e-07,take_profit,3.05,2.75,0.33,PEPEUSDT
2023-11-03 01:00:00,long,1.703,2023-11-03 04:00:00,1.784892,take_profit,4.81,4.51,0.33,WLDUSDT
2023-11-14 02:00:00,long,2.122,2023-11-14 03:00:00,2.215928,take_profit,4.43,4.13,0.33,WLDUSDT
2023-11-14 11:00:00,long,0.3546,2023-11-14 13:00:00,0.36415800000000004,take_profit,2.7,2.4,0.33,ADAUSDT
2023-11-17 15:00:00,long,1.09e-06,2023-11-17 17:00:00,1.13484e-06,take_profit,4.11,3.81,0.34,PEPEUSDT
2023-11-21 18:00:00,long,1.05e-06,2023-11-21 19:00:00,1.0971999999999998e-06,take_profit,4.5,4.2,0.34,PEPEUSDT
2023-11-21 18:00:00,long,52.35,2023-11-21 19:00:00,54.651,take_profit,4.4,4.1,0.67,SOLUSDT
2023-12-10 09:00:00,long,1.5e-06,2023-12-10 14:00:00,1.55192e-06,take_profit,3.46,3.16,0.34,PEPEUSDT
2023-12-11 18:00:00,long,14.21,2023-12-12 00:00:00,14.939004,take_profit,5.13,4.83,0.33,LINKUSDT
2023-12-20 01:00:00,long,1.23e-06,2023-12-20 08:00:00,1.28664e-06,take_profit,4.6,4.3,0.33,PEPEUSDT
2023-12-29 00:00:00,long,99.0,2023-12-29 01:00:00,102.8468,take_profit,3.89,3.59,0.34,SOLUSDT
2024-01-03 14:00:00,long,3.39,2024-01-03 15:00:00,3.612076,take_profit,6.55,6.25,0.34,NEARUSDT
2024-01-06 23:00:00,long,2.725,2024-01-07 00:00:00,2.805948,take_profit,2.97,2.67,0.67,WLDUSDT
2024-01-08 03:00:00,long,12.527,2024-01-08 04:00:00,13.058,take_profit,4.24,3.94,0.66,LINKUSDT
2024-01-19 16:00:00,long,2.342,2024-01-19 17:00:00,2.46354,take_profit,5.19,4.89,0.34,WLDUSDT
2024-01-19 16:00:00,long,1.05e-06,2024-01-19 17:00:00,1.10192e-06,take_profit,4.94,4.64,0.33,PEPEUSDT
2024-01-22 10:00:00,long,5.177,2024-01-23 09:00:00,5.07346,stop_loss,-2.0,-2.3,0.33,PROMUSDT
2024-01-22 19:00:00,long,82.06,2024-01-22 20:00:00,85.10204,take_profit,3.71,3.41,0.33,SOLUSDT
2024-01-25 17:00:00,long,13.506,2024-01-26 16:00:00,14.238544,take_profit,5.42,5.12,1.0,LINKUSDT
2024-01-25 17:00:00,long,5.629,2024-01-26 16:00:00,5.93698,take_profit,5.47,5.17,0.33,UNIUSDT
2024-01-31 15:00:00,long,9.1e-07,2024-01-31 17:00:00,9.5956e-07,take_profit,5.45,5.15,0.66,PEPEUSDT
2024-02-01 16:00:00,long,1.4366,2024-02-01 17:00:00,1.4845788,take_profit,3.34,3.04,0.33,SUIUSDT
2024-02-10 10:00:00,long,20.35,2024-02-10 21:00:00,21.03676,take_profit,3.37,3.07,0.33,ZECUSDT
2024-02-17 14:00:00,long,1.7022,2024-02-17 21:00:00,1.7663448,take_profit,3.77,3.47,0.33,SUIUSDT
2024-02-20 17:00:00,long,6.208,2024-02-20 21:00:00,6.616752,take_profit,6.58,6.28,0.33,WLDUSDT
2024-02-23 23:00:00,long,10.895,2024-02-24 00:00:00,11.25018,take_profit,3.26,2.96,0.33,PROMUSDT
2024-02-26 18:00:00,long,7.839,2024-02-27 01:00:00,7.68222,stop_loss,-2.0,-2.3,0.33,WLDUSDT
2024-03-05 22:00:00,long,6.206,2024-03-06 00:00:00,6.515868,take_profit,4.99,4.69,0.33,WLDUSDT
2024-03-07 05:00:00,long,6.4e-06,2024-03-07 07:00:00,6.74928e-06,take_profit,5.46,5.16,0.66,PEPEUSDT
2024-03-07 19:00:00,long,14.6,2024-03-08 00:00:00,15.033296,take_profit,2.97,2.67,0.33,UNIUSDT
2024-03-10 22:00:00,long,9.108,2024-03-10 23:00:00,9.527608,take_profit,4.61,4.31,0.34,WLDUSDT
2024-03-11 00:00:00,long,0.15986,2024-03-11 01:00:00,0.16576,take_profit,3.69,3.39,0.33,DOGEUSDT
2024-03-12 12:00:00,long,8e-06,2024-03-12 13:00:00,8.30916e-06,take_profit,3.86,3.56,0.33,PEPEUSDT
2024-03-15 09:00:00,long,18.452,2024-03-15 10:00:00,19.163068000000003,take_profit,3.85,3.55,0.33,LINKUSDT
2024-03-15 11:00:00,long,12.282,2024-03-15 17:00:00,12.99826,take_profit,5.83,5.53,0.33,PROMUSDT
2024-03-16 13:00:00,long,7.45e-06,2024-03-16 17:00:00,7.301e-06,stop_loss,-2.0,-2.3,0.67,PEPEUSDT
2024-03-16 23:00:00,long,0.138,2024-03-17 00:00:00,0.14508000000000001,take_profit,5.13,4.83,0.33,DOGEUSDT
2024-03-17 07:00:00,long,11.35,2024-03-17 08:00:00,11.795804,take_profit,3.93,3.63,0.33,UNIUSDT
2024-03-17 07:00:00,long,113.29,2024-03-17 08:00:00,117.78816,take_profit,3.97,3.67,0.33,AAVEUSDT
2024-03-19 01:00:00,long,6.14e-06,2024-03-19 07:00:00,6.0172e-06,stop_loss,-2.0,-2.3,0.33,PEPEUSDT
2024-03-19 09:00:00,long,170.0,2024-03-19 10:00:00,179.48248,take_profit,5.58,5.28,0.66,SOLUSDT
2024-03-19 14:00:00,long,10.49,2024-03-19 15:00:00,10.99032,take_profit,4.77,4.47,0.34,PROMUSDT
2024-03-19 23:00:00,long,107.13,2024-03-20 00:00:00,112.44236,take_profit,4.96,4.66,0.67,AAVEUSDT
2024-03-19 23:00:00,long,10.432,2024-03-20 00:00:00,10.946480000000001,take_profit,4.93,4.63,0.33,UNIUSDT
2024-03-20 05:00:00,long,3056.56,2024-03-20 08:00:00,3227.55616,take_profit,5.59,5.29,0.33,ETHUSDT
2024-03-31 09:00:00,long,1.8651,2024-04-01 00:00:00,1.9401008,take_profit,4.02,3.72,0.33,SUIUSDT
2024-04-02 11:00:00,long,6.793,2024-04-02 14:00:00,7.052128,take_profit,3.81,3.51,0.66,WLDUSDT
2024-04-02 13:00:00,long,6.9e-06,2024-04-02 18:00:00,7.2304e-06,take_profit,4.79,4.49,0.67,PEPEUSDT
2024-04-03 00:00:00,long,17.45,2024-04-03 01:00:00,18.225732,take_profit,4.45,4.15,0.33,LINKUSDT
2024-04-03 00:00:00,long,1.6643,2024-04-03 01:00:00,1.7447996,take_profit,4.84,4.54,0.67,SUIUSDT
2024-04-03 04:00:00,long,10.798,2024-04-05 05:00:00,10.58204,stop_loss,-2.0,-2.3,1.0,UNIUSDT
2024-04-04 22:00:00,long,0.939,2024-04-04 23:00:00,0.9930439999999999,take_profit,5.76,5.46,0.33,ENAUSDT
2024-04-10 12:00:00,long,6.67e-06,2024-04-10 16:00:00,6.97444e-06,take_profit,4.56,4.26,0.33,PEPEUSDT
2024-04-11 16:00:00,long,8.716,2024-04-12 17:00:00,8.54168,stop_loss,-2.0,-2.3,0.67,UNIUSDT
2024-04-12 18:00:00,long,1.08,2024-04-12 19:00:00,1.183604,take_profit,9.59,9.29,0.66,ENAUSDT
2024-04-13 01:00:00,long,22.36,2024-04-13 15:00:00,23.882199999999997,take_profit,6.81,6.51,0.33,ZECUSDT
2024-04-13 01:00:00,long,0.4849,2024-04-13 17:00:00,0.475202,stop_loss,-2.0,-2.3,0.34,ADAUSDT
2024-04-13 01:00:00,long,5.523,2024-04-13 17:00:00,5.41254,stop_loss,-2.0,-2.3,0.33,NEARUSDT
2024-04-13 20:00:00,long,2852.0,2024-04-13 23:00:00,3059.37556,take_profit,7.27,6.97,0.33,ETHUSDT
2024-04-13 20:00:00,long,0.8856,2024-04-13 21:00:00,0.9711028,take_profit,9.65,9.35,0.33,SUIUSDT
2024-04-13 20:00:00,long,11.788,2024-04-13 23:00:00,13.413804,take_profit,13.79,13.49,0.34,LINKUSDT
2024-04-13 20:00:00,long,3.681,2024-04-13 21:00:00,4.121376,take_profit,11.96,11.66,0.66,WLDUSDT
2024-04-13 20:00:00,long,0.4188,2024-04-13 22:00:00,0.4717348,take_profit,12.64,12.34,0.67,XRPUSDT
2024-04-14 00:00:00,long,0.4322,2024-04-14 04:00:00,0.45207119999999995,take_profit,4.6,4.3,0.33,ADAUSDT
2024-04-14 00:00:00,long,19.73,2024-04-14 04:00:00,20.71412,take_profit,4.99,4.69,0.34,ZECUSDT
2024-04-14 01:00:00,long,6.643,2024-04-14 02:00:00,7.0130479999999995,take_profit,5.57,5.27,0.33,UNIUSDT
2024-04-14 03:00:00,long,0.14369,2024-04-14 04:00:00,0.15128212000000002,take_profit,5.28,4.98,0.33,DOGEUSDT
2024-04-24 00:00:00,long,0.926,2024-04-24 04:00:00,0.967064,take_profit,4.43,4.13,0.33,ENAUSDT
2024-04-27 01:00:00,long,1.118,2024-04-27 11:00:00,1.1951248,take_profit,6.9,6.6,0.33,SUIUSDT
2024-04-27 11:00:00,long,6.66e-06,2024-04-27 12:00:00,6.9526399999999996e-06,take_profit,4.39,4.09,0.66,PEPEUSDT
2024-04-30 16:00:00,long,5.847,2024-04-30 22:00:00,6.270856,take_profit,7.25,6.95,0.66,NEARUSDT
2024-05-01 07:00:00,long,118.47,2024-05-01 12:00:00,124.6886,take_profit,5.25,4.95,0.67,SOLUSDT
2024-05-01 08:00:00,long,536.7,2024-05-01 12:00:00,555.8632,take_profit,3.57,3.27,0.33,BNBUSDT
2024-05-01 08:00:00,long,20.18,2024-05-01 12:00:00,20.99892,take_profit,4.06,3.76,0.34,ZECUSDT
2024-05-01 08:00:00,long,78.52,2024-05-01 18:00:00,82.00572,take_profit,4.44,4.14,1.0,AAVEUSDT
2024-05-01 08:00:00,long,0.1218,2024-05-01 18:00:00,0.12871244,take_profit,5.68,5.38,1.0,DOGEUSDT
2024-05-01 08:00:00,long,6.536,2024-05-01 18:00:00,6.935076,take_profit,6.11,5.81,0.33,UNIUSDT
2024-05-01 19:00:00,long,12.921,2024-05-01 23:00:00,13.396068,take_profit,3.68,3.38,0.34,LINKUSDT
2024-05-01 20:00:00,long,56760.02,2024-05-02 14:00:00,59231.48988,take_profit,4.35,4.05,1.0,BTCUSDT
2024-05-02 01:00:00,long,2893.26,2024-05-02 12:00:00,3002.7970400000004,take_profit,3.79,3.49,0.67,ETHUSDT
2024-05-02 05:00:00,long,8.48,2024-05-02 12:00:00,8.94138,take_profit,5.44,5.14,0.34,PROMUSDT
2024-05-15 11:00:00,long,4.667,2024-05-15 19:00:00,5.05994,take_profit,8.42,8.12,0.33,WLDUSDT
2024-05-15 11:00:00,long,0.666,2024-05-15 12:00:00,0.7058840000000001,take_profit,5.99,5.69,0.66,ENAUSDT
2024-05-23 20:00:00,long,7.332,2024-05-23 21:00:00,7.551952,take_profit,3.0,2.7,0.33,NEARUSDT
2024-05-30 07:00:00,long,1.313e-05,2024-05-30 12:00:00,1.40268e-05,take_profit,6.83,6.53,0.33,PEPEUSDT
2024-06-04 09:00:00,long,9.403,2024-06-04 14:00:00,9.829216,take_profit,4.53,4.23,0.33,UNIUSDT
2024-06-08 17:00:00,long,15.682,2024-06-11 01:00:00,15.368360000000001,stop_loss,-2.0,-2.3,0.33,LINKUSDT
2024-06-08 22:00:00,long,22.73,2024-06-10 15:00:00,24.12712,take_profit,6.15,5.85,0.67,ZECUSDT
2024-06-11 15:00:00,long,9.51,2024-06-12 12:00:00,10.24868,take_profit,7.77,7.47,0.67,PROMUSDT
2024-06-12 01:00:00,long,0.684,2024-06-12 10:00:00,0.7368640000000001,take_profit,7.73,7.43,0.33,ENAUSDT
2024-06-14 18:00:00,long,3362.26,2024-06-14 21:00:00,3507.33864,take_profit,4.31,4.01,0.33,ETHUSDT
2024-06-14 18:00:00,long,1.057e-05,2024-06-14 21:00:00,1.1355880000000001e-05,take_profit,7.44,7.14,0.67,PEPEUSDT
2024-06-18 02:00:00,long,8.0,2024-06-18 09:00:00,8.82364,take_profit,10.3,10.0,0.33,PROMUSDT
2024-06-18 11:00:00,long,0.578,2024-06-18 23:00:00,0.624964,take_profit,8.13,7.83,0.67,ENAUSDT
2024-06-18 13:00:00,long,575.0,2024-06-24 09:00:00,563.5,stop_loss,-2.0,-2.3,0.67,BNBUSDT
2024-06-18 14:00:00,long,13.152,2024-06-18 20:00:00,13.642408,take_profit,3.73,3.43,0.33,LINKUSDT
2024-06-18 14:00:00,long,19.46,2024-06-18 21:00:00,20.36388,take_profit,4.64,4.34,0.67,ZECUSDT
2024-06-18 14:00:00,long,2.589,2024-06-18 21:00:00,2.805176,take_profit,8.35,8.05,0.34,WLDUSDT
2024-06-18 15:00:00,long,0.11765,2024-06-18 22:00:00,0.12250452,take_profit,4.13,3.83,0.33,DOGEUSDT
2024-06-18 18:00:00,long,4.451,2024-06-18 21:00:00,4.754732,take_profit,6.82,6.52,0.34,NEARUSDT
2024-06-18 18:00:00,long,0.761,2024-06-19 01:00:00,0.8139112,take_profit,6.95,6.65,0.67,SUIUSDT
2024-06-18 19:00:00,long,130.41,2024-06-18 20:00:00,135.45568,take_profit,3.87,3.57,0.67,SOLUSDT
2024-06-24 20:00:00,long,7.542,2024-06-27 06:00:00,7.391159999999999,stop_loss,-2.0,-2.3,0.33,PROMUSDT
2024-06-24 20:00:00,long,0.11406,2024-06-24 21:00:00,0.11758584,take_profit,3.09,2.79,0.33,DOGEUSDT
2024-07-01 15:00:00,long,2.232,2024-07-02 12:00:00,2.382568,take_profit,6.75,6.45,0.34,WLDUSDT
2024-07-04 13:00:00,long,0.418,2024-07-04 15:00:00,0.44490399999999997,take_profit,6.44,6.14,0.67,ENAUSDT
2024-07-05 00:00:00,long,7.269,2024-07-05 02:00:00,7.12362,stop_loss,-2.0,-2.3,0.33,UNIUSDT
2024-07-05 03:00:00,long,0.5728,2024-07-05 04:00:00,0.6171916,take_profit,7.75,7.45,0.33,SUIUSDT
2024-07-05 03:00:00,long,71.06,2024-07-05 04:00:00,74.56932,take_profit,4.94,4.64,0.34,AAVEUSDT
2024-07-05 03:00:00,long,4.0,2024-07-05 04:00:00,4.236708,take_profit,5.92,5.62,0.66,NEARUSDT
2024-07-05 04:00:00,long,5.183,2024-07-06 16:00:00,5.800612,take_profit,11.92,11.62,0.33,PROMUSDT
2024-07-05 04:00:00,long,7.63e-06,2024-07-05 05:00:00,8.12796e-06,take_profit,6.53,6.23,0.33,PEPEUSDT
2024-07-05 08:00:00,long,16.4,2024-07-05 11:00:00,17.45964,take_profit,6.46,6.16,0.33,ZECUSDT
2024-07-05 08:00:00,long,1.773,2024-07-05 11:00:00,1.9204999999999999,take_profit,8.32,8.02,0.67,WLDUSDT
2024-07-05 09:00:00,long,11.135,2024-07-05 11:00:00,11.989084,take_profit,7.67,7.37,0.33,LINKUSDT
2024-07-05 09:00:00,long,0.09388,2024-07-05 14:00:00,0.10181432,take_profit,8.45,8.15,0.33,DOGEUSDT
2024-07-08 01:00:00,long,2822.8,2024-07-08 08:00:00,3012.34576,take_profit,6.71,6.41,0.33,ETHUSDT
2024-07-19 08:00:00,long,2.547,2024-07-19 14:00:00,2.687892,take_profit,5.53,5.23,0.33,WLDUSDT
2024-07-21 07:00:00,long,2.463,2024-07-21 18:00:00,2.41374,stop_loss,-2.0,-2.3,0.33,WLDUSDT
2024-07-23 06:00:00,long,0.427,2024-07-23 08:00:00,0.446116,take_profit,4.48,4.18,0.33,ENAUSDT
2024-07-25 18:00:00,long,6.453,2024-07-25 21:00:00,6.643688,take_profit,2.96,2.66,0.34,PROMUSDT
2024-08-01 05:00:00,long,4.911,2024-08-01 09:00:00,5.117264,take_profit,4.2,3.9,0.66,NEARUSDT
2024-08-01 18:00:00,long,0.6571,2024-08-01 19:00:00,0.6905884,take_profit,5.1,4.8,0.66,SUIUSDT
2024-08-01 18:00:00,long,0.3681,2024-08-01 20:00:00,0.3825196,take_profit,3.92,3.62,0.33,ADAUSDT
2024-08-02 06:00:00,long,0.11446,2024-08-02 15:00:00,0.1121708,stop_loss,-2.0,-2.3,0.33,DOGEUSDT
2024-08-02 06:00:00,long,0.373,2024-08-02 14:00:00,0.36554,stop_loss,-2.0,-2.3,0.33,ENAUSDT
2024-08-02 06:00:00,long,159.06,2024-08-02 13:00:00,167.30112,take_profit,5.18,4.88,0.67,SOLUSDT
2024-08-02 15:00:00,long,5.605,2024-08-03 18:00:00,5.492900000000001,stop_loss,-2.0,-2.3,0.66,PROMUSDT
2024-08-03 01:00:00,long,6.406,2024-08-03 12:00:00,6.768024,take_profit,5.65,5.35,0.33,UNIUSDT
2024-08-04 08:00:00,long,8.13e-06,2024-08-04 10:00:00,8.56424e-06,take_profit,5.34,5.04,0.34,PEPEUSDT
2024-08-04 17:00:00,long,0.276,2024-08-04 19:00:00,0.298184,take_profit,8.04,7.74,0.67,ENAUSDT
2024-08-04 17:00:00,long,1.553,2024-08-04 19:00:00,1.651648,take_profit,6.35,6.05,0.33,WLDUSDT
2024-08-05 01:00:00,long,432.0,2024-08-05 06:00:00,423.36,stop_loss,-2.0,-2.3,0.67,BNBUSDT
2024-08-05 01:00:00,long,2111.0,2024-08-05 14:00:00,2414.44172,take_profit,14.37,14.07,0.33,ETHUSDT
2024-08-05 01:00:00,long,52300.17,2024-08-05 06:00:00,51254.1666,stop_loss,-2.0,-2.3,0.33,BTCUSDT
2024-08-05 03:00:00,long,5.227,2024-08-05 06:00:00,5.12246,stop_loss,-2.0,-2.3,0.34,UNIUSDT
2024-08-05 06:00:00,long,0.2756,2024-08-05 07:00:00,0.29733560000000003,take_profit,7.89,7.59,1.0,ADAUSDT
2024-08-05 06:00:00,long,0.08137,2024-08-05 07:00:00,0.08799451999999999,take_profit,8.14,7.84,0.66,DOGEUSDT
2024-08-05 06:00:00,long,0.117,2024-08-05 16:00:00,0.12279144,take_profit,4.95,4.65,0.66,TRXUSDT
2024-08-05 06:00:00,long,8.08,2024-08-05 07:00:00,9.03816,take_profit,11.86,11.56,0.33,LINKUSDT
2024-08-05 06:00:00,long,0.4785,2024-08-05 07:00:00,0.5141832,take_profit,7.46,7.16,0.66,SUIUSDT
2024-08-05 06:00:00,long,6.04e-06,2024-08-05 07:00:00,6.689e-06,take_profit,10.75,10.45,0.66,PEPEUSDT
2024-08-05 06:00:00,long,3.139,2024-08-05 07:00:00,3.446036,take_profit,9.78,9.48,0.33,NEARUSDT
2024-08-05 06:00:00,long,4.41,2024-08-05 07:00:00,4.738748,take_profit,7.45,7.15,0.66,PROMUSDT
2024-08-05 06:00:00,long,0.435,2024-08-05 07:00:00,0.4686772,take_profit,7.74,7.44,0.33,XRPUSDT
2024-08-16 12:00:00,long,1.443,2024-08-16 13:00:00,1.5076640000000001,take_profit,4.48,4.18,0.33,WLDUSDT
2024-08-16 15:00:00,long,0.09745,2024-08-16 17:00:00,0.10018524,take_profit,2.81,2.51,0.33,DOGEUSDT
2024-08-28 08:00:00,long,1.468,2024-08-30 15:00:00,1.43864,stop_loss,-2.0,-2.3,0.67,WLDUSDT
2024-08-28 16:00:00,long,140.53,2024-08-28 20:00:00,145.66772,take_profit,3.66,3.36,0.33,SOLUSDT
2024-08-28 16:00:00,long,121.32,2024-08-29 16:00:00,127.7982,take_profit,5.34,5.04,0.33,AAVEUSDT
2024-08-28 16:00:00,long,0.7624,2024-08-28 18:00:00,0.8129984,take_profit,6.64,6.34,0.66,SUIUSDT
2024-08-28 16:00:00,long,4.217,2024-08-28 18:00:00,4.405092,take_profit,4.46,4.16,0.33,NEARUSDT
2024-08-28 16:00:00,long,5.235,2024-08-29 14:00:00,5.528348,take_profit,5.6,5.3,0.33,PROMUSDT
2024-08-28 16:00:00,long,7.34e-06,2024-08-28 19:00:00,7.93472e-06,take_profit,8.1,7.8,1.0,PEPEUSDT
2024-09-04 01:00:00,long,27.3,2024-09-04 04:00:00,29.011,take_profit,6.27,5.97,0.34,ZECUSDT
2024-10-01 15:00:00,long,26.7,2024-10-01 16:00:00,27.81156,take_profit,4.16,3.86,0.33,ZECUSDT
2024-10-01 17:00:00,long,1.572,2024-10-01 18:00:00,1.67348,take_profit,6.46,6.16,0.66,WLDUSDT
2024-10-01 20:00:00,long,143.5,2024-10-02 12:00:00,140.63,stop_loss,-2.0,-2.3,0.34,AAVEUSDT
2024-10-01 20:00:00,long,0.10386,2024-10-03 09:00:00,0.10178279999999999,stop_loss,-2.0,-2.3,0.33,DOGEUSDT
2024-10-02 19:00:00,long,10.45,2024-10-04 08:00:00,11.04708,take_profit,5.71,5.41,0.33,LINKUSDT
2024-10-02 22:00:00,long,4.848,2024-10-04 16:00:00,5.131672,take_profit,5.85,5.55,0.66,PROMUSDT
2024-10-03 00:00:00,long,0.5232,2024-10-03 08:00:00,0.512736,stop_loss,-2.0,-2.3,0.33,XRPUSDT
2024-10-04 00:00:00,long,1.6235,2024-10-04 01:00:00,1.7150916,take_profit,5.64,5.34,0.67,SUIUSDT
2024-10-10 17:00:00,long,1.7467,2024-10-10 19:00:00,1.81219,take_profit,3.75,3.45,0.66,SUIUSDT
2024-10-10 18:00:00,long,136.0,2024-10-10 21:00:00,140.4604,take_profit,3.28,2.98,0.33,AAVEUSDT
2024-10-20 03:00:00,long,7.281,2024-10-20 12:00:00,7.494108,take_profit,2.93,2.63,0.33,UNIUSDT
2024-10-23 18:00:00,long,2.153,2024-10-23 23:00:00,2.241264,take_profit,4.1,3.8,0.33,WLDUSDT
2024-10-24 09:00:00,long,9.67e-06,2024-10-24 13:00:00,9.96972e-06,take_profit,3.1,2.8,0.33,PEPEUSDT
2024-10-25 23:00:00,long,0.486,2024-10-26 00:00:00,0.5050216,take_profit,3.91,3.61,0.33,XRPUSDT
2024-10-28 16:00:00,long,5.87,2024-10-28 17:00:00,6.015848,take_profit,2.48,2.18,0.33,PROMUSDT
2024-11-03 15:00:00,long,1.627,2024-11-03 20:00:00,1.71314,take_profit,5.29,4.99,0.33,WLDUSDT
2024-11-03 18:00:00,long,7.87e-06,2024-11-04 21:00:00,7.7126e-06,stop_loss,-2.0,-2.3,0.33,PEPEUSDT
2024-11-04 21:00:00,long,3.506,2024-11-05 12:00:00,3.745068,take_profit,6.82,6.52,0.33,NEARUSDT
2024-11-04 21:00:00,long,6.621,2024-11-05 12:00:00,7.0236160000000005,take_profit,6.08,5.78,0.66,UNIUSDT
2024-11-04 21:00:00,long,125.73,2024-11-05 04:00:00,133.42124,take_profit,6.12,5.82,0.33,AAVEUSDT
2024-11-15 04:00:00,long,0.35327,2024-11-15 06:00:00,0.36824419999999997,take_profit,4.24,3.94,0.34,DOGEUSDT
2024-11-17 02:00:00,long,1.943e-05,2024-11-17 04:00:00,2.050852e-05,take_profit,5.55,5.25,0.33,PEPEUSDT
2024-11-21 02:00:00,long,2.023,2024-11-21 04:00:00,2.099228,take_profit,3.77,3.47,0.34,WLDUSDT
2024-11-24 16:00:00,long,10.103,2024-11-24 17:00:00,10.406495999999999,take_profit,3.0,2.7,0.33,UNIUSDT
2024-11-24 16:00:00,long,1.908e-05,2024-11-24 20:00:00,1.984936e-05,take_profit,4.03,3.73,0.34,PEPEUSDT
2024-11-26 18:00:00,long,5.956,2024-11-26 20:00:00,6.152588000000001,take_profit,3.3,3.0,0.66,NEARUSDT
2024-12-02 17:00:00,long,3.1875,2024-12-02 21:00:00,3.28013,take_profit,2.91,2.61,0.33,SUIUSDT
2024-12-02 17:00:00,long,1.962e-05,2024-12-03 03:00:00,2.0495559999999998e-05,take_profit,4.46,4.16,0.33,PEPEUSDT
2024-12-03 19:00:00,long,1.1671,2024-12-03 20:00:00,1.2046948,take_profit,3.22,2.92,0.33,ADAUSDT
2024-12-04 23:00:00,long,0.3228,2024-12-05 03:00:00,0.31634399999999996,stop_loss,-2.0,-2.3,0.33,TRXUSDT
2024-12-09 21:00:00,long,2.5,2024-12-09 22:00:00,2.845976,take_profit,13.84,13.54,0.67,WLDUSDT
2024-12-09 21:00:00,long,14.0,2024-12-09 22:00:00,15.29092,take_profit,9.22,8.92,0.67,UNIUSDT
2024-12-09 22:00:00,long,5.901,2024-12-09 23:00:00,6.429404,take_profit,8.95,8.65,0.34,NEARUSDT
2024-12-10 03:00:00,long,2.0403,2024-12-10 05:00:00,2.1834575999999997,take_profit,7.02,6.72,0.33,XRPUSDT
2024-12-10 03:00:00,long,3.5337,2024-12-10 04:00:00,3.7377456000000002,take_profit,5.77,5.47,0.33,SUIUSDT
2024-12-10 03:00:00,long,0.3867,2024-12-10 05:00:00,0.40600244,take_profit,4.99,4.69,0.67,DOGEUSDT
2024-12-10 03:00:00,long,6.116,2024-12-10 15:00:00,5.9936799999999995,stop_loss,-2.0,-2.3,0.33,PROMUSDT
2024-12-10 03:00:00,long,54.08,2024-12-10 10:00:00,59.014759999999995,take_profit,9.12,8.82,0.33,ZECUSDT
2024-12-11 02:00:00,long,0.8573,2024-12-11 03:00:00,0.8963108,take_profit,4.55,4.25,0.67,ENAUSDT
2024-12-18 04:00:00,long,26.8,2024-12-18 11:00:00,27.7558,take_profit,3.57,3.27,0.33,LINKUSDT
2024-12-18 20:00:00,long,2.35,2024-12-19 02:00:00,2.303,stop_loss,-2.0,-2.3,0.67,WLDUSDT
2024-12-19 02:00:00,long,0.34036,2024-12-19 03:00:00,0.35797503999999997,take_profit,5.18,4.88,0.33,DOGEUSDT
2024-12-19 20:00:00,long,5.309,2024-12-20 08:00:00,5.20282,stop_loss,-2.0,-2.3,0.33,PROMUSDT
2024-12-20 00:00:00,long,12.467,2024-12-20 08:00:00,12.21766,stop_loss,-2.0,-2.3,0.33,UNIUSDT
2024-12-20 00:00:00,long,2.143,2024-12-20 01:00:00,2.2274879999999997,take_profit,3.94,3.64,0.33,WLDUSDT
2024-12-20 08:00:00,long,0.8637,2024-12-20 11:00:00,0.846426,stop_loss,-2.0,-2.3,0.34,ENAUSDT
2024-12-20 12:00:00,long,3101.9,2024-12-20 14:00:00,3339.2924000000003,take_profit,7.65,7.35,0.33,ETHUSDT
2024-12-22 05:00:00,long,0.9901,2024-12-22 08:00:00,1.0461264,take_profit,5.66,5.36,0.33,ENAUSDT
2025-01-08 17:00:00,long,5.316,2025-01-10 07:00:00,5.627048,take_profit,5.85,5.55,0.33,PROMUSDT
2025-01-08 17:00:00,long,47.4,2025-01-09 01:00:00,50.8574,take_profit,7.29,6.99,0.33,ZECUSDT
2025-01-08 17:00:00,long,0.32444,2025-01-08 18:00:00,0.34197952,take_profit,5.41,5.11,0.33,DOGEUSDT
2025-01-09 08:00:00,long,2.119,2025-01-09 20:00:00,2.07662,stop_loss,-2.0,-2.3,0.67,WLDUSDT
2025-01-09 14:00:00,long,273.47,2025-01-10 06:00:00,294.19316000000003,take_profit,7.58,7.28,0.33,AAVEUSDT
2025-01-09 14:00:00,long,12.367,2025-01-10 01:00:00,13.142732,take_profit,6.27,5.97,0.33,UNIUSDT
2025-01-13 18:00:00,long,1.845,2025-01-13 20:00:00,1.936804,take_profit,4.98,4.68,0.33,WLDUSDT
2025-01-17 12:00:00,long,7.162,2025-01-17 13:00:00,7.41216,take_profit,3.49,3.19,0.67,PROMUSDT
2025-01-19 11:00:00,long,1.52e-05,2025-01-19 12:00:00,1.612748e-05,take_profit,6.1,5.8,0.33,PEPEUSDT
2025-01-19 11:00:00,long,22.19,2025-01-19 12:00:00,22.8154,take_profit,2.82,2.52,0.33,LINKUSDT
2025-01-20 03:00:00,long,229.44,2025-01-20 04:00:00,243.31916,take_profit,6.05,5.75,1.0,SOLUSDT
2025-01-21 04:00:00,long,4.881,2025-01-21 10:00:00,5.059416,take_profit,3.66,3.36,0.34,NEARUSDT
2025-01-27 18:00:00,long,1.832,2025-01-27 21:00:00,1.94882,take_profit,6.38,6.08,0.33,WLDUSDT
2025-01-27 18:00:00,long,4.425,2025-01-27 20:00:00,4.60318,take_profit,4.03,3.73,0.33,NEARUSDT
2025-01-27 18:00:00,long,223.92,2025-01-27 20:00:00,234.83736,take_profit,4.88,4.58,0.67,SOLUSDT
2025-01-27 18:00:00,long,1.232e-05,2025-01-27 21:00:00,1.323096e-05,take_profit,7.39,7.09,0.67,PEPEUSDT
2025-02-02 03:00:00,long,4.5,2025-02-02 05:00:00,4.684552,take_profit,4.1,3.8,0.33,PROMUSDT
2025-02-02 11:00:00,long,1.172e-05,2025-02-02 16:00:00,1.1485599999999999e-05,stop_loss,-2.0,-2.3,0.34,PEPEUSDT
2025-02-02 12:00:00,long,0.6381,2025-02-02 16:00:00,0.625338,stop_loss,-2.0,-2.3,0.67,ENAUSDT
2025-02-02 19:00:00,long,20.08,2025-02-02 22:00:00,19.678399999999996,stop_loss,-2.0,-2.3,0.33,LINKUSDT
2025-02-02 19:00:00,long,1.355,2025-02-02 22:00:00,1.3278999999999999,stop_loss,-2.0,-2.3,0.33,WLDUSDT
2025-02-02 22:00:00,long,31.49,2025-02-03 00:00:00,30.8602,stop_loss,-2.0,-2.3,0.33,ZECUSDT
2025-02-02 22:00:00,long,2.4603,2025-02-02 23:00:00,2.5772616,take_profit,4.75,4.45,0.67,XRPUSDT
2025-02-03 05:00:00,long,221.99,2025-02-03 06:00:00,233.92216000000002,take_profit,5.38,5.08,0.34,AAVEUSDT
2025-02-03 14:00:00,long,3.662,2025-02-03 15:00:00,3.91216,take_profit,6.83,6.53,0.33,PROMUSDT
2025-02-06 23:00:00,long,0.464,2025-02-07 01:00:00,0.5006508000000001,take_profit,7.9,7.6,0.34,ENAUSDT
2025-02-07 06:00:00,long,3.0805,2025-02-07 10:00:00,3.2314692,take_profit,4.9,4.6,0.34,SUIUSDT
2025-02-07 06:00:00,long,8.98e-06,2025-02-07 07:00:00,9.329280000000001e-06,take_profit,3.89,3.59,0.66,PEPEUSDT
2025-02-19 21:00:00,long,1.108,2025-02-20 00:00:00,1.14812,take_profit,3.62,3.32,0.67,WLDUSDT
2025-02-24 22:00:00,long,7.784,2025-02-25 07:00:00,7.6283199999999995,stop_loss,-2.0,-2.3,0.66,UNIUSDT
2025-02-24 22:00:00,long,31.77,2025-02-24 23:00:00,33.28748,take_profit,4.78,4.48,0.33,ZECUSDT
2025-02-25 00:00:00,long,0.20378,2025-02-25 07:00:00,0.19970439999999998,stop_loss,-2.0,-2.3,0.33,DOGEUSDT
2025-02-25 04:00:00,long,136.06,2025-02-25 07:00:00,133.3388,stop_loss,-2.0,-2.3,0.34,SOLUSDT
2025-02-25 07:00:00,long,189.51,2025-02-26 03:00:00,208.2956,take_profit,9.91,9.61,0.67,AAVEUSDT
2025-02-25 07:00:00,long,2.0906,2025-02-25 12:00:00,2.2459824,take_profit,7.43,7.13,0.66,XRPUSDT
2025-02-25 07:00:00,long,2.6386,2025-02-25 12:00:00,2.829996,take_profit,7.25,6.95,0.33,SUIUSDT
2025-02-25 10:00:00,long,14.25,2025-02-25 20:00:00,15.385159999999999,take_profit,7.97,7.67,0.34,LINKUSDT
2025-02-25 10:00:00,long,2.814,2025-02-25 22:00:00,3.00988,take_profit,6.96,6.66,0.66,NEARUSDT
2025-02-28 04:00:00,long,0.2171,2025-02-28 11:00:00,0.22500599999999998,take_profit,3.64,3.34,0.66,TRXUSDT
2025-03-01 13:00:00,long,183.47,2025-03-01 16:00:00,189.74996,take_profit,3.42,3.12,0.34,AAVEUSDT
2025-03-03 21:00:00,long,0.832,2025-03-04 01:00:00,0.81536,stop_loss,-2.0,-2.3,1.0,ADAUSDT
2025-03-04 02:00:00,long,2.2123,2025-03-04 10:00:00,2.3905507999999998,take_profit,8.06,7.76,0.33,XRPUSDT
2025-03-04 02:00:00,long,0.18544,2025-03-04 14:00:00,0.19883064,take_profit,7.22,6.92,0.33,DOGEUSDT
2025-03-04 13:00:00,long,0.945,2025-03-04 16:00:00,0.9260999999999999,stop_loss,-2.0,-2.3,0.33,WLDUSDT
2025-03-04 13:00:00,long,6.66e-06,2025-03-04 16:00:00,6.5268e-06,stop_loss,-2.0,-2.3,0.33,PEPEUSDT
2025-03-04 13:00:00,long,13.38,2025-03-04 16:00:00,13.112400000000001,stop_loss,-2.0,-2.3,0.34,LINKUSDT
2025-03-04 16:00:00,long,2.2559,2025-03-04 18:00:00,2.4908144,take_profit,10.41,10.11,0.33,SUIUSDT
2025-03-06 17:00:00,long,0.8854,2025-03-06 21:00:00,0.9122804,take_profit,3.04,2.74,0.33,ADAUSDT
2025-03-08 09:00:00,long,5.872,2025-03-08 12:00:00,6.097616,take_profit,3.84,3.54,0.33,PROMUSDT
2025-03-09 18:00:00,long,5.72e-06,2025-03-10 04:00:00,6.10704e-06,take_profit,6.77,6.47,0.33,PEPEUSDT
2025-03-09 18:00:00,long,29.17,2025-03-10 02:00:00,31.128800000000002,take_profit,6.72,6.42,0.33,ZECUSDT
2025-03-10 00:00:00,long,2.0872,2025-03-10 02:00:00,2.2011172,take_profit,5.46,5.16,0.33,XRPUSDT
2025-03-10 00:00:00,long,0.7024,2025-03-10 01:00:00,0.7346848,take_profit,4.6,4.3,0.33,ADAUSDT
2025-03-10 00:00:00,long,2.2651,2025-03-10 09:00:00,2.40375,take_profit,6.12,5.82,0.67,SUIUSDT
2025-03-10 10:00:00,long,2.566,2025-03-10 14:00:00,2.51468,stop_loss,-2.0,-2.3,0.33,NEARUSDT
2025-03-10 19:00:00,long,12.41,2025-03-11 00:00:00,12.1618,stop_loss,-2.0,-2.3,0.67,LINKUSDT
2025-03-11 00:00:00,long,0.699,2025-03-11 02:00:00,0.759652,take_profit,8.68,8.38,0.67,WLDUSDT
2025-03-11 00:00:00,long,1754.28,2025-03-11 02:00:00,1867.7133999999999,take_profit,6.47,6.17,0.33,ETHUSDT
2025-03-11 00:00:00,long,5.25e-06,2025-03-11 01:00:00,5.56152e-06,take_profit,5.93,5.63,0.66,PEPEUSDT
2025-03-11 00:00:00,long,507.0,2025-03-11 02:00:00,531.9924,take_profit,4.93,4.63,0.33,BNBUSDT
2025-03-11 00:00:00,long,112.0,2025-03-11 03:00:00,121.17568,take_profit,8.19,7.89,0.33,SOLUSDT
2025-03-11 00:00:00,long,76606.0,2025-03-11 05:00:00,80430.29504,take_profit,4.99,4.69,0.33,BTCUSDT
2025-03-22 05:00:00,long,29.84,2025-03-22 08:00:00,30.99404,take_profit,3.87,3.57,0.33,ZECUSDT
2025-03-31 10:00:00,long,2.0238,2025-04-01 08:00:00,2.1520424,take_profit,6.34,6.04,0.33,XRPUSDT
2025-04-01 14:00:00,long,0.16724,2025-04-02 15:00:00,0.17635196,take_profit,5.45,5.15,0.33,DOGEUSDT
2025-04-06 07:00:00,long,36.52,2025-04-06 08:00:00,37.63628,take_profit,3.06,2.76,0.33,ZECUSDT
2025-04-07 06:00:00,long,4.602,2025-04-07 08:00:00,4.9394800000000005,take_profit,7.33,7.03,0.33,UNIUSDT
2025-04-07 06:00:00,long,1411.01,2025-04-07 13:00:00,1539.86364,take_profit,9.13,8.83,0.66,ETHUSDT
2025-04-07 06:00:00,long,10.1,2025-04-07 08:00:00,10.8316,take_profit,7.24,6.94,0.33,LINKUSDT
2025-04-07 06:00:00,long,0.573,2025-04-07 08:00:00,0.619964,take_profit,8.2,7.9,0.33,WLDUSDT
2025-04-07 08:00:00,long,1.978,2025-04-07 13:00:00,2.11842,take_profit,7.1,6.8,0.33,NEARUSDT
2025-04-09 12:00:00,long,1.828,2025-04-09 13:00:00,1.908712,take_profit,4.42,4.12,0.33,NEARUSDT
2025-04-16 17:00:00,long,0.2614,2025-04-16 20:00:00,0.2756308,take_profit,5.44,5.14,0.67,ENAUSDT
2025-04-17 14:00:00,long,0.681,2025-04-17 16:00:00,0.704364,take_profit,3.43,3.13,0.33,WLDUSDT
2025-05-05 20:00:00,long,0.852,2025-05-06 18:00:00,0.911708,take_profit,7.01,6.71,0.33,WLDUSDT
2025-05-06 11:00:00,long,7.58e-06,2025-05-06 19:00:00,7.93636e-06,take_profit,4.7,4.4,0.33,PEPEUSDT
2025-05-06 16:00:00,long,0.2563,2025-05-06 23:00:00,0.2707904,take_profit,5.65,5.35,0.33,ENAUSDT
2025-05-13 03:00:00,long,0.3573,2025-05-13 07:00:00,0.3766992,take_profit,5.43,5.13,0.33,ENAUSDT
2025-05-15 14:00:00,long,0.3641,2025-05-15 16:00:00,0.3875112,take_profit,6.43,6.13,0.33,ENAUSDT
2025-05-17 16:00:00,long,1.056,2025-05-18 05:00:00,1.0947040000000001,take_profit,3.67,3.37,0.33,WLDUSDT
2025-05-23 16:00:00,long,1.457e-05,2025-05-23 17:00:00,1.4982999999999999e-05,take_profit,2.83,2.53,0.67,PEPEUSDT
2025-05-24 08:00:00,long,0.3645,2025-05-25 01:00:00,0.35720999999999997,stop_loss,-2.0,-2.3,0.33,ENAUSDT
2025-05-30 16:00:00,long,1.166,2025-05-30 22:00:00,1.14268,stop_loss,-2.0,-2.3,0.33,WLDUSDT
2025-05-30 16:00:00,long,0.19331,2025-05-31 00:00:00,0.1894438,stop_loss,-2.0,-2.3,0.66,DOGEUSDT
2025-05-30 16:00:00,long,0.6821,2025-05-30 18:00:00,0.7041660000000001,take_profit,3.24,2.94,0.33,ADAUSDT
2025-05-30 16:00:00,long,240.0,2025-05-30 18:00:00,250.11024,take_profit,4.21,3.91,0.33,AAVEUSDT
2025-06-01 02:00:00,long,5.883,2025-06-01 04:00:00,6.070384,take_profit,3.19,2.89,0.33,UNIUSDT
2025-06-05 20:00:00,long,5.795,2025-06-06 14:00:00,6.106284,take_profit,5.37,5.07,0.34,UNIUSDT
2025-06-05 20:00:00,long,1.037e-05,2025-06-06 06:00:00,1.098124e-05,take_profit,5.89,5.59,0.34,PEPEUSDT
2025-06-13 13:00:00,long,7.195,2025-06-13 15:00:00,7.544752,take_profit,4.86,4.56,0.34,UNIUSDT
2025-06-13 18:00:00,long,277.46,2025-06-13 23:00:00,288.7762,take_profit,4.08,3.78,0.67,AAVEUSDT
2025-06-18 08:00:00,long,2.68,2025-06-18 09:00:00,2.7930204,take_profit,4.22,3.92,0.34,SUIUSDT
2025-06-18 13:00:00,long,2.072,2025-06-18 14:00:00,2.14634,take_profit,3.59,3.29,0.34,NEARUSDT
2025-06-21 21:00:00,long,130.9,2025-06-22 00:00:00,136.42948,take_profit,4.22,3.92,0.34,SOLUSDT
2025-06-22 20:00:00,long,0.1427,2025-06-22 22:00:00,0.14966672,take_profit,4.88,4.58,0.33,DOGEUSDT
2025-06-22 20:00:00,long,2111.89,2025-06-23 00:00:00,2246.0442,take_profit,6.35,6.05,1.0,ETHUSDT
2025-06-22 20:00:00,long,36.46,2025-06-22 22:00:00,37.70608,take_profit,3.42,3.12,0.34,ZECUSDT
2025-06-22 20:00:00,long,1.793,2025-06-22 22:00:00,1.8678119999999998,take_profit,4.17,3.87,0.34,NEARUSDT
2025-06-22 20:00:00,long,10.94,2025-06-23 00:00:00,11.70228,take_profit,6.97,6.67,0.33,LINKUSDT
2025-06-22 20:00:00,long,0.2224,2025-06-22 22:00:00,0.2347428,take_profit,5.55,5.25,0.33,ENAUSDT
2025-06-22 20:00:00,long,2.2937,2025-06-22 22:00:00,2.433294,take_profit,6.09,5.79,0.34,SUIUSDT
2025-06-23 16:00:00,long,0.5289,2025-06-23 17:00:00,0.5484408000000001,take_profit,3.69,3.39,0.67,ADAUSDT
2025-07-20 21:00:00,long,8.508,2025-07-20 22:00:00,8.822351999999999,take_profit,3.69,3.39,0.33,PROMUSDT
2025-07-24 06:00:00,long,1.185e-05,2025-07-24 08:00:00,1.25344e-05,take_profit,5.78,5.48,0.67,PEPEUSDT
2025-07-24 07:00:00,long,39.32,2025-07-24 10:00:00,40.89884,take_profit,4.02,3.72,0.34,ZECUSDT
2025-07-24 07:00:00,long,0.7613,2025-07-24 08:00:00,0.7962988,take_profit,4.6,4.3,0.33,ADAUSDT
2025-07-24 07:00:00,long,17.15,2025-07-24 08:00:00,17.82024,take_profit,3.91,3.61,0.33,LINKUSDT
2025-07-30 00:00:00,long,0.5537,2025-07-30 02:00:00,0.5843564,take_profit,5.54,5.24,0.67,ENAUSDT
2025-08-01 08:00:00,long,0.952,2025-08-01 12:00:00,0.9855119999999999,take_profit,3.52,3.22,0.33,WLDUSDT
2025-08-02 18:00:00,long,2.301,2025-08-03 07:00:00,2.403896,take_profit,4.47,4.17,0.33,NEARUSDT
2025-08-02 18:00:00,long,34.58,2025-08-03 15:00:00,36.30752,take_profit,5.0,4.7,0.67,ZECUSDT
2025-08-22 12:00:00,long,2.369,2025-08-22 14:00:00,2.482044,take_profit,4.77,4.47,0.33,NEARUSDT
2025-08-27 01:00:00,long,0.6086,2025-08-28 11:00:00,0.647776,take_profit,6.44,6.14,0.33,ENAUSDT
2025-08-29 09:00:00,long,0.8148,2025-09-01 05:00:00,0.798504,stop_loss,-2.0,-2.3,0.34,ADAUSDT
2025-08-29 09:00:00,long,9.65e-06,2025-09-01 02:00:00,9.457000000000001e-06,stop_loss,-2.0,-2.3,0.67,PEPEUSDT
2025-08-29 09:00:00,long,9.366,2025-08-31 03:00:00,9.90054,take_profit,5.71,5.41,0.33,UNIUSDT
2025-08-29 18:00:00,long,3.2106,2025-09-01 04:00:00,3.146388,stop_loss,-2.0,-2.3,0.67,SUIUSDT
2025-08-30 02:00:00,long,22.83,2025-08-31 00:00:00,23.5852,take_profit,3.31,3.01,0.34,LINKUSDT
2025-09-11 14:00:00,long,0.748,2025-09-11 18:00:00,0.7693816,take_profit,2.86,2.56,0.33,ENAUSDT
2025-09-16 14:00:00,long,0.257,2025-09-16 17:00:00,0.26829968,take_profit,4.4,4.1,1.0,DOGEUSDT
2025-09-17 04:00:00,long,0.6708,2025-09-17 12:00:00,0.6954148,take_profit,3.67,3.37,0.33,ENAUSDT
2025-09-23 03:00:00,long,0.5802,2025-09-23 08:00:00,0.6135940000000001,take_profit,5.76,5.46,0.33,ENAUSDT
2025-09-24 04:00:00,long,7.831,2025-09-25 04:00:00,7.67438,stop_loss,-2.0,-2.3,0.33,UNIUSDT
2025-09-24 04:00:00,long,20.98,2025-09-25 12:00:00,20.5604,stop_loss,-2.0,-2.3,0.33,LINKUSDT
2025-09-24 04:00:00,long,0.7901,2025-09-24 14:00:00,0.8287804,take_profit,4.9,4.6,0.66,ADAUSDT
2025-10-04 03:00:00,long,124.03,2025-10-04 04:00:00,132.04692,take_profit,6.46,6.16,0.33,ZECUSDT
2025-10-07 06:00:00,long,142.4,2025-10-07 08:00:00,150.65056,take_profit,5.79,5.49,0.33,ZECUSDT
2025-10-10 21:00:00,long,2.79e-06,2025-10-10 22:00:00,4.4325599999999995e-06,take_profit,58.87,58.57,0.67,PEPEUSDT
2025-10-10 23:00:00,long,217.33,2025-10-11 02:00:00,233.83348,take_profit,7.59,7.29,0.34,AAVEUSDT
2025-10-11 00:00:00,long,1073.0,2025-10-11 02:00:00,1131.292,take_profit,5.43,5.13,0.34,BNBUSDT
2025-10-11 00:00:00,long,0.6195,2025-10-11 09:00:00,0.681214,take_profit,9.96,9.66,0.34,ADAUSDT
2025-10-11 01:00:00,long,182.16,2025-10-11 19:00:00,178.5168,stop_loss,-2.0,-2.3,0.34,SOLUSDT
2025-10-12 02:00:00,long,0.3459,2025-10-12 12:00:00,0.3726152,take_profit,7.72,7.42,0.34,ENAUSDT
2025-10-14 08:00:00,long,217.59,2025-10-14 09:00:00,230.73284,take_profit,6.04,5.74,0.33,ZECUSDT
2025-10-15 21:00:00,long,1148.92,2025-10-16 16:00:00,1125.9416,stop_loss,-2.0,-2.3,0.67,BNBUSDT
2025-10-16 00:00:00,long,222.0,2025-10-16 03:00:00,235.216,take_profit,5.95,5.65,0.66,ZECUSDT
2025-10-17 14:00:00,long,200.17,2025-10-18 19:00:00,214.92471999999998,take_profit,7.37,7.07,0.66,AAVEUSDT
2025-10-22 23:00:00,long,226.26,2025-10-23 00:00:00,238.41636,take_profit,5.37,5.07,0.67,ZECUSDT
2025-10-30 17:00:00,long,0.3811,2025-11-01 21:00:00,0.373478,stop_loss,-2.0,-2.3,0.67,ENAUSDT
2025-10-31 17:00:00,long,5.612,2025-11-02 07:00:00,5.913136,take_profit,5.37,5.07,0.33,UNIUSDT
2025-10-31 17:00:00,long,2.069,2025-11-01 08:00:00,2.1516,take_profit,3.99,3.69,0.33,NEARUSDT
2025-10-31 17:00:00,long,2.2989,2025-10-31 19:00:00,2.3681188,take_profit,3.01,2.71,0.33,SUIUSDT
2025-11-03 20:00:00,long,0.3247,2025-11-04 03:00:00,0.3415268,take_profit,5.18,4.88,0.33,ENAUSDT
2025-11-03 21:00:00,long,197.42,2025-11-04 07:00:00,193.4716,stop_loss,-2.0,-2.3,0.33,AAVEUSDT
2025-11-03 21:00:00,long,5.63e-06,2025-11-04 05:00:00,5.5174e-06,stop_loss,-2.0,-2.3,0.66,PEPEUSDT
2025-11-03 23:00:00,long,0.16433,2025-11-04 05:00:00,0.1610434,stop_loss,-2.0,-2.3,0.33,DOGEUSDT
2025-11-04 05:00:00,long,0.697,2025-11-04 17:00:00,0.6830599999999999,stop_loss,-2.0,-2.3,0.33,WLDUSDT
2025-11-04 07:00:00,long,0.5304,2025-11-04 17:00:00,0.5197919999999999,stop_loss,-2.0,-2.3,0.67,ADAUSDT
2025-11-04 08:00:00,long,14.52,2025-11-04 18:00:00,14.2296,stop_loss,-2.0,-2.3,0.33,LINKUSDT
2025-11-04 21:00:00,long,880.8,2025-11-04 22:00:00,939.505,take_profit,6.66,6.36,0.66,BNBUSDT
2025-11-04 21:00:00,long,145.85,2025-11-05 05:00:00,158.20224,take_profit,8.47,8.17,1.0,SOLUSDT
2025-11-05 01:00:00,long,3166.66,2025-11-05 16:00:00,3423.2061599999997,take_profit,8.1,7.8,0.66,ETHUSDT
2025-11-08 14:00:00,long,8.5,2025-11-09 02:00:00,9.032416,take_profit,6.26,5.96,0.67,PROMUSDT
2025-11-12 16:00:00,long,2.478,2025-11-13 17:00:00,2.42844,stop_loss,-2.0,-2.3,0.33,NEARUSDT
2025-11-14 04:00:00,long,5.1e-06,2025-11-14 05:00:00,5.336e-06,take_profit,4.63,4.33,0.66,PEPEUSDT
2025-11-14 04:00:00,long,13.9,2025-11-14 06:00:00,14.454600000000001,take_profit,3.99,3.69,0.66,LINKUSDT
2025-11-14 12:00:00,long,3070.0,2025-11-14 14:00:00,3192.29284,take_profit,3.98,3.68,0.33,ETHUSDT
2025-11-14 12:00:00,long,0.15767,2025-11-14 14:00:00,0.16259768,take_profit,3.13,2.83,0.33,DOGEUSDT
2025-11-14 12:00:00,long,0.4998,2025-11-14 15:00:00,0.5189396000000001,take_profit,3.83,3.53,0.66,ADAUSDT
2025-11-14 12:00:00,long,135.76,2025-11-14 14:00:00,141.74967999999998,take_profit,4.41,4.11,0.66,SOLUSDT
2025-11-14 12:00:00,long,1.7422,2025-11-14 23:00:00,1.7073559999999999,stop_loss,-2.0,-2.3,0.33,SUIUSDT
2025-11-14 12:00:00,long,173.04,2025-11-16 16:00:00,169.5792,stop_loss,-2.0,-2.3,0.33,AAVEUSDT
2025-11-15 12:00:00,long,623.97,2025-11-15 13:00:00,652.0610800000001,take_profit,4.5,4.2,0.66,ZECUSDT
2025-11-17 13:00:00,long,0.658,2025-11-17 14:00:00,0.677588,take_profit,2.98,2.68,0.33,WLDUSDT
2025-11-21 07:00:00,long,5.913,2025-11-21 08:00:00,6.2639320000000005,take_profit,5.93,5.63,0.66,UNIUSDT
2025-11-21 12:00:00,long,0.576,2025-11-21 13:00:00,0.608568,take_profit,5.65,5.35,0.67,WLDUSDT
2025-11-21 12:00:00,long,0.222,2025-11-21 13:00:00,0.2347676,take_profit,5.75,5.45,0.67,ENAUSDT
2025-11-21 12:00:00,long,0.3876,2025-11-21 13:00:00,0.40787239999999997,take_profit,5.23,4.93,0.33,ADAUSDT
2025-11-21 12:00:00,long,1.8209,2025-11-21 13:00:00,1.9201143999999999,take_profit,5.45,5.15,0.34,XRPUSDT
2025-11-21 12:00:00,long,790.79,2025-11-21 13:00:00,826.2537199999999,take_profit,4.48,4.18,0.66,BNBUSDT
2025-11-21 12:00:00,long,0.13321,2025-11-21 13:00:00,0.13946635999999998,take_profit,4.7,4.4,0.34,DOGEUSDT
2025-11-22 05:00:00,long,470.32,2025-11-22 06:00:00,511.78048,take_profit,8.82,8.52,0.33,ZECUSDT
2025-12-06 20:00:00,long,326.19,2025-12-07 05:00:00,345.80868,take_profit,6.01,5.71,0.33,ZECUSDT
2025-12-07 22:00:00,long,0.557,2025-12-08 01:00:00,0.582488,take_profit,4.58,4.28,0.34,WLDUSDT
2025-12-12 00:00:00,long,1.646,2025-12-12 05:00:00,1.702404,take_profit,3.43,3.13,0.33,NEARUSDT
2025-12-16 04:00:00,long,0.211,2025-12-17 14:00:00,0.20678,stop_loss,-2.0,-2.3,0.33,ENAUSDT
2025-12-17 08:00:00,long,0.51,2025-12-17 14:00:00,0.531476,take_profit,4.21,3.91,0.66,WLDUSDT
2025-12-24 11:00:00,long,6.814,2025-12-25 15:00:00,7.451672,take_profit,9.36,9.06,0.33,PROMUSDT
2026-01-08 16:00:00,long,416.23,2026-01-09 04:00:00,443.07972,take_profit,6.45,6.15,0.33,ZECUSDT
2026-01-09 01:00:00,long,5.94e-06,2026-01-09 13:00:00,6.21376e-06,take_profit,4.61,4.31,0.67,PEPEUSDT
2026-01-09 08:00:00,long,2.0727,2026-01-09 15:00:00,2.154002,take_profit,3.92,3.62,0.34,XRPUSDT
2026-01-09 08:00:00,long,0.2284,2026-01-09 13:00:00,0.2366364,take_profit,3.61,3.31,0.66,ENAUSDT
2026-01-11 23:00:00,long,0.5575,2026-01-12 02:00:00,0.5795188,take_profit,3.95,3.65,0.33,WLDUSDT
2026-01-16 03:00:00,long,4.219,2026-01-16 05:00:00,4.13462,stop_loss,-2.0,-2.3,0.67,PROMUSDT
2026-01-18 03:00:00,long,3.546,2026-01-18 11:00:00,3.4750799999999997,stop_loss,-2.0,-2.3,0.33,PROMUSDT
2026-01-19 00:00:00,long,336.0,2026-01-19 01:00:00,362.72936,take_profit,7.96,7.66,0.33,ZECUSDT
2026-01-19 16:00:00,long,2.808,2026-01-19 19:00:00,2.9880679999999997,take_profit,6.41,6.11,0.66,PROMUSDT
2026-01-20 22:00:00,long,0.3467,2026-01-21 19:00:00,0.3657216,take_profit,5.49,5.19,0.34,ADAUSDT
2026-01-20 22:00:00,long,151.72,2026-01-21 14:00:00,158.4814,take_profit,4.46,4.16,0.33,AAVEUSDT
2026-01-20 22:00:00,long,1.4473,2026-01-21 19:00:00,1.5431868,take_profit,6.63,6.33,0.33,SUIUSDT
2026-01-30 01:00:00,long,1.257,2026-01-31 08:00:00,1.23186,stop_loss,-2.0,-2.3,0.67,SUIUSDT
2026-01-30 18:00:00,long,320.73,2026-01-30 19:00:00,340.613,take_profit,6.2,5.9,0.33,ZECUSDT
2026-01-30 18:00:00,long,1.289,2026-01-31 14:00:00,1.26322,stop_loss,-2.0,-2.3,0.67,NEARUSDT
2026-01-31 14:00:00,long,3.891,2026-01-31 17:00:00,3.81318,stop_loss,-2.0,-2.3,0.66,UNIUSDT
2026-01-31 18:00:00,long,8.97,2026-01-31 21:00:00,9.84084,take_profit,9.71,9.41,0.33,LINKUSDT
2026-01-31 18:00:00,long,1.5028,2026-01-31 21:00:00,1.6120208,take_profit,7.27,6.97,0.66,XRPUSDT
2026-01-31 18:00:00,long,0.2685,2026-01-31 23:00:00,0.2926192,take_profit,8.98,8.68,0.33,ADAUSDT
2026-01-31 18:00:00,long,75719.9,2026-02-01 00:00:00,79379.10124,take_profit,4.83,4.53,0.33,BTCUSDT
2026-02-01 15:00:00,long,100.21,2026-02-01 23:00:00,98.2058,stop_loss,-2.0,-2.3,0.33,SOLUSDT
2026-02-01 23:00:00,long,0.10103,2026-02-02 14:00:00,0.10733592,take_profit,6.24,5.94,0.33,DOGEUSDT
2026-02-04 22:00:00,long,89.3,2026-02-05 09:00:00,93.26952,take_profit,4.45,4.15,0.34,SOLUSDT
2026-02-05 20:00:00,long,0.2436,2026-02-06 00:00:00,0.238728,stop_loss,-2.0,-2.3,0.34,ADAUSDT
2026-02-05 20:00:00,long,7.85,2026-02-06 00:00:00,7.693,stop_loss,-2.0,-2.3,0.67,LINKUSDT
2026-02-05 20:00:00,long,1825.06,2026-02-05 21:00:00,1912.2974,take_profit,4.78,4.48,0.33,ETHUSDT
2026-02-05 20:00:00,long,0.3425,2026-02-06 00:00:00,0.33565,stop_loss,-2.0,-2.3,1.0,WLDUSDT
2026-02-05 20:00:00,long,1.093,2026-02-06 00:00:00,1.07114,stop_loss,-2.0,-2.3,0.33,PROMUSDT
2026-02-05 20:00:00,long,3.125,2026-02-06 00:00:00,3.0625,stop_loss,-2.0,-2.3,0.66,UNIUSDT
2026-02-05 20:00:00,long,0.876,2026-02-06 00:00:00,0.85848,stop_loss,-2.0,-2.3,0.66,SUIUSDT
2026-02-05 20:00:00,long,0.1131,2026-02-06 00:00:00,0.110838,stop_loss,-2.0,-2.3,0.33,ENAUSDT
2026-02-05 22:00:00,long,98.64,2026-02-06 00:00:00,96.6672,stop_loss,-2.0,-2.3,0.67,AAVEUSDT
2026-02-06 00:00:00,long,570.06,2026-02-06 01:00:00,618.5225999999999,take_profit,8.5,8.2,0.33,BNBUSDT
2026-02-06 00:00:00,long,0.841,2026-02-06 01:00:00,0.9110919999999999,take_profit,8.33,8.03,0.67,NEARUSDT
2026-02-06 00:00:00,long,1.1172,2026-02-06 01:00:00,1.2446164,take_profit,11.4,11.1,0.33,XRPUSDT
2026-02-12 20:00:00,long,76.6,2026-02-13 08:00:00,79.5736,take_profit,3.88,3.58,0.33,SOLUSDT
2026-02-20 13:00:00,long,250.2,2026-02-20 15:00:00,262.93692,take_profit,5.09,4.79,0.33,ZECUSDT
2026-02-20 13:00:00,long,3.309,2026-02-20 14:00:00,3.385228,take_profit,2.3,2.0,0.33,UNIUSDT
2026-02-28 08:00:00,long,203.5,2026-02-28 18:00:00,216.22748,take_profit,6.25,5.95,0.33,ZECUSDT
2026-02-28 10:00:00,long,0.2783,2026-03-08 15:00:00,0.2883772,take_profit,3.62,3.32,0.67,TRXUSDT
2026-03-08 22:00:00,long,0.8654,2026-03-09 00:00:00,0.893956,take_profit,3.3,3.0,0.66,SUIUSDT
2026-03-18 17:00:00,long,3.43e-06,2026-03-19 12:00:00,3.3614e-06,stop_loss,-2.0,-2.3,0.33,PEPEUSDT
2026-03-19 17:00:00,long,230.7,2026-03-20 10:00:00,244.1874,take_profit,5.85,5.55,0.33,ZECUSDT
2026-03-23 09:00:00,long,215.24,2026-03-23 11:00:00,223.54484000000002,take_profit,3.86,3.56,0.34,ZECUSDT
2026-03-31 09:00:00,long,95.4,2026-04-01 17:00:00,101.00028,take_profit,5.87,5.57,0.66,AAVEUSDT
2026-04-05 05:00:00,long,3.057,2026-04-07 22:00:00,3.223852,take_profit,5.46,5.16,0.33,UNIUSDT
2026-04-05 06:00:00,long,0.0765,2026-04-05 23:00:00,0.0806536,take_profit,5.43,5.13,0.33,ENAUSDT
2026-04-07 02:00:00,long,0.2398,2026-04-07 17:00:00,0.250538,take_profit,4.48,4.18,0.67,WLDUSDT
2026-04-19 06:00:00,long,0.2581,2026-04-27 06:00:00,0.252938,stop_loss,-2.0,-2.3,1.0,WLDUSDT
2026-04-19 18:00:00,long,88.89,2026-04-19 19:00:00,93.39996,take_profit,5.07,4.77,0.33,AAVEUSDT
2026-05-13 15:00:00,long,3.98e-06,2026-05-14 15:00:00,4.12396e-06,take_profit,3.62,3.32,0.34,PEPEUSDT
2026-05-13 15:00:00,long,0.1147,2026-05-14 14:00:00,0.1192076,take_profit,3.93,3.63,0.33,ENAUSDT
2026-05-13 18:00:00,long,1.661,2026-05-14 00:00:00,1.778056,take_profit,7.05,6.75,0.33,PROMUSDT
2026-05-16 10:00:00,long,1.0364,2026-05-17 23:00:00,1.015672,stop_loss,-2.0,-2.3,1.0,SUIUSDT
2026-05-17 23:00:00,long,0.2267,2026-05-18 21:00:00,0.24111960000000002,take_profit,6.36,6.06,0.67,WLDUSDT
2026-05-20 00:00:00,long,9.38,2026-05-21 01:00:00,9.71748,take_profit,3.6,3.3,0.33,LINKUSDT
2026-05-27 10:00:00,long,2.453,2026-05-27 15:00:00,2.5768999999999997,take_profit,5.05,4.75,0.33,NEARUSDT
2026-05-28 01:00:00,long,526.44,2026-05-30 04:00:00,515.9112,stop_loss,-2.0,-2.3,0.33,ZECUSDT
2026-05-28 04:00:00,long,1967.0,2026-06-02 14:00:00,1927.6599999999999,stop_loss,-2.0,-2.3,0.33,ETHUSDT
2026-05-28 05:00:00,long,0.228,2026-06-02 06:00:00,0.22344,stop_loss,-2.0,-2.3,0.66,ADAUSDT
2026-05-29 14:00:00,long,0.8922,2026-05-29 15:00:00,0.9327448,take_profit,4.54,4.24,0.33,SUIUSDT
2026-05-29 14:00:00,long,0.0843,2026-05-29 15:00:00,0.0889728,take_profit,5.54,5.24,0.66,ENAUSDT
2026-06-02 23:00:00,long,72.13,2026-06-03 06:00:00,76.0004,take_profit,5.37,5.07,0.67,AAVEUSDT
2026-06-02 23:00:00,long,2.733,2026-06-04 01:00:00,2.67834,stop_loss,-2.0,-2.3,0.33,UNIUSDT
2026-06-03 20:00:00,long,8.105,2026-06-04 02:00:00,7.9429,stop_loss,-2.0,-2.3,0.34,LINKUSDT
2026-06-04 02:00:00,long,66.8,2026-06-04 04:00:00,71.6852,take_profit,7.31,7.01,0.66,SOLUSDT
2026-06-04 02:00:00,long,0.08579,2026-06-04 03:00:00,0.09034716000000001,take_profit,5.31,5.01,0.33,DOGEUSDT
2026-06-04 02:00:00,long,1.1407,2026-06-04 03:00:00,1.196278,take_profit,4.87,4.57,0.66,XRPUSDT
2026-06-04 13:00:00,long,2.345,2026-06-04 16:00:00,2.484712,take_profit,5.96,5.66,0.66,NEARUSDT
2026-06-05 06:00:00,long,570.61,2026-06-05 19:00:00,559.1978,stop_loss,-2.0,-2.3,0.33,BNBUSDT
2026-06-05 07:00:00,long,250.12,2026-06-05 08:00:00,321.76724,take_profit,28.65,28.35,0.67,ZECUSDT
2026-06-05 08:00:00,long,0.1587,2026-06-05 16:00:00,0.155526,stop_loss,-2.0,-2.3,0.66,ADAUSDT
2026-06-05 16:00:00,long,0.681,2026-06-05 17:00:00,0.7138984,take_profit,4.83,4.53,0.33,SUIUSDT
2026-06-05 16:00:00,long,2.63e-06,2026-06-05 17:00:00,2.74564e-06,take_profit,4.4,4.1,0.33,PEPEUSDT
2026-06-05 16:00:00,long,0.08023,2026-06-05 17:00:00,0.0829086,take_profit,3.34,3.04,0.33,DOGEUSDT
2026-06-05 16:00:00,long,63.18,2026-06-05 17:00:00,65.21432,take_profit,3.22,2.92,0.33,SOLUSDT
2026-06-05 16:00:00,long,7.167,2026-06-05 17:00:00,7.443828,take_profit,3.86,3.56,0.67,LINKUSDT
2026-06-05 19:00:00,long,1540.19,2026-06-05 21:00:00,1613.82436,take_profit,4.78,4.48,0.33,ETHUSDT
2026-06-05 19:00:00,long,59.3,2026-06-05 20:00:00,62.50252,take_profit,5.4,5.1,0.67,AAVEUSDT
2026-06-13 00:00:00,long,0.4538,2026-06-13 01:00:00,0.4680544,take_profit,3.14,2.84,0.66,WLDUSDT
2026-06-17 14:00:00,long,3.181,2026-06-17 15:00:00,3.310328,take_profit,4.07,3.77,0.66,UNIUSDT
2026-06-24 04:00:00,long,0.5068,2026-06-24 05:00:00,0.5417516,take_profit,6.9,6.6,0.33,WLDUSDT
2026-06-24 17:00:00,long,387.5,2026-06-24 20:00:00,411.03628,take_profit,6.07,5.77,0.67,ZECUSDT
2026-06-24 17:00:00,long,1.049,2026-06-24 22:00:00,1.10564,take_profit,5.4,5.1,0.33,PROMUSDT
2026-06-25 13:00:00,long,2.3e-06,2026-07-01 06:00:00,2.254e-06,stop_loss,-2.0,-2.3,0.67,PEPEUSDT
2026-06-25 13:00:00,long,1.805,2026-06-26 02:00:00,1.7689,stop_loss,-2.0,-2.3,1.0,NEARUSDT
2026-06-25 13:00:00,long,0.07145,2026-06-27 15:00:00,0.07641072,take_profit,6.94,6.64,0.33,DOGEUSDT
2026-06-25 13:00:00,long,7.01,2026-06-26 15:00:00,7.342288,take_profit,4.74,4.44,0.67,LINKUSDT
2026-06-26 03:00:00,long,1.0092,2026-06-27 15:00:00,1.0762948,take_profit,6.65,6.35,0.33,XRPUSDT
2026-07-01 23:00:00,long,0.3552,2026-07-02 01:00:00,0.37042200000000003,take_profit,4.29,3.99,0.67,WLDUSDT
2026-07-02 00:00:00,long,82.7,2026-07-02 02:00:00,85.5438,take_profit,3.44,3.14,0.33,AAVEUSDT
2026-07-08 08:00:00,long,0.3642,2026-07-08 14:00:00,0.3799176,take_profit,4.32,4.02,0.33,WLDUSDT
2026-07-13 21:00:00,long,0.1554,2026-07-14 13:00:00,0.1642028,take_profit,5.66,5.36,0.33,ADAUSDT
2026-07-21 11:00:00,long,1.603,2026-07-21 12:00:00,1.701176,take_profit,6.12,5.82,0.33,PROMUSDT
2026-07-22 03:00:00,long,1.398,2026-07-22 06:00:00,1.37004,stop_loss,-2.0,-2.3,0.34,PROMUSDT
2026-07-26 04:00:00,long,0.3284,2026-07-26 16:00:00,0.3460764,take_profit,5.38,5.08,1.0,WLDUSDT
2026-07-29 11:00:00,long,1.571,2026-07-30 20:00:00,1.697732,take_profit,8.07,7.77,0.33,NEARUSDT
2026-07-31 04:00:00,long,1.62,2026-08-01 06:00:00,1.746968,take_profit,7.84,7.54,1.0,PROMUSDT
2026-08-06 10:00:00,long,87.19,2026-08-07 01:00:00,90.71348,take_profit,4.04,3.74,0.33,AAVEUSDT
2026-08-12 00:00:00,long,1.83,2026-08-12 01:00:00,1.9675880000000001,take_profit,7.52,7.22,0.33,PROMUSDT
2026-08-12 20:00:00,long,2.575,2026-08-13 01:00:00,2.5235000000000003,stop_loss,-2.0,-2.3,0.33,PROMUSDT
2026-08-14 18:00:00,long,3.171,2026-08-19 12:00:00,3.401808,take_profit,7.28,6.98,0.33,UNIUSDT
2026-08-15 09:00:00,long,2.173,2026-08-15 19:00:00,2.30634,take_profit,6.14,5.84,0.33,PROMUSDT
2026-08-16 21:00:00,long,0.0811,2026-08-17 02:00:00,0.0836016,take_profit,3.08,2.78,0.33,ENAUSDT
2026-08-16 21:00:00,long,2.53e-06,2026-08-19 14:00:00,2.6385599999999998e-06,take_profit,4.29,3.99,0.66,PEPEUSDT
2026-08-18 05:00:00,long,1.804,2026-08-18 07:00:00,1.9052440000000002,take_profit,5.61,5.31,0.33,PROMUSDT
2026-08-26 15:00:00,long,1.807,2026-08-26 21:00:00,1.8622239999999999,take_profit,3.06,2.76,0.33,NEARUSDT
2026-08-26 16:00:00,long,758.0,2026-08-26 18:00:00,784.70812,take_profit,3.52,3.22,0.33,ZECUSDT
