entry_time,direction,entry_price,exit_time,exit_price,result,pnl_pct_gross,pnl_pct,fib_score,symbol,passive_pnl_pct
2016-10-27,long,26.742429325299906,2016-10-31,28.187633343912736,take_profit,5.4,5.1,0.33,NEM,8.16
2016-12-01,long,56.514996732356266,2016-12-15,59.97602201111404,take_profit,6.12,5.82,0.33,LLY,8.4
2016-12-22,long,71.45999908447266,2017-01-04,77.70691937255859,take_profit,8.74,8.44,0.67,VRTX,7.52
2017-01-18,long,9.420000076293944,2017-01-19,9.976959995269773,take_profit,5.91,5.61,0.33,AMD,3.42
2017-01-23,long,24.246214113183544,2017-01-24,25.090224132457532,take_profit,3.48,3.18,0.33,STX,5.05
2017-03-09,long,10.969745546896332,2017-03-30,11.970855573566775,take_profit,9.13,8.83,0.33,FCX,8.98
2017-03-20,long,25.70772232083654,2017-03-21,26.67578078868678,take_profit,3.77,3.47,0.33,NEM,3.67
2017-06-30,long,16.34753425071483,2017-07-10,17.484192215670475,take_profit,6.95,6.65,0.33,HWM,7.38
2017-08-04,long,26.5919931474948,2017-08-07,27.76106406323146,take_profit,4.4,4.1,0.34,MU,4.54
2017-08-10,long,22.121321662531457,2017-09-15,23.55612435226114,take_profit,6.49,6.19,0.33,STX,6.17
2017-08-24,long,48.41390738610174,2017-09-14,52.819559998280766,take_profit,9.1,8.8,0.66,SLB,8.77
2017-10-20,long,98.8207039996438,2017-10-25,95.85608287965448,stop_loss,-3.0,-3.3,0.66,GE,-3.01
2017-11-06,long,125.8967801255128,2017-11-08,131.62836177320403,take_profit,4.55,4.25,0.33,MCK,3.84
2017-11-14,long,50.87837310064564,2017-11-29,53.56675422695461,take_profit,5.28,4.98,0.66,GILD,4.87
2017-12-20,long,77.62571374439698,2018-01-05,84.04181148956401,take_profit,8.27,7.97,0.33,GE,7.23
2018-02-09,long,129.22747037155142,2018-02-12,135.20556677630302,take_profit,4.63,4.33,0.34,AMGN,3.63
2018-02-09,long,40.06832265208281,2018-04-20,38.86627297252033,stop_loss,-3.0,-3.3,0.67,WELL,-3.4
2018-02-09,long,126.66666412353516,2018-02-12,132.33066592407226,take_profit,4.47,4.17,0.33,ISRG,4.57
2018-02-09,long,64.06914703675122,2018-03-12,69.55198760097089,take_profit,8.56,8.26,0.33,GE,6.69
2018-03-05,long,314.93761068418894,2018-03-06,332.0104033696528,take_profit,5.42,5.12,0.34,EQIX,5.32
2018-03-23,long,60.457405506783246,2018-03-29,63.7406567001254,take_profit,5.43,5.13,0.66,PG,4.28
2018-04-02,long,70.8569823163594,2018-04-04,74.72958935486923,take_profit,5.47,5.17,0.33,LOW,5.69
2018-04-04,long,27.121999740600582,2018-04-05,28.603135520935055,take_profit,5.46,5.16,0.66,NFLX,8.09
2018-04-04,long,9.180253766954662,2018-04-05,9.605283197631014,take_profit,4.63,4.33,0.33,KLAC,4.6
2018-04-06,long,9.5,2018-04-17,10.283519927978515,take_profit,8.25,7.95,0.33,AMD,10.44
2018-04-06,long,19.49986686475965,2018-04-10,20.545627169006842,take_profit,5.36,5.06,0.33,MRVL,4.69
2018-04-06,long,16.004375457763672,2018-04-10,16.671665313720702,take_profit,4.17,3.87,0.67,ANET,4.04
2018-04-13,long,24.474138854625444,2018-04-27,23.73991468898668,stop_loss,-3.0,-3.3,0.33,CMCSA,-3.52
2018-04-18,long,39.80937229254675,2018-05-08,42.76844212690842,take_profit,7.43,7.13,0.67,WFC,6.33
2018-05-01,long,119.98135508420856,2018-05-09,127.88261496849503,take_profit,6.59,6.29,0.33,MMM,5.96
2018-05-03,long,35.40423303181672,2018-05-04,36.528332883311954,take_profit,3.18,2.88,0.33,USB,2.12
2018-05-08,long,36.80166012087085,2018-06-15,40.21682062127176,take_profit,9.28,8.98,0.66,BMY,9.39
2018-05-17,long,23.80500030517578,2018-05-21,25.1926801071167,take_profit,5.83,5.53,0.33,MNST,4.53
2018-06-25,long,12.29172142784441,2018-07-16,13.821017584477925,take_profit,12.44,12.14,0.33,HWM,16.28
2018-06-28,long,14.936443616594678,2018-07-09,15.835256716255053,take_profit,6.02,5.72,0.33,LRCX,6.1
2018-07-16,long,16.258315869176137,2018-07-23,17.55337419380066,take_profit,7.97,7.67,0.66,AVGO,7.77
2018-07-19,long,50.79693134912485,2018-07-20,55.60516890924122,take_profit,9.47,9.17,0.67,PM,9.88
2018-08-21,long,44.09186966340476,2018-09-19,46.3588776297888,take_profit,5.14,4.84,0.33,SCHW,5.11
2018-09-05,long,18.478666305541992,2018-09-07,17.92430631637573,stop_loss,-3.0,-3.3,0.33,TSLA,-5.33
2018-09-12,long,37.44492587273241,2018-09-20,42.32877828992973,take_profit,13.04,12.74,0.34,WDC,11.71
2018-10-08,long,25.959999084472656,2018-10-10,25.181199111938476,stop_loss,-3.0,-3.3,0.67,AMD,-4.0
2018-10-11,long,12.293781791487982,2018-10-17,13.560074350755595,take_profit,10.3,10.0,0.33,LRCX,7.93
2018-10-16,long,8.159975256908725,2018-10-23,7.9151759992014625,stop_loss,-3.0,-3.3,0.66,KLAC,-0.75
2018-10-23,long,29.16142350998968,2018-10-24,31.101480152083287,take_profit,6.65,6.35,0.33,STX,7.12
2018-10-24,long,29.67143991135797,2018-10-29,30.90717175597435,take_profit,4.16,3.86,0.33,PWR,1.52
2018-10-24,long,51.978720344396166,2018-10-25,54.37535010794061,take_profit,4.61,4.31,0.34,GOOG,4.17
2018-10-24,long,88.44043843254317,2018-10-29,93.95442315991559,take_profit,6.23,5.93,0.66,PNC,4.51
2018-10-26,long,9.882837184850043,2018-10-29,10.602931659918985,take_profit,7.29,6.99,1.0,FCX,1.72
2018-10-26,long,146.60953154408685,2018-10-31,157.16266281138905,take_profit,7.2,6.9,0.66,SPGI,9.46
2018-10-26,long,21.484769137841653,2018-10-31,22.636089518831803,take_profit,5.36,5.06,0.34,BAC,5.96
2018-10-29,long,71.20907112762102,2018-10-31,75.39961041245252,take_profit,5.88,5.58,0.33,PSX,5.38
2018-10-29,long,32.97914050623427,2018-10-31,36.06291478003542,take_profit,9.35,9.05,0.33,MU,11.23
2018-10-30,long,129.73110228858803,2018-11-02,140.38075193255128,take_profit,8.21,7.91,0.66,MCO,7.14
2018-10-30,long,321.54393477346525,2018-11-02,338.00578757160844,take_profit,5.12,4.82,0.33,EQIX,4.52
2018-11-12,long,75.03375498891958,2018-11-15,79.2212883354239,take_profit,5.58,5.28,0.33,TXN,4.95
2018-11-12,long,30.424974081671056,2018-11-21,33.31467523528002,take_profit,9.5,9.2,0.34,WDC,8.29
2018-11-13,long,15.99187506458139,2018-12-17,15.512118812643948,stop_loss,-3.0,-3.3,0.34,WMB,-4.27
2018-11-14,long,49.501822694324105,2018-11-20,48.01676801349438,stop_loss,-3.0,-3.3,0.33,MPC,-1.61
2018-11-20,long,44.70659075571077,2018-11-29,47.21402826458561,take_profit,5.61,5.31,0.67,QCOM,7.17
2018-11-20,long,328.4405949012434,2018-11-26,346.784062100715,take_profit,5.59,5.29,0.33,REGN,6.23
2018-11-23,long,3.532203292433255,2018-11-29,3.967830593100892,take_profit,12.33,12.03,0.33,NVDA,10.01
2018-11-23,long,13.498125076293944,2018-11-26,14.07839002227783,take_profit,4.3,4.0,0.34,ANET,4.52
2018-12-10,long,38.71942732261499,2018-12-20,37.55784450293654,stop_loss,-3.0,-3.3,1.0,AAPL,-4.28
2018-12-24,long,151.8000030517578,2018-12-26,160.28656103515627,take_profit,5.59,5.29,0.34,VRTX,6.31
2018-12-24,long,100.40829620837154,2018-12-28,105.25655343817171,take_profit,4.83,4.53,0.33,MCK,3.4
2018-12-24,long,31.600000381469727,2018-12-26,33.17459214019775,take_profit,4.98,4.68,0.34,NOW,6.98
2018-12-24,long,29.069412435020755,2018-12-26,30.975902523627163,take_profit,6.56,6.26,0.66,MS,6.67
2018-12-26,long,23.831371561362296,2018-12-28,26.416543533567417,take_profit,10.85,10.55,0.67,WDC,9.79
2018-12-26,long,50.90001229557486,2018-12-28,55.26563445476632,take_profit,8.58,8.28,0.33,VLO,6.49
2018-12-31,long,12.272679631021248,2019-01-02,13.227500471685065,take_profit,7.78,7.48,0.67,HWM,13.22
2019-01-03,long,17.473227081659378,2019-01-07,18.286734776562177,take_profit,4.66,4.36,0.33,APH,3.93
2019-01-03,long,205.87761835372183,2019-01-04,215.9760346762653,take_profit,4.91,4.61,0.67,TMO,5.26
2019-01-03,long,207.7540494405374,2019-01-14,218.51185282898098,take_profit,5.18,4.88,0.67,UNH,4.75
2019-01-03,long,12.450312614440918,2019-01-07,13.184493774414062,take_profit,5.9,5.6,0.34,ANET,5.08
2019-05-01,long,15.43333339691162,2019-05-02,16.214650592803952,take_profit,5.06,4.76,0.33,TSLA,5.14
2019-05-15,long,294.54049748268955,2019-06-20,323.6431369959056,take_profit,9.88,9.58,0.33,REGN,7.49
2019-05-29,long,84.08391448012877,2019-06-04,88.75838618801413,take_profit,5.56,5.26,0.33,ADI,5.53
2019-05-31,long,60.33655575792247,2019-06-05,63.73431736575521,take_profit,5.63,5.33,0.33,PSX,5.42
2019-05-31,long,8.679612120904165,2019-06-07,9.80654960621324,take_profit,12.98,12.68,0.33,FCX,8.99
2019-06-03,long,13.77400016784668,2019-06-10,15.099848175048827,take_profit,9.63,9.33,0.66,FTNT,8.14
2019-06-03,long,26.593808665092425,2019-06-17,25.795994405139652,stop_loss,-3.0,-3.3,0.33,WDC,-1.82
2019-06-05,long,44.206861819871605,2019-06-18,46.45437959099044,take_profit,5.08,4.78,0.33,COP,4.7
2019-06-14,long,57.93578997284095,2019-06-20,62.289697336986656,take_profit,7.52,7.22,0.67,QCOM,6.83
2019-06-14,long,3.544662253977464,2019-06-18,3.8360231404555565,take_profit,8.22,7.92,0.67,NVDA,6.73
2019-06-17,long,23.2835124888326,2019-06-20,25.4545292175055,take_profit,9.32,9.02,0.34,DELL,7.29
2019-06-20,long,34.4156703780195,2019-07-01,36.56925442064442,take_profit,6.26,5.96,0.67,BNY,5.25
2019-08-15,long,21.289886445751065,2019-08-19,22.694853262758645,take_profit,6.6,6.3,0.33,DELL,5.78
2019-08-15,long,39.44876435188485,2019-08-19,41.48349658552852,take_profit,5.16,4.86,0.33,COP,6.32
2019-08-15,long,15.734588756274198,2019-09-09,16.733467342091295,take_profit,6.35,6.05,0.33,WMB,7.47
2019-08-28,long,97.27949907438958,2019-08-30,102.98997564729297,take_profit,5.87,5.57,1.0,CAT,6.19
2019-08-28,long,25.870208034326257,2019-09-04,27.770878215852854,take_profit,7.35,7.05,0.33,SLB,7.65
2019-09-03,long,49.970275207320775,2019-09-25,53.09970578213469,take_profit,6.26,5.96,0.66,PM,7.31
2019-09-03,long,30.665000915527344,2019-09-11,34.19603244018555,take_profit,11.51,11.21,0.33,UBER,10.58
2019-09-04,long,32.71500015258789,2019-09-05,34.03856687927246,take_profit,4.05,3.75,0.33,PANW,7.73
2019-09-09,long,225.34317616326172,2019-09-26,218.58288087836385,stop_loss,-3.0,-3.3,0.66,ELV,-3.86
2019-09-11,long,16.799999237060547,2019-09-13,16.29599925994873,stop_loss,-3.0,-3.3,0.33,CRWD,-3.78
2019-10-08,long,40.8205889411328,2019-10-10,42.443927907134885,take_profit,3.98,3.68,0.34,WDC,3.2
2019-10-10,long,28.57999992370605,2019-10-11,30.128159797668456,take_profit,5.42,5.12,0.33,UBER,5.12
2019-11-05,long,69.32592548498474,2019-11-15,73.02363155167237,take_profit,5.33,5.03,0.33,SBUX,4.14
2019-12-17,long,11.880000114440918,2019-12-19,12.586820087432862,take_profit,5.95,5.65,0.66,CRWD,3.8
2020-01-30,long,43.25699104485468,2020-01-31,45.07194730773124,take_profit,4.2,3.9,0.33,MPC,3.0
2020-02-10,long,76.38662106137622,2020-02-20,80.41503525292218,take_profit,5.27,4.97,0.33,UPS,4.47
2020-02-28,long,47.1868809399692,2020-03-02,50.13257901372734,take_profit,6.24,5.94,0.33,MU,12.51
2020-02-28,long,36.13388261034303,2020-03-02,40.25756033477186,take_profit,11.41,11.11,0.33,XOM,11.93
2020-03-02,long,31.739999771118164,2020-03-03,34.12831996917725,take_profit,7.52,7.22,0.33,UBER,3.8
2020-03-03,long,31.749559551994142,2020-03-09,30.79707276543432,stop_loss,-3.0,-3.3,0.33,BNY,-8.57
2020-03-09,long,11.24796534966454,2020-03-10,15.868187529887962,take_profit,41.08,40.78,0.33,SLB,40.6
2020-03-09,long,44.32179481774299,2020-03-12,42.9921409732107,stop_loss,-3.0,-3.3,0.33,INTC,-9.22
2020-03-09,long,89.11900227602845,2020-03-11,86.4454322077476,stop_loss,-3.0,-3.3,0.33,AXP,-1.91
2020-03-09,long,63.60479855722737,2020-03-12,61.69665460051055,stop_loss,-3.0,-3.3,0.33,COF,-10.76
2020-03-09,long,46.49351036321816,2020-03-11,45.09870505232161,stop_loss,-3.0,-3.3,0.33,PSX,-8.69
2020-03-09,long,25.31945038799737,2020-03-12,24.55986687635745,stop_loss,-3.0,-3.3,0.33,COP,-12.17
2020-03-09,long,59.8743975963357,2020-03-10,62.746725303198744,take_profit,4.8,4.5,0.34,MRK,6.23
2020-03-09,long,11.086874961853027,2020-03-10,12.03028506088257,take_profit,8.51,8.21,0.66,ANET,12.42
2020-03-09,long,30.200460032830016,2020-03-12,29.294446231845114,stop_loss,-3.0,-3.3,0.33,MS,-15.33
2020-03-09,long,19.17772807891657,2020-03-12,18.602396236549072,stop_loss,-3.0,-3.3,0.67,GLW,-9.8
2020-03-09,long,163.75201163538196,2020-03-12,158.8394512863205,stop_loss,-3.0,-3.3,0.33,META,-6.79
2020-03-09,long,40.66305558816774,2020-03-12,39.4431639205227,stop_loss,-3.0,-3.3,0.33,C,-15.48
2020-03-10,long,99.3123580704121,2020-03-12,96.33298732829974,stop_loss,-3.0,-3.3,0.33,DIS,-10.67
2020-03-12,long,96.18545683997571,2020-03-16,93.29989313477644,stop_loss,-3.0,-3.3,0.34,HCA,-16.69
2020-03-12,long,17.313856141403328,2020-03-13,20.370853510163045,take_profit,17.66,17.36,0.33,BAC,19.6
2020-03-12,long,18.63262618665586,2020-03-16,18.07364740105618,stop_loss,-3.0,-3.3,0.33,MPC,-10.12
2020-03-12,long,72.59476454225042,2020-03-13,83.10798419527131,take_profit,14.48,14.18,0.33,JPM,20.08
2020-03-12,long,71.70897763388436,2020-03-13,84.00346455660112,take_profit,17.14,16.84,0.33,PNC,17.4
2020-03-12,long,23.103684458601784,2020-03-16,22.410573924843728,stop_loss,-3.0,-3.3,0.33,WFC,-2.59
2020-03-12,long,15.161999702453612,2020-03-16,14.707139711380004,stop_loss,-3.0,-3.3,0.67,FTNT,-0.45
2020-03-12,long,115.68955277796285,2020-03-16,112.21886619462396,stop_loss,-3.0,-3.3,1.0,PH,-6.98
2020-03-12,long,53.09178295669919,2020-03-13,59.66309234698033,take_profit,12.38,12.08,0.33,SBUX,13.47
2020-03-12,long,143.80981564405326,2020-03-13,158.89487842969578,take_profit,10.49,10.19,0.33,LIN,12.12
2020-03-12,long,19.924497161671724,2020-03-13,22.791032289917677,take_profit,14.39,14.09,0.67,KKR,19.22
2020-03-12,long,128.9746929710326,2020-03-13,149.0512002378702,take_profit,15.57,15.27,0.33,GS,17.81
2020-03-12,long,9.661347692706295,2020-03-13,11.198117814544641,take_profit,15.91,15.61,0.33,WMB,18.75
2020-03-12,long,25.703123528472265,2020-03-13,30.32971983585719,take_profit,18.0,17.7,0.33,SCHW,20.19
2020-03-12,long,54.87162849097328,2020-03-13,61.7035713517996,take_profit,12.45,12.15,0.33,CVX,14.19
2020-03-12,long,77.30684260582602,2020-03-16,88.35773760506696,take_profit,14.29,13.99,0.33,CAT,6.45
2020-03-12,long,32.67028947000856,2020-03-13,36.31479346740137,take_profit,11.16,10.86,0.67,STX,20.1
2020-03-12,long,178.9549975415781,2020-03-13,200.77743549249408,take_profit,12.19,11.89,0.33,MCO,12.44
2020-03-12,long,6.328435667581495,2020-03-16,6.138582597554049,stop_loss,-3.0,-3.3,0.33,FCX,-8.67
2020-03-16,long,14.545299611507534,2020-03-19,16.911350142527162,take_profit,16.27,15.97,0.66,CSX,15.36
2020-03-16,long,36.970646280757535,2020-03-17,41.23567788787132,take_profit,11.54,11.24,0.66,SO,19.2
2020-03-16,long,53.91106795536782,2020-03-17,60.83444044530306,take_profit,12.84,12.54,0.33,PLD,10.0
2020-03-16,long,58.899755058384095,2020-03-17,63.982525207279295,take_profit,8.63,8.33,0.33,DUK,12.86
2020-03-16,long,15.139302924250478,2020-03-24,17.691806265691987,take_profit,16.86,16.56,0.67,APH,15.38
2020-03-16,long,34.09282725208696,2020-03-17,37.696042212977254,take_profit,10.57,10.27,0.66,KO,14.3
2020-03-17,long,7.987500190734863,2020-03-18,9.69968021774292,take_profit,21.44,21.14,0.34,CRWD,20.61
2020-03-18,long,10.295964135028656,2020-03-20,9.987085210977796,stop_loss,-3.0,-3.3,0.33,HWM,-3.09
2020-03-18,long,179.88755208891078,2020-03-19,199.90104397459683,take_profit,11.13,10.83,0.33,UNH,9.5
2020-03-18,long,23.50470484225138,2020-03-23,22.799563696983835,stop_loss,-3.0,-3.3,0.33,XOM,0.4
2020-03-18,long,21.229400681354424,2020-03-23,20.59251866091379,stop_loss,-3.0,-3.3,0.67,JCI,-2.22
2020-03-18,long,13.34330427156117,2020-03-19,16.78280894394802,take_profit,25.78,25.48,0.33,AVGO,24.61
2020-03-18,long,89.86944035989333,2020-03-19,102.3135430184146,take_profit,13.85,13.55,0.67,ADP,13.53
2020-03-18,long,104.12862039535102,2020-03-19,111.24699821572716,take_profit,6.84,6.54,0.34,DHR,2.28
2020-03-18,long,20.911666870117188,2020-03-19,23.495473632812498,take_profit,12.36,12.06,0.33,PANW,10.57
2020-03-18,long,113.32934159083317,2020-03-19,130.65640972058924,take_profit,15.29,14.99,0.34,CRM,20.66
2020-03-18,long,20.249023948069823,2020-03-19,33.0141720230146,take_profit,63.04,62.74,0.33,WELL,68.3
2020-03-19,long,45.04319012663551,2020-03-20,50.58928683839983,take_profit,12.31,12.01,0.67,BKNG,2.09
2020-03-19,long,103.00316404694604,2020-03-20,120.09568162378969,take_profit,16.59,16.29,0.33,CME,19.89
2020-03-19,long,20.349554596048048,2020-03-24,28.04406322213115,take_profit,37.81,37.51,0.33,WDC,47.4
2020-03-23,long,83.75114082178087,2020-03-25,96.71455263700801,take_profit,15.48,15.18,0.33,CB,10.3
2020-03-23,long,223.515081211478,2020-03-25,257.9384621263781,take_profit,15.4,15.1,0.67,LMT,19.83
2020-03-23,long,64.50109960572127,2020-03-24,74.17339448232431,take_profit,15.0,14.7,0.34,MAR,17.33
2020-03-23,long,30.103056581570254,2020-03-24,36.80569816052451,take_profit,22.27,21.97,0.33,TJX,25.13
2020-03-23,long,37.62047241568487,2020-03-24,45.29272027738988,take_profit,20.39,20.09,0.33,COF,20.83
2020-03-23,long,27.60304887439428,2020-03-24,31.569593857729718,take_profit,14.37,14.07,0.33,C,17.15
2020-03-23,long,17.278409886742836,2020-03-24,19.516934807181133,take_profit,12.96,12.66,0.67,LRCX,24.55
2020-03-23,long,55.89202156268488,2020-03-24,66.45698455150341,take_profit,18.9,18.6,0.67,LOW,22.3
2020-03-23,long,25.33414319403788,2020-03-26,35.34127260846328,take_profit,39.5,39.2,0.66,VLO,40.18
2020-03-23,long,114.58111247633347,2020-03-24,123.57047635351189,take_profit,7.85,7.55,0.34,GS,14.96
2020-03-23,long,125.63136502141012,2020-03-24,141.43225421081092,take_profit,12.58,12.28,0.67,HD,25.93
2020-03-23,long,41.28872814540495,2020-03-24,45.18128730778797,take_profit,9.43,9.13,0.34,PM,13.25
2020-03-23,long,39.2023461615085,2020-03-24,45.36890196762218,take_profit,15.73,15.43,0.33,RTX,19.7
2020-03-23,long,86.70005966578006,2020-03-24,97.91048721323953,take_profit,12.93,12.63,0.33,GD,13.29
2020-03-23,long,35.81581271272748,2020-03-24,39.883814451342154,take_profit,11.36,11.06,0.34,AMAT,18.74
2020-04-03,long,16.910011358743485,2020-04-06,17.57311099271388,take_profit,3.92,3.62,0.33,BAC,8.39
2020-04-03,long,133.60884289256563,2020-04-06,138.56784222685363,take_profit,3.71,3.41,0.33,ACN,11.68
2020-04-21,long,35.05825552908174,2020-04-27,38.20472103490567,take_profit,8.97,8.67,0.67,WELL,9.03
2020-05-14,long,30.102378386682336,2020-05-15,33.42802235242799,take_profit,11.05,10.75,0.34,WELL,12.37
2020-07-09,long,39.53384207858879,2020-07-13,42.88268775528693,take_profit,8.47,8.17,0.33,VLO,6.44
2020-07-14,long,20.27879762290569,2020-07-15,21.5752496621106,take_profit,6.39,6.09,0.67,WFC,8.36
2020-07-20,long,48.70311320537655,2020-07-21,51.6822705591087,take_profit,6.12,5.82,0.34,PSX,6.36
2020-09-17,long,16.428697428461252,2020-09-23,17.402319660588816,take_profit,5.93,5.63,0.33,KLAC,3.19
2020-09-17,long,27.811346390823225,2020-09-21,29.77970321803487,take_profit,7.08,6.78,1.0,LRCX,6.04
2020-09-21,long,51.519479667450085,2020-09-22,55.003938169666995,take_profit,6.76,6.46,0.33,AMAT,6.61
2020-09-21,long,537.0915459904668,2020-09-22,560.1179123915966,take_profit,4.29,3.99,0.33,REGN,5.11
2020-09-24,long,108.91686408514909,2020-09-25,114.55753941371785,take_profit,5.18,4.88,0.33,HCA,5.09
2020-10-02,long,12.821390193759855,2020-10-05,13.89669100803827,take_profit,8.39,8.09,0.66,SLB,10.37
2020-10-02,long,53.348127190285325,2020-10-06,57.53170682113107,take_profit,7.84,7.54,0.67,CVX,4.76
2020-10-02,long,117.00946679364884,2020-10-05,122.63979840357979,take_profit,4.81,4.51,0.66,GD,6.53
2020-10-30,long,30.112499237060547,2020-11-04,32.08604905700683,take_profit,6.55,6.25,0.66,CRWD,12.88
2020-12-11,long,467.1714130105671,2020-12-14,496.447077372659,take_profit,6.27,5.97,0.34,REGN,5.81
2020-12-14,long,48.91547661737655,2020-12-16,51.01509829405697,take_profit,4.29,3.99,0.67,NEM,4.41
2020-12-15,long,214.489232092238,2020-12-22,226.71955885964923,take_profit,5.7,5.4,0.33,CRM,5.64
2021-02-01,long,19.36618222010248,2021-02-02,20.399768649732465,take_profit,5.34,5.04,0.67,SLB,2.96
2021-02-23,long,119.50173568080002,2021-03-04,115.91668361037603,stop_loss,-3.0,-3.3,0.66,QCOM,-4.79
2021-02-26,long,155.02000427246094,2021-03-01,171.8822035522461,take_profit,10.88,10.58,0.34,DASH,8.65
2021-03-05,long,59.15352146905847,2021-03-09,63.015376362929466,take_profit,6.53,6.23,0.66,NEE,8.03
2021-03-08,long,112.98639210708664,2021-03-11,119.56333129113165,take_profit,5.82,5.52,0.34,AAPL,4.65
2021-03-25,long,428.3544372722378,2021-03-26,449.6729571274986,take_profit,4.98,4.68,0.33,TMO,5.55
2021-03-25,long,200.89440238989087,2021-04-01,211.76529682101108,take_profit,5.41,5.11,0.67,CRM,6.72
2021-03-30,long,29.16098606991251,2021-03-31,30.424219721155474,take_profit,4.33,4.03,0.34,FCX,4.64
2021-05-13,long,131.27999877929688,2021-05-27,143.53783935546875,take_profit,9.34,9.04,0.66,ABNB,8.76
2021-05-17,long,187.0666656494141,2021-05-18,198.45759802246096,take_profit,6.09,5.79,0.33,TSLA,2.67
2021-05-19,long,74.2664544498522,2021-05-20,77.49520515810063,take_profit,4.35,4.05,0.34,MU,6.23
2021-07-19,long,23.217951554025007,2021-07-21,24.945739443128563,take_profit,7.44,7.14,0.33,SLB,9.43
2021-07-19,long,34.009225754225206,2021-07-21,35.54643845378203,take_profit,4.52,4.22,0.34,GLW,5.09
2021-07-19,long,58.150001525878906,2021-07-29,65.67368087768554,take_profit,12.94,12.64,0.33,APP,11.86
2021-08-20,long,53.75144931594798,2021-08-25,59.40194233652441,take_profit,10.51,10.21,0.33,PSX,11.69
2021-09-30,long,175.0476196757684,2021-10-04,181.7324513052255,take_profit,3.82,3.52,0.33,UNP,4.59
2021-10-08,long,23.11000061035156,2021-10-14,24.568480682373043,take_profit,6.31,6.01,0.33,PLTR,5.07
2021-10-13,long,172.25110681133194,2021-10-15,180.0556645703019,take_profit,4.53,4.23,0.34,CAT,5.72
2021-11-26,long,25.57123196103648,2021-11-29,26.968946063703974,take_profit,5.47,5.17,0.33,SLB,4.06
2021-12-01,long,35.79999923706055,2021-12-07,38.85383981323242,take_profit,8.53,8.23,0.33,UBER,6.07
2021-12-01,long,49.79574966430664,2021-12-03,48.30187717437744,stop_loss,-3.0,-3.3,0.67,CRWD,-1.37
2021-12-17,long,17.075000762939453,2022-01-05,16.562750740051268,stop_loss,-3.0,-3.3,0.34,HOOD,-6.71
2021-12-20,long,140.66422491471872,2021-12-23,148.5698522988292,take_profit,5.62,5.32,0.33,DIS,5.59
2021-12-20,long,84.52842482735602,2022-01-04,91.99974316267549,take_profit,8.84,8.54,0.33,MDT,8.53
2021-12-21,long,241.07922361070857,2022-01-05,233.8468469023873,stop_loss,-3.0,-3.3,0.67,CRM,-7.47
2022-01-24,long,33.5099983215332,2022-01-26,36.43403907775879,take_profit,8.73,8.43,0.33,UBER,3.55
2022-01-28,long,226.54684917910967,2022-01-31,236.2243686107625,take_profit,4.27,3.97,0.34,SYK,4.16
2022-01-28,long,691.0804015537907,2022-01-31,724.9405543029251,take_profit,4.9,4.6,0.33,BLK,6.21
2022-01-28,long,21.22893388945279,2022-01-31,23.58950033377125,take_profit,11.12,10.82,0.34,NVDA,14.68
2022-01-28,long,139.59816209568322,2022-01-31,145.7740361416546,take_profit,4.42,4.12,0.33,ADI,8.16
2022-01-28,long,94.26864435345048,2022-01-31,99.58495017251296,take_profit,5.64,5.34,0.34,PWR,7.93
2022-01-28,long,50.54612735544681,2022-01-31,55.0892334297794,take_profit,8.99,8.69,0.66,LRCX,11.01
2022-01-28,long,29.030000686645508,2022-01-31,30.944550956726076,take_profit,6.6,6.3,0.33,ANET,6.75
2022-01-28,long,355.13019075196866,2022-01-31,375.123008552522,take_profit,5.63,5.33,0.33,SPGI,5.91
2022-01-28,long,140.92799523937035,2022-01-31,145.76452256726998,take_profit,3.43,3.13,0.33,ETN,4.18
2022-01-28,long,264.0033264160156,2022-01-31,289.4590751953125,take_profit,9.64,9.34,0.34,TSLA,17.97
2022-01-28,long,73.82392748624756,2022-01-31,79.11387169446857,take_profit,7.17,6.87,0.33,MU,8.64
2022-01-28,long,134.37399291992188,2022-01-31,143.25137188720703,take_profit,6.61,6.31,0.33,ABNB,14.28
2022-01-28,long,99.3499984741211,2022-01-31,111.87451840209961,take_profit,12.61,12.31,0.67,AMD,14.7
2022-02-03,long,138.33299255371094,2022-02-04,146.78958239746095,take_profit,6.11,5.81,0.67,AMZN,13.66
2022-02-03,long,67.19379062309409,2022-02-08,72.61765952775744,take_profit,8.07,7.77,0.33,MRVL,11.64
2022-02-03,long,91.95999908447266,2022-02-09,106.24625814819336,take_profit,15.54,15.24,0.33,DASH,17.28
2022-02-04,long,38.267730260241,2022-02-10,41.552764382816555,take_profit,8.58,8.28,0.33,WDC,6.05
2022-02-24,long,141.03183253632932,2022-02-25,148.78923047841067,take_profit,5.5,5.2,0.34,QCOM,9.42
2022-02-24,long,56.75298488104143,2022-02-25,59.65975929663624,take_profit,5.12,4.82,0.33,JCI,5.59
2022-03-01,long,35.44978152340866,2022-03-03,37.577526188719766,take_profit,6.0,5.7,0.33,PFE,4.96
2022-03-01,long,55.33918553305734,2022-03-04,53.67900996706562,stop_loss,-3.0,-3.3,0.67,KKR,-3.05
2022-03-10,long,117.26239500018754,2022-03-14,124.54889445484285,take_profit,6.21,5.91,0.33,COF,4.89
2022-03-10,long,43.970001220703125,2022-03-16,49.313041076660156,take_profit,12.15,11.85,0.67,APP,13.39
2022-03-14,long,101.04000091552734,2022-03-15,106.60252084350586,take_profit,5.51,5.21,0.67,AMD,7.9
2022-03-14,long,31.985018837692827,2022-03-16,33.546245246521096,take_profit,4.88,4.58,0.67,GLW,3.98
2022-03-14,long,124.47252726997118,2022-03-16,130.95948250244354,take_profit,5.21,4.91,0.67,DIS,7.3
2022-03-25,long,77.98128848629003,2022-03-29,82.8174165626772,take_profit,6.2,5.9,0.67,STX,5.48
2022-04-18,long,59.19456498020049,2022-04-20,62.99672624570228,take_profit,6.42,6.12,0.33,MRVL,4.34
2022-04-19,long,98.41400146484376,2022-04-20,103.58476052856446,take_profit,5.25,4.95,0.34,NOW,2.37
2022-04-28,long,18.559999465942383,2022-05-06,18.00319948196411,stop_loss,-3.0,-3.3,0.33,NFLX,-2.79
2022-05-02,long,78.79000091552734,2022-05-04,76.42630088806152,stop_loss,-3.0,-3.3,0.33,DASH,3.32
2022-05-02,long,399.93460395956265,2022-05-04,421.3551713009582,take_profit,5.36,5.06,0.33,INTU,8.09
2022-05-02,long,143.3800048828125,2022-05-04,156.17120416259766,take_profit,8.92,8.62,0.33,BA,9.18
2022-05-02,long,37.72499847412109,2022-05-03,41.00185897827148,take_profit,8.69,8.39,0.33,APP,5.12
2022-05-02,long,170.1758525023262,2022-05-04,181.55247305071723,take_profit,6.69,6.39,0.33,CRM,6.84
2022-05-10,long,46.30249866057044,2022-05-27,50.192681261872515,take_profit,8.4,8.1,0.33,JCI,8.81
2022-05-12,long,202.64120142039715,2022-05-13,216.84434626030983,take_profit,7.01,6.71,1.0,DHR,6.32
2022-05-12,long,31.468761737056937,2022-05-13,33.57478814960693,take_profit,6.69,6.39,0.67,FCX,4.52
2022-05-12,long,132.32000732421875,2022-05-13,139.08140588378907,take_profit,5.11,4.81,0.66,CDNS,7.35
2022-05-12,long,102.40550231933594,2022-05-17,115.67896826171875,take_profit,12.96,12.66,0.33,AMZN,12.36
2022-05-12,long,75.05166625976562,2022-05-13,82.54820611572265,take_profit,9.99,9.69,0.33,PANW,8.74
2022-05-12,long,81.29399871826172,2022-05-13,86.36941574096679,take_profit,6.24,5.94,0.33,NOW,11.06
2022-05-12,long,123.58266336969952,2022-05-13,130.49211430385452,take_profit,5.59,5.29,0.66,TT,5.83
2022-05-12,long,21.690000534057617,2022-05-13,24.39456076812744,take_profit,12.47,12.17,0.33,UBER,12.15
2022-05-16,long,113.25,2022-05-18,109.85249999999999,stop_loss,-3.0,-3.3,0.33,ABNB,-4.91
2022-05-17,long,50.58190367740596,2022-05-18,53.74834065457358,take_profit,6.26,5.96,0.33,TJX,11.81
2022-05-18,long,34.09000015258789,2022-05-27,40.32276011657715,take_profit,18.28,17.98,0.33,CRWD,22.04
2022-05-18,long,7.920000076293945,2022-05-24,7.682400074005127,stop_loss,-3.0,-3.3,0.33,PLTR,-4.97
2022-05-19,long,316.2248189741149,2022-05-20,329.4608184817116,take_profit,4.19,3.89,0.67,MA,3.32
2022-05-19,long,155.1030834931678,2022-06-01,167.06204886070535,take_profit,7.71,7.41,0.33,CME,6.78
2022-05-20,long,248.97430955456767,2022-05-23,262.59181493395437,take_profit,5.47,5.17,0.34,ACN,5.38
2022-05-20,long,129.35850970268208,2022-05-23,135.53836523559502,take_profit,4.78,4.48,0.34,PNC,6.15
2022-05-20,long,97.00479064984684,2022-05-31,107.16655414093638,take_profit,10.48,10.18,0.33,DIS,10.08
2022-05-24,long,143.8385895558967,2022-05-25,151.41225379029098,take_profit,5.27,4.97,0.33,MAR,6.24
2022-05-24,long,206.85667419433597,2022-05-25,219.97670196533204,take_profit,6.34,6.04,0.33,TSLA,5.86
2022-06-07,long,437.6175489414893,2022-06-17,424.48902247324463,stop_loss,-3.0,-3.3,0.33,COST,-3.11
2022-06-16,long,6.809999942779541,2022-06-21,7.692640001296997,take_profit,12.96,12.66,0.34,HOOD,10.57
2022-06-16,long,186.8300018310547,2022-06-21,197.01812139892579,take_profit,5.45,5.15,0.33,ISRG,3.71
2022-06-23,long,90.67413580482996,2022-06-27,99.9248127861633,take_profit,10.2,9.9,1.0,VLO,9.2
2022-06-23,long,62.072247436349095,2022-06-24,65.76856994536391,take_profit,5.95,5.65,0.33,STX,5.96
2022-06-23,long,39.880506209408125,2022-06-24,42.602278127387535,take_profit,6.82,6.52,0.33,LRCX,8.07
2022-06-23,long,74.64941802994983,2022-06-28,82.08315122359639,take_profit,9.96,9.66,0.66,COP,9.67
2022-06-23,long,71.65251896426734,2022-06-28,77.37051613890765,take_profit,7.98,7.68,0.66,PSX,6.54
2022-06-23,long,118.20123803447896,2022-06-28,126.61068290798625,take_profit,7.11,6.81,0.33,CVX,6.69
2022-06-30,long,186.31474595073325,2022-07-26,196.41102001857223,take_profit,5.42,5.12,0.33,SYK,5.01
2022-06-30,long,160.51912207950005,2022-07-19,172.76725744951355,take_profit,7.63,7.33,0.33,HCA,7.11
2022-07-05,long,90.63019579645584,2022-07-12,95.21087207306145,take_profit,5.05,4.75,0.33,MMM,3.36
2022-07-14,long,75.99401152424787,2022-07-22,79.88704947967703,take_profit,5.12,4.82,0.33,MDT,4.34
2022-07-14,long,37.81679204177651,2022-07-18,40.06417453031385,take_profit,5.94,5.64,0.66,DELL,3.47
2022-07-19,long,84.052001953125,2022-07-20,88.27357006835938,take_profit,5.02,4.72,0.33,NOW,8.41
2022-08-22,long,49.709999084472656,2022-09-01,48.21869911193848,stop_loss,-3.0,-3.3,0.66,FTNT,-2.63
2022-09-01,long,23.3700008392334,2022-09-09,27.41976035308838,take_profit,17.33,17.03,0.33,APP,18.36
2022-09-06,long,7.170000076293945,2022-09-12,7.86148014831543,take_profit,9.64,9.34,0.33,PLTR,11.42
2022-09-06,long,44.16854767692468,2022-09-08,46.715187550830066,take_profit,5.77,5.47,0.33,MRVL,7.13
2022-09-06,long,94.33048688124904,2022-09-07,97.7274677389162,take_profit,3.6,3.3,0.33,COF,3.43
2022-09-06,long,56.71721931048832,2022-09-09,60.890669008033825,take_profit,7.36,7.06,0.33,STX,7.65
2022-09-06,long,265.739990234375,2022-09-07,277.2866834716797,take_profit,4.35,4.05,0.34,TSLA,6.46
2022-09-07,long,77.73999786376953,2022-09-09,83.55267901611329,take_profit,7.48,7.18,1.0,AMD,9.62
2022-09-07,long,30.194337839321,2022-09-09,32.11564026485539,take_profit,6.36,6.06,1.0,WDC,8.85
2022-09-08,long,115.69685974974156,2022-09-09,121.36958292668024,take_profit,4.9,4.6,1.0,QCOM,4.58
2022-09-29,long,41.49793539533745,2022-09-30,43.47245450145919,take_profit,4.76,4.46,0.34,MRVL,1.6
2022-09-29,long,26.0,2022-10-04,27.96470018005371,take_profit,7.56,7.26,0.66,UBER,11.97
2022-09-29,long,48.93999862670898,2022-10-04,53.47591981506347,take_profit,9.27,8.97,0.33,DASH,10.37
2022-09-30,long,29.03655601922155,2022-10-11,28.1654593386449,stop_loss,-3.0,-3.3,0.33,VZ,-4.0
2022-09-30,long,34.5003856123091,2022-10-04,38.41898129927555,take_profit,11.36,11.06,0.33,LRCX,11.61
2022-09-30,long,78.88701331006233,2022-10-04,85.1714523495304,take_profit,7.97,7.67,0.34,AMAT,9.37
2022-09-30,long,24.489751800272444,2022-10-11,23.75505924626427,stop_loss,-3.0,-3.3,0.33,INTC,-3.02
2022-09-30,long,120.98999786376952,2022-10-04,128.65055764770506,take_profit,6.33,6.03,0.33,BA,10.05
2022-09-30,long,375.1792153135581,2022-10-04,398.2384904648822,take_profit,6.15,5.85,0.33,INTU,6.16
2022-09-30,long,23.826563539829067,2022-10-27,26.59968866789949,take_profit,11.64,11.34,0.67,CMCSA,9.86
2022-10-03,long,129.4469355580006,2022-10-25,139.02263768085353,take_profit,7.4,7.1,0.34,UPS,4.45
2022-10-03,long,63.69576431395984,2022-10-04,67.43694765200819,take_profit,5.87,5.57,0.33,BKNG,7.87
2022-10-10,long,141.7728451807497,2022-11-14,150.04278368513823,take_profit,5.83,5.53,0.66,CME,2.91
2022-10-11,long,58.83543997250781,2022-10-14,62.84929629656103,take_profit,6.82,6.52,0.33,ORCL,4.01
2022-10-12,long,38.55038638389678,2022-10-13,40.93396724294841,take_profit,6.18,5.88,0.33,GE,7.44
2022-10-13,long,170.5401812238148,2022-10-17,182.19392074072107,take_profit,6.83,6.53,0.33,UNP,5.97
2022-10-13,long,51.60049164918452,2022-11-08,57.99421020410262,take_profit,12.39,12.09,0.34,WELL,17.42
2022-10-13,long,276.6000061035156,2022-10-25,317.79380322265627,take_profit,14.89,14.59,0.33,ADBE,16.76
2022-10-13,long,124.85011964415705,2022-10-14,132.69346888729615,take_profit,6.28,5.98,0.66,AXP,4.41
2022-10-13,long,222.43369976074604,2022-10-25,243.96238665522546,take_profit,9.68,9.38,0.67,MCO,11.63
2022-10-13,long,428.3003446143799,2022-10-18,454.34951475474645,take_profit,6.08,5.78,0.67,COST,5.1
2022-10-13,long,87.94907553323024,2022-10-18,96.13385964325128,take_profit,9.31,9.01,0.33,DIS,8.27
2022-10-13,long,459.653543227389,2022-10-14,514.6099927057669,take_profit,11.96,11.66,0.66,BLK,9.21
2022-10-13,long,255.41855868007636,2022-10-25,280.36233238061055,take_profit,9.77,9.47,1.0,SPGI,11.41
2022-10-13,long,32.30046285923761,2022-10-14,34.427944158832005,take_profit,6.59,6.29,0.66,USB,11.08
2022-10-13,long,455.6908914220628,2022-10-18,503.8743122768054,take_profit,10.57,10.27,0.33,EQIX,8.86
2022-10-13,long,87.22525166582247,2022-10-18,95.61491418823857,take_profit,9.62,9.32,0.67,PLD,7.68
2022-10-13,long,24.674554060081448,2022-10-14,25.95603631741479,take_profit,5.19,4.89,0.33,WMB,1.25
2022-10-13,long,169.3006506115931,2022-10-14,179.14294348226653,take_profit,5.81,5.51,0.67,V,4.29
2022-10-13,long,24.39682078956288,2022-10-14,26.361543184106733,take_profit,8.05,7.75,1.0,CSX,5.55
2022-10-13,long,261.3037512410468,2022-10-14,275.91598793452886,take_profit,5.59,5.29,0.33,GS,3.95
2022-10-13,long,84.32922261837516,2022-10-14,89.7291259611461,take_profit,6.4,6.1,0.33,ICE,1.45
2022-10-13,long,34.93751579616774,2022-10-14,37.935980540294175,take_profit,8.58,8.28,1.0,C,7.75
2022-10-14,long,204.16000366210935,2022-10-26,230.03503991699216,take_profit,12.67,12.37,0.33,TSLA,9.73
2022-10-17,long,25.250001732253526,2022-10-21,27.54418275370341,take_profit,9.09,8.79,0.67,KLAC,10.67
2022-10-17,long,37.0,2022-10-18,39.79010960388184,take_profit,7.54,7.24,0.33,CRWD,5.7
2022-11-09,long,95.1500015258789,2022-11-10,100.9933620300293,take_profit,6.14,5.84,0.33,ABNB,7.32
2022-12-16,long,96.125863118988,2022-12-21,101.67606552830317,take_profit,5.77,5.47,0.66,COP,6.37
2022-12-22,long,124.19144241696245,2023-01-03,133.21803351460625,take_profit,7.27,6.97,0.33,CRM,6.38
2023-01-03,long,121.99252821247748,2023-01-09,128.19481805919284,take_profit,5.08,4.78,0.33,AAPL,4.52
2023-01-06,long,27.227500915527344,2023-01-09,29.10960055541992,take_profit,6.91,6.61,0.33,ANET,5.17
2023-01-06,long,81.43000030517578,2023-01-09,85.15880102539063,take_profit,4.58,4.28,0.66,AMZN,6.98
2023-01-06,long,84.11413611960162,2023-01-09,88.18210835273953,take_profit,4.84,4.54,0.33,GOOGL,3.42
2023-01-06,long,23.065000534057617,2023-01-17,25.02911058807373,take_profit,8.52,8.22,0.66,CRWD,12.89
2023-01-12,long,66.11000061035156,2023-01-18,71.62650061035156,take_profit,8.34,8.04,0.67,PANW,6.85
2023-02-24,long,88.08339162203906,2023-03-03,92.75278354142293,take_profit,5.3,5.0,0.33,GOOG,5.51
2023-03-01,long,62.86112639586966,2023-03-06,66.78110493020914,take_profit,6.24,5.94,0.33,NEE,6.54
2023-03-09,long,202.4571926163517,2023-03-29,215.94981273323427,take_profit,6.66,6.36,0.67,AMGN,6.63
2023-03-13,long,222.6499938964844,2023-03-14,234.66947216796876,take_profit,5.4,5.1,0.33,ISRG,5.37
2023-03-16,long,40.62737585590612,2023-03-21,43.61168155982693,take_profit,7.35,7.05,0.33,SLB,9.23
2023-03-16,long,105.63287759308926,2023-03-21,115.24141047593014,take_profit,9.1,8.8,0.33,PNC,8.52
2023-03-17,long,46.236428034727695,2023-03-21,48.99842630564713,take_profit,5.97,5.67,0.34,KKR,7.22
2023-03-24,long,202.23896164739796,2023-03-30,214.0848525113706,take_profit,5.86,5.56,0.33,CAT,5.05
2023-03-24,long,29.189742902002884,2023-03-28,30.33592005579156,take_profit,3.93,3.63,0.33,CMCSA,3.02
2023-03-24,long,54.153062873101234,2023-03-30,56.84293385342312,take_profit,4.97,4.67,0.34,JCI,3.71
2023-03-24,long,281.1122602143736,2023-03-29,296.672580708769,take_profit,5.54,5.24,1.0,GS,4.73
2023-03-24,long,83.11887801569665,2023-03-27,87.66187704094996,take_profit,5.47,5.17,0.67,COP,4.22
2023-03-24,long,176.50790233362426,2023-03-31,187.1706281350805,take_profit,6.04,5.74,0.67,CB,5.58
2023-03-28,long,54.60105755681533,2023-03-29,57.59024575236364,take_profit,5.47,5.17,0.33,STX,7.49
2023-04-26,long,186.6691897277333,2023-04-28,202.39438400694846,take_profit,8.42,8.12,0.33,ADP,8.9
2023-05-04,long,108.26712830426092,2023-05-19,114.47670904869237,take_profit,5.74,5.44,0.33,IBM,5.64
2023-05-04,long,60.23806017853373,2023-07-24,67.57832290418376,take_profit,12.19,11.89,0.33,CVS,12.14
2023-05-11,long,80.37619172543585,2023-05-15,83.59218745558898,take_profit,4.0,3.7,0.33,COF,4.99
2023-05-12,long,331.8900146484375,2023-05-15,344.65997119140627,take_profit,3.85,3.55,0.33,ADBE,3.85
2023-05-16,long,99.8561741082953,2023-06-07,106.80754773954948,take_profit,6.96,6.66,0.67,MPC,6.88
2023-05-18,long,33.35499954223633,2023-05-19,35.3267794342041,take_profit,5.91,5.61,0.33,ANET,7.56
2023-05-18,long,29.495615689402676,2023-06-13,32.897698077109034,take_profit,11.53,11.23,0.33,PFE,11.06
2023-06-01,long,96.52668798003452,2023-06-08,104.13648709806677,take_profit,7.88,7.58,0.33,VLO,6.12
2023-06-02,long,12.455092950190782,2023-07-17,12.081440161685057,stop_loss,-3.0,-3.3,0.33,T,-7.56
2023-06-28,long,116.77720616985565,2023-07-18,124.19316223047049,take_profit,6.35,6.05,0.33,ABBV,5.15
2023-06-29,long,38.11691017036916,2023-07-12,40.66130799508272,take_profit,6.68,6.38,0.67,NEM,10.73
2023-08-11,long,14.90999984741211,2023-08-17,14.462699851989745,stop_loss,-3.0,-3.3,0.34,PLTR,-5.4
2023-08-18,long,100.58499908447266,2023-08-21,107.39477987670898,take_profit,6.77,6.47,0.66,PANW,19.4
2023-08-18,long,56.09738935762641,2023-08-21,58.48003733583003,take_profit,4.25,3.95,0.33,MRVL,5.72
2023-10-05,long,27.209683940493782,2023-10-06,28.54011376727199,take_profit,4.89,4.59,0.33,USB,3.72
2023-10-06,long,64.57937027036651,2023-10-24,72.35679147274038,take_profit,12.04,11.74,0.66,RTX,14.02
2023-10-23,long,65.71854401468129,2023-10-31,70.4655314014642,take_profit,7.22,6.92,0.33,MMM,6.26
2023-10-25,long,176.25,2023-11-02,192.0266014404297,take_profit,8.95,8.65,1.0,BA,8.64
2023-10-27,long,88.44100764726349,2023-11-02,95.50531491410455,take_profit,7.99,7.69,0.66,PLD,8.06
2023-10-30,long,416.48148827857534,2023-11-03,450.45923917036106,take_profit,8.16,7.86,1.0,TMO,7.92
2023-10-30,long,179.2357347739255,2023-10-31,190.42888524583933,take_profit,6.24,5.94,1.0,DHR,5.15
2023-10-30,long,314.4319598364476,2023-11-02,333.4282087139327,take_profit,6.04,5.74,0.34,SPGI,10.11
2023-10-31,long,194.07000732421875,2023-11-02,214.10876818847657,take_profit,10.33,10.03,0.66,TSLA,12.29
2023-11-10,long,63.34806794828158,2023-11-15,67.85756832219948,take_profit,7.12,6.82,0.33,MDT,6.48
2023-11-28,long,70.47979856701087,2023-12-01,74.23241955451967,take_profit,5.32,5.02,0.67,MS,5.67
2023-11-30,long,42.32281115912487,2023-12-14,45.73288960335219,take_profit,8.06,7.76,0.33,BMY,6.37
2023-12-07,long,44.96648724095507,2023-12-14,47.99664181696042,take_profit,6.74,6.44,0.66,SLB,8.7
2023-12-13,long,17.219999313354492,2023-12-14,18.312679565429686,take_profit,6.35,6.05,0.67,PLTR,5.45
2024-01-25,long,10.619999885559082,2024-01-29,11.302039966583251,take_profit,6.42,6.12,0.34,HOOD,6.2
2024-04-25,long,107.3007267684373,2024-04-26,112.36907201971616,take_profit,4.72,4.42,0.33,MU,5.96
2024-04-25,long,146.75,2024-04-26,156.41184057617187,take_profit,6.58,6.28,0.33,AMD,6.96
2024-04-25,long,124.3219985961914,2024-04-26,128.81024606323243,take_profit,3.61,3.31,0.33,DASH,5.96
2024-04-30,long,247.15252114729796,2024-05-01,255.60296062524264,take_profit,3.42,3.12,0.33,MCD,4.19
2024-05-31,long,57.89409235036015,2024-06-20,63.37713295872035,take_profit,9.47,9.17,0.33,GILD,11.4
2024-05-31,long,266.9572535426407,2024-06-20,291.2197162570942,take_profit,9.09,8.79,0.33,ACN,9.56
2024-06-17,long,224.1889390487084,2024-06-27,243.70823110890097,take_profit,8.71,8.41,0.67,CRM,10.71
2024-07-30,long,101.53145202121208,2024-08-02,98.48550846057572,stop_loss,-3.0,-3.3,0.34,MU,-9.57
2024-08-05,long,59.37536155680009,2024-08-14,63.57799044492582,take_profit,7.08,6.78,0.33,SCHW,7.01
2024-08-05,long,13.979999542236328,2024-08-06,16.55239945220947,take_profit,18.4,18.1,0.67,HOOD,22.8
2024-08-07,long,103.63901620534772,2024-08-20,107.88263322826721,take_profit,4.09,3.79,0.33,MRK,3.69
2024-08-07,long,110.37999725341795,2024-09-17,121.06607876586912,take_profit,9.68,9.38,0.33,ABNB,10.34
2024-08-07,long,84.30354860767079,2024-08-12,94.02847262566861,take_profit,11.54,11.24,0.33,DELL,9.29
2024-08-08,long,107.27732553655852,2024-08-19,113.50797824690883,take_profit,5.81,5.51,0.33,UPS,5.77
2024-10-31,long,808.3616837788951,2024-11-14,784.1108332655282,stop_loss,-3.0,-3.3,1.0,REGN,-4.4
2024-12-17,long,59.33000183105469,2024-12-18,63.3585217590332,take_profit,6.79,6.49,0.66,UBER,2.9
2024-12-20,long,222.813023354004,2025-01-06,235.45796187981247,take_profit,5.68,5.38,0.33,DHR,5.49
2024-12-23,long,40.819509455392456,2025-01-13,45.191695929978735,take_profit,10.71,10.41,0.33,CVS,17.97
2025-01-10,long,84.78228183901474,2025-01-14,88.87103617876642,take_profit,4.82,4.52,0.67,STX,5.0
2025-01-10,long,133.46324283389038,2025-01-27,141.56630236202167,take_profit,6.07,5.77,0.33,PEP,8.96
2025-01-13,long,151.16644600344466,2025-01-14,160.09581055763078,take_profit,5.91,5.61,0.67,BX,5.04
2025-01-30,long,117.92386904906036,2025-01-31,126.17862120772857,take_profit,7.0,6.7,0.33,NVDA,1.37
2025-01-30,long,28.52924129597011,2025-02-13,31.104775156126497,take_profit,9.03,8.73,0.33,CMCSA,8.56
2025-02-03,long,99.59354500832173,2025-02-04,104.05474699326251,take_profit,4.48,4.18,0.33,XOM,4.11
2025-02-03,long,97.72456307046563,2025-02-14,103.8950725005036,take_profit,6.31,6.01,0.66,UPS,5.93
2025-02-07,long,106.79000091552734,2025-02-10,110.01140127563477,take_profit,3.02,2.72,0.33,AMD,3.16
2025-02-28,long,78.58000183105469,2025-03-03,89.6318822631836,take_profit,14.06,13.76,0.33,PLTR,5.86
2025-02-28,long,306.1000061035156,2025-03-03,357.7958104248047,take_profit,16.89,16.59,0.33,APP,9.91
2025-03-04,long,81.44999694824219,2025-03-10,79.00649703979492,stop_loss,-3.0,-3.3,0.33,ANET,-5.08
2025-03-04,long,82.90090760238967,2025-03-06,80.41388037431797,stop_loss,-3.0,-3.3,0.67,MRVL,-13.47
2025-03-04,long,261.8399963378906,2025-03-07,253.9847964477539,stop_loss,-3.0,-3.3,0.67,TSLA,0.02
2025-03-06,long,175.3733904628195,2025-03-07,189.4203291177438,take_profit,8.01,7.71,0.33,AVGO,9.47
2025-03-07,long,59.34467167827572,2025-03-12,62.37165573550154,take_profit,5.1,4.8,0.33,APH,4.4
2025-03-10,long,267.6024056921593,2025-03-31,259.5743335213945,stop_loss,-3.0,-3.3,0.33,CRM,-1.17
2025-03-11,long,104.61376097133784,2025-03-12,113.72627477052222,take_profit,8.71,8.41,0.67,NVDA,10.18
2025-03-11,long,135.373242429474,2025-03-12,145.7070729362239,take_profit,7.63,7.33,0.34,ORCL,9.28
2025-03-11,long,19.290000915527344,2025-03-12,20.942000915527345,take_profit,8.56,8.26,0.66,INTC,6.91
2025-03-13,long,106.50014032524564,2025-03-24,117.675770478121,take_profit,10.49,10.19,0.33,KKR,13.08
2025-03-13,long,161.1959991455078,2025-03-14,168.15186291503906,take_profit,4.32,4.02,0.34,NOW,4.46
2025-03-13,long,35.90999984741211,2025-03-17,39.926719955444334,take_profit,11.19,10.89,0.67,HOOD,16.71
2025-03-13,long,93.2699966430664,2025-03-19,98.35579736328125,take_profit,5.45,5.15,1.0,FTNT,4.95
2025-03-13,long,260.92999267578125,2025-03-14,284.23971728515625,take_profit,8.93,8.63,0.33,APP,11.95
2025-03-13,long,128.61946922264718,2025-03-17,135.8677589120245,take_profit,5.64,5.34,0.33,BX,8.68
2025-03-31,long,108.06939578201096,2025-04-02,114.85586192899123,take_profit,6.28,5.98,0.33,MS,6.02
2025-03-31,long,38.92180237714258,2025-04-03,37.7541483058283,stop_loss,-3.0,-3.3,0.34,WDC,-12.96
2025-03-31,long,139.5854315697438,2025-04-03,135.3978686226515,stop_loss,-3.0,-3.3,0.33,AMAT,-4.3
2025-03-31,long,167.63621351836778,2025-04-02,176.74301838414218,take_profit,5.43,5.13,0.34,COF,6.08
2025-04-04,long,63.09127378565034,2025-04-09,74.04620200858001,take_profit,17.36,17.06,0.67,STX,15.87
2025-04-07,long,25.677519128008143,2025-04-09,27.404568959217105,take_profit,6.73,6.43,0.33,CSX,9.01
2025-04-07,long,78.76877014712318,2025-04-08,84.6387638047066,take_profit,7.45,7.15,0.34,WMT,2.18
2025-04-07,long,136.7735693661445,2025-04-08,151.09596701701065,take_profit,10.47,10.17,0.33,AVGO,12.68
2025-04-07,long,78.62141692299748,2025-04-09,87.53738115125434,take_profit,11.34,11.04,0.33,DIS,13.86
2025-04-09,long,681.783758483122,2025-04-14,739.3788173124318,take_profit,8.45,8.15,0.67,LLY,9.18
2025-04-10,long,181.88129692496372,2025-04-11,195.57240057311796,take_profit,7.53,7.23,0.67,AAPL,7.98
2025-04-10,long,85.05999755859375,2025-04-11,92.33823849487305,take_profit,8.56,8.26,0.33,AMD,9.5
2025-04-10,long,29.67767088845576,2025-04-11,32.740588021882296,take_profit,10.32,10.02,0.33,FCX,10.02
2025-04-10,long,33.693164348065984,2025-04-15,36.456705730330754,take_profit,8.2,7.9,0.34,BAC,9.4
2025-04-10,long,125.86512964413896,2025-04-11,133.25843492955585,take_profit,5.87,5.57,0.34,QCOM,7.4
2025-04-10,long,460.0885025987295,2025-04-14,487.26580006973563,take_profit,5.91,5.61,0.34,GS,6.02
2025-04-10,long,74.20333432782009,2025-04-11,80.10215656589838,take_profit,7.95,7.65,0.34,DELL,7.59
2025-04-10,long,57.02206602327529,2025-04-14,60.66198018674905,take_profit,6.38,6.08,0.34,C,6.71
2025-04-11,long,18.18000030517578,2025-04-14,20.122280197143553,take_profit,10.68,10.38,0.34,INTC,11.42
2025-04-11,long,173.9115533482446,2025-04-14,183.09320903533637,take_profit,5.28,4.98,0.34,GE,5.96
2025-04-11,long,39.841214348203,2025-04-23,42.03776101440376,take_profit,5.51,5.21,0.33,GLW,5.59
2025-08-01,long,103.21434055919524,2025-08-05,109.42247818716217,take_profit,6.01,5.71,0.66,MU,5.19
2025-08-11,long,27.73780720610464,2025-08-12,28.87066731715384,take_profit,4.08,3.78,0.33,CMCSA,3.15
2025-08-26,long,171.01600646972656,2025-08-28,180.56503619384765,take_profit,5.58,5.28,0.66,NOW,8.3
2025-08-28,long,102.3125,2025-08-29,107.07911050415039,take_profit,4.66,4.36,0.66,CRWD,3.23
2025-09-03,long,153.62032570422292,2025-09-10,164.4319253372349,take_profit,7.04,6.74,0.33,AMAT,5.49
2025-09-04,long,331.5,2025-09-05,348.846,take_profit,5.23,4.93,0.34,ADBE,4.97
2025-09-11,long,76.94577055306124,2025-10-03,81.92554205353659,take_profit,6.47,6.17,0.33,UPS,5.53
2025-09-24,long,374.1700134277344,2025-10-01,400.2220496826172,take_profit,6.96,6.66,0.33,VRTX,7.73
2025-09-25,long,224.7683002494972,2025-09-29,242.5360250107466,take_profit,7.9,7.6,0.33,ACN,7.37
2025-11-14,long,192.8999938964844,2025-11-19,214.65447216796878,take_profit,11.28,10.98,0.34,DASH,4.58
2025-11-14,long,208.75642721348203,2025-11-21,202.49373439707756,stop_loss,-3.0,-3.3,0.33,ORCL,-6.0
2025-11-19,long,579.7421567881397,2025-11-25,628.9421175878874,take_profit,8.49,8.19,0.33,META,9.16
2025-11-19,long,131.3152571728856,2025-12-03,143.43723995384957,take_profit,9.23,8.93,0.33,BX,11.57
2025-11-21,long,220.4804205745986,2025-11-25,231.06948024402053,take_profit,4.8,4.5,0.33,CRM,5.18
2025-12-03,long,320.8857431547744,2025-12-04,337.40209872210454,take_profit,5.15,4.85,0.34,ETN,4.45
2025-12-24,long,34.95000076293945,2025-12-30,37.09052069091797,take_profit,6.12,5.82,0.33,INTC,6.42
2026-01-02,long,247.7084439144371,2026-01-30,240.277190597004,stop_loss,-3.0,-3.3,0.67,ADP,-2.22
2026-01-21,long,81.93000030517578,2026-02-04,79.4721002960205,stop_loss,-3.0,-3.3,0.33,NFLX,-2.46
2026-01-28,long,173.97278637934218,2026-01-29,182.35714749478228,take_profit,4.82,4.52,0.33,MRSH,6.56
2026-01-29,long,113.12999725341795,2026-02-03,109.73609733581542,stop_loss,-3.0,-3.3,0.66,NOW,-3.27
2026-01-29,long,284.6000061035156,2026-02-03,276.0620059204102,stop_loss,-3.0,-3.3,0.66,ADBE,-4.75
2026-01-30,long,463.0799865722656,2026-02-03,449.18758697509764,stop_loss,-3.0,-3.3,0.33,APP,-0.58
2026-02-04,long,186.3318566210609,2026-02-12,180.74190092242907,stop_loss,-3.0,-3.3,0.33,CRM,-1.29
2026-02-04,long,408.03596472990506,2026-02-11,395.7948857880079,stop_loss,-3.0,-3.3,0.33,INTU,-3.08
2026-02-05,long,71.87000274658203,2026-02-06,84.25528173828125,take_profit,17.23,16.93,0.33,HOOD,14.94
2026-02-09,long,178.13999938964844,2026-02-12,172.79579940795898,stop_loss,-3.0,-3.3,0.33,DASH,-9.84
2026-02-12,long,97.92231412694474,2026-02-23,94.9846447031364,stop_loss,-3.0,-3.3,0.33,KKR,-6.52
2026-02-12,long,157.80999755859375,2026-02-13,166.8676787109375,take_profit,5.74,5.44,0.34,PANW,5.49
2026-02-13,long,69.0199966430664,2026-02-26,74.6273571472168,take_profit,8.12,7.82,0.33,UBER,8.07
2026-02-17,long,160.0531942116696,2026-02-19,155.2515983853195,stop_loss,-3.0,-3.3,1.0,BKNG,-0.63
2026-02-17,long,196.0,2026-02-20,208.49384057617186,take_profit,6.37,6.07,0.33,AMZN,6.9
2026-02-17,long,194.8300018310547,2026-02-24,211.85267938232423,take_profit,8.74,8.44,0.34,AMD,9.46
2026-02-24,long,380.1693467763097,2026-03-04,406.1811578117518,take_profit,6.84,6.54,0.66,MSFT,5.85
2026-03-02,long,230.41904894374176,2026-03-05,249.27532578906758,take_profit,8.18,7.88,0.67,IBM,9.44
2026-03-12,long,912.2493207582108,2026-03-17,955.593012498519,take_profit,4.75,4.45,0.33,BLK,5.54
2026-03-12,long,126.467656145991,2026-03-16,134.3584826903734,take_profit,6.24,5.94,0.33,GLW,3.76
2026-03-20,long,289.2612224526533,2026-04-08,307.68546648602484,take_profit,6.37,6.07,0.33,AXP,8.76
2026-03-24,long,282.7694154114461,2026-03-25,298.26429354840957,take_profit,5.48,5.18,0.34,ELV,3.99
2026-03-24,long,95.1977172522992,2026-03-25,101.39476654921489,take_profit,6.51,6.21,0.33,NEM,6.09
2026-03-30,long,270.4528916396187,2026-04-01,288.6454285576623,take_profit,6.73,6.43,0.67,GE,7.78
2026-04-07,long,312.9625874505471,2026-04-08,331.6268953293464,take_profit,5.96,5.66,0.33,HD,6.31
2026-04-10,long,163.09904400673946,2026-04-13,172.70986336159052,take_profit,5.89,5.59,0.33,CRM,5.39
2026-05-05,long,316.26945076054096,2026-05-12,332.7496914311558,take_profit,5.21,4.91,0.33,AMGN,4.62
2026-05-15,long,169.5084712835212,2026-05-28,179.3982070811769,take_profit,5.83,5.53,0.33,RTX,4.93
2026-05-19,long,137.0,2026-05-21,147.10080072021483,take_profit,7.37,7.07,0.33,ANET,8.16
2026-05-20,long,149.7635062858282,2026-05-21,155.83703905370703,take_profit,4.06,3.76,0.33,BKNG,6.05
2026-06-02,long,590.830129282063,2026-06-05,635.2701051993606,take_profit,7.52,7.22,0.67,REGN,7.13
2026-06-02,long,506.96431776006017,2026-06-11,535.9712513888842,take_profit,5.72,5.42,0.33,LMT,7.26
2026-06-03,long,728.4157639772501,2026-06-10,791.7632070821678,take_profit,8.7,8.4,0.67,MCK,8.1
2026-06-12,long,86.45338693097862,2026-07-07,96.04550894483677,take_profit,11.1,10.8,0.66,ABT,9.77
2026-06-12,long,98.41999816894533,2026-06-17,95.46739822387697,stop_loss,-3.0,-3.3,0.33,NOW,-3.29
2026-06-18,long,190.1199951171875,2026-07-01,210.2555168457031,take_profit,10.59,10.29,0.34,ADBE,10.67
2026-06-29,long,121.79000091552734,2026-07-02,132.05273673998278,take_profit,8.43,8.13,0.33,ICE,8.9
2026-06-29,long,218.30999755859372,2026-07-07,240.20068323409296,take_profit,10.03,9.73,0.33,CME,9.98
2026-06-30,long,71.0,2026-07-02,76.59319927978515,take_profit,7.88,7.58,0.33,NFLX,9.07
2026-06-30,long,120.3330875974006,2026-07-07,138.10728723927835,take_profit,14.77,14.47,0.66,ACN,16.42
2026-07-02,long,19.62719512903332,2026-07-10,21.22709299531283,take_profit,8.15,7.85,0.34,T,7.36
2026-07-07,long,179.0,2026-07-09,191.84784057617188,take_profit,7.18,6.88,0.33,QCOM,6.47
2026-07-07,long,891.6599731445312,2026-07-09,977.3626670055482,take_profit,9.61,9.31,0.33,MU,10.91
2026-07-17,long,413.6300048828125,2026-07-23,401.22110473632813,stop_loss,-3.0,-3.3,0.33,APP,-3.87
2026-07-20,long,120.02999877929688,2026-07-24,116.42909881591797,stop_loss,-3.0,-3.3,0.67,ORCL,-4.5
2026-07-21,long,45.18000030517578,2026-07-23,48.2338399810791,take_profit,6.76,6.46,0.33,SLB,4.22
2026-07-23,long,328.57000732421875,2026-07-27,355.7737247314453,take_profit,8.28,7.98,0.33,ISRG,8.3
2026-07-23,long,197.7712880809621,2026-07-28,224.15795867682866,take_profit,13.34,13.04,0.34,IBM,13.94
2026-07-28,long,114.28480100637049,2026-07-30,135.4801688981114,take_profit,18.55,18.25,0.67,GLW,17.8
2026-07-29,long,162.89999389648438,2026-07-30,183.8421445288473,take_profit,12.86,12.56,0.33,MRVL,12.22
2026-08-03,long,142.88999938964844,2026-08-04,155.4451986694336,take_profit,8.79,8.49,0.33,QCOM,13.54
2026-08-10,long,424.3800048828125,2026-08-12,461.1063237304687,take_profit,8.65,8.35,0.33,WDC,6.7
