open_time,open,high,low,close,volume
2025-09-15,0.29,1.884,0.29,0.9394,233866237.29999998
2025-09-16,0.9391,0.9528,0.7338,0.8054,114696984.4
2025-09-17,0.8055,0.8265,0.7135,0.7735,53304762.7
2025-09-18,0.7738,0.802,0.7404,0.775,45976889.9
2025-09-19,0.7747,0.7818,0.7119,0.7352,25764073.0
2025-09-20,0.7354,0.866,0.7354,0.8259,55003661.9
2025-09-21,0.8254,0.9376,0.8111,0.8535,57490287.1
2025-09-22,0.8538,0.8573,0.643,0.6657,35651813.4
2025-09-23,0.6657,0.7532,0.6151,0.7235,50656909.7
2025-09-24,0.7231,0.7517,0.6575,0.6704,31234782.5
2025-09-25,0.6703,0.6703,0.5529,0.5637,48258237.5
2025-09-26,0.5636,0.5797,0.5239,0.5555,54457572.699999996
2025-09-27,0.5555,0.5857,0.5408,0.5609,91842501.5
2025-09-28,0.5608,0.5649,0.5284,0.5617,197860861.4
2025-09-29,0.5617,0.6155,0.4852,0.492,1527191609.8
2025-09-30,0.4919,0.4919,0.4174,0.4362,33916153.7
2025-10-01,0.4362,0.4609,0.4243,0.4455,32084955.4
2025-10-02,0.4455,0.4647,0.3229,0.3393,95093358.5
2025-10-03,0.3392,0.355,0.3313,0.3432,46079979.5
2025-10-04,0.3431,0.3483,0.3114,0.3257,22886131.3
2025-10-05,0.3258,0.3349,0.3163,0.3221,21473602.0
2025-10-06,0.3219,0.3341,0.3146,0.3294,34551506.0
2025-10-07,0.3293,0.3323,0.3016,0.3057,26339732.5
2025-10-08,0.3056,0.3142,0.2942,0.3057,19961747.3
2025-10-09,0.3056,0.3108,0.2671,0.2785,31154414.1
2025-10-10,0.2788,0.2898,0.1011,0.1863,70125587.0
2025-10-11,0.1858,0.1939,0.1681,0.1777,40817245.9
2025-10-12,0.1777,0.26,0.1688,0.227,51908014.9
2025-10-13,0.227,0.2279,0.2026,0.2096,40887345.8
2025-10-14,0.2096,0.2108,0.1769,0.1891,40623815.0
2025-10-15,0.189,0.2009,0.1822,0.1827,30077722.4
2025-10-16,0.1828,0.2866,0.1755,0.2657,168584669.9
2025-10-17,0.2652,0.3429,0.2426,0.2817,299561141.5
2025-10-18,0.2814,0.2895,0.2437,0.2601,54078130.3
2025-10-19,0.26,0.2632,0.2386,0.2478,25305614.7
2025-10-20,0.2477,0.2711,0.2322,0.2432,35102226.6
2025-10-21,0.2431,0.2552,0.2179,0.2239,38762973.1
2025-10-22,0.2237,0.2315,0.2026,0.2122,42691953.1
2025-10-23,0.2123,0.2493,0.2098,0.2391,61693473.3
2025-10-24,0.2393,0.2473,0.2315,0.2415,41074576.5
2025-10-25,0.2415,0.307,0.2387,0.283,107737305.10000001
2025-10-26,0.2829,0.2959,0.2659,0.2804,42759016.9
2025-10-27,0.2803,0.2993,0.2556,0.2623,35972153.7
2025-10-28,0.2622,0.2627,0.2299,0.2379,16508689.3
2025-10-29,0.2378,0.2378,0.2166,0.2264,24800113.1
2025-10-30,0.2265,0.227,0.1977,0.2077,24026800.7
2025-10-31,0.2077,0.2316,0.2068,0.2143,22752307.2
2025-11-01,0.2142,0.2311,0.2137,0.2305,20147612.2
2025-11-02,0.2303,0.231,0.2148,0.2191,16698270.9
2025-11-03,0.219,0.2191,0.1818,0.1883,32408872.4
2025-11-04,0.1883,0.2064,0.1794,0.1897,43692830.7
2025-11-05,0.1898,0.2008,0.1778,0.197,22630194.6
2025-11-06,0.197,0.214,0.1918,0.1951,35203657.4
2025-11-07,0.195,0.219,0.1862,0.2083,26017146.9
2025-11-08,0.2082,0.219,0.197,0.204,14751075.5
2025-11-09,0.2039,0.2064,0.1926,0.2048,9329064.6
2025-11-10,0.2048,0.2109,0.1952,0.2017,11371220.8
2025-11-11,0.2017,0.2038,0.1837,0.1844,11635977.6
2025-11-12,0.1845,0.1918,0.1762,0.1811,10789560.0
2025-11-13,0.181,0.1855,0.1664,0.1733,17131479.8
2025-11-14,0.1732,0.1737,0.1578,0.1614,18355441.4
2025-11-15,0.1615,0.1687,0.1598,0.162,7697573.0
2025-11-16,0.162,0.1624,0.1499,0.1578,11168524.7
2025-11-17,0.1577,0.1616,0.1503,0.1528,17997648.4
2025-11-18,0.1528,0.1588,0.1487,0.1555,14516327.9
2025-11-19,0.1554,0.1559,0.1425,0.1517,15010788.4
2025-11-20,0.1516,0.1548,0.1415,0.1453,15202468.0
2025-11-21,0.1453,0.189,0.1258,0.1545,89809659.0
2025-11-22,0.1545,0.1669,0.1424,0.1462,69206493.2
2025-11-23,0.1462,0.1484,0.1407,0.1425,14933001.4
2025-11-24,0.1424,0.168,0.1412,0.1532,54200553.6
2025-11-25,0.1533,0.1548,0.1464,0.1534,13489882.0
2025-11-26,0.1534,0.1539,0.1451,0.1508,10506628.0
2025-11-27,0.1508,0.1645,0.1487,0.1571,20737292.8
2025-11-28,0.157,0.1572,0.1472,0.1495,8493391.700000001
2025-11-29,0.1494,0.1517,0.1443,0.1458,4940063.3
2025-11-30,0.1459,0.1461,0.1408,0.1418,5725889.1
2025-12-01,0.1418,0.1436,0.1285,0.1422,16444709.9
2025-12-02,0.1422,0.146,0.1332,0.1441,20885739.9
2025-12-03,0.1441,0.15,0.1416,0.1453,13799678.9
2025-12-04,0.1453,0.1566,0.1444,0.1459,30324969.0
2025-12-05,0.1458,0.1469,0.1347,0.1399,10426396.3
2025-12-06,0.1399,0.1463,0.136,0.1391,6312568.1
2025-12-07,0.1391,0.1398,0.1306,0.1338,6232045.5
2025-12-08,0.1337,0.1382,0.1326,0.1351,6246367.4
2025-12-09,0.1351,0.1405,0.1331,0.1378,7898660.0
2025-12-10,0.1378,0.1388,0.1318,0.1339,7263748.9
2025-12-11,0.1338,0.1347,0.128,0.1308,8770682.1
2025-12-12,0.1308,0.131,0.1238,0.1263,6408678.9
2025-12-13,0.1265,0.127,0.1227,0.1259,3824937.8
2025-12-14,0.1259,0.126,0.117,0.1181,7217919.2
2025-12-15,0.1186,0.1198,0.1065,0.1113,8696462.0
2025-12-16,0.1112,0.1112,0.1055,0.1089,8080396.3
2025-12-17,0.1088,0.1088,0.1006,0.101,9368846.2
2025-12-18,0.101,0.1027,0.0941,0.0956,15746783.9
2025-12-19,0.0956,0.1028,0.0951,0.1013,11632182.1
2025-12-20,0.1014,0.1102,0.1012,0.1058,22204159.0
2025-12-21,0.1059,0.1062,0.0988,0.1,8075073.2
2025-12-22,0.1001,0.102,0.0983,0.1003,7182709.8
2025-12-23,0.1003,0.1024,0.0983,0.1023,9712699.4
2025-12-24,0.1024,0.1407,0.0994,0.118,109267390.7
2025-12-25,0.118,0.1484,0.1119,0.1312,80453451.7
2025-12-26,0.1311,0.1352,0.1179,0.1198,24178791.1
2025-12-27,0.1199,0.1251,0.1164,0.1182,12119577.5
2025-12-28,0.1181,0.1181,0.109,0.11,7004059.4
2025-12-29,0.11,0.1495,0.1097,0.1237,92660234.8
2025-12-30,0.1236,0.1249,0.1149,0.1187,22335594.5
2025-12-31,0.1188,0.1188,0.1097,0.1115,7547109.2
2026-01-01,0.1114,0.1194,0.111,0.1144,15761477.1
2026-01-02,0.1144,0.1188,0.1125,0.1183,9353980.7
2026-01-03,0.1183,0.1304,0.1181,0.1227,19647836.900000002
2026-01-04,0.1227,0.1253,0.118,0.1223,9050877.0
2026-01-05,0.1223,0.1241,0.1185,0.1236,11308975.8
2026-01-06,0.1235,0.1249,0.1177,0.1232,11817315.3
2026-01-07,0.1231,0.1326,0.1174,0.1185,19167049.1
2026-01-08,0.1185,0.119,0.1135,0.1162,8223776.2
2026-01-09,0.1162,0.1168,0.1135,0.1163,6269508.1
2026-01-10,0.1164,0.1189,0.1144,0.1165,4399079.3
2026-01-11,0.1165,0.1177,0.112,0.1133,3765547.4
2026-01-12,0.1133,0.1147,0.1084,0.1091,6556080.9
2026-01-13,0.1091,0.1162,0.1091,0.1152,7436508.7
2026-01-14,0.1153,0.122,0.1152,0.1197,13163939.8
2026-01-15,0.1199,0.1209,0.1113,0.1135,11003629.6
2026-01-16,0.1135,0.1161,0.1115,0.1159,5537707.3
2026-01-17,0.1158,0.1198,0.1128,0.1179,7126519.6
2026-01-18,0.1178,0.1271,0.1111,0.1112,20538259.8
2026-01-19,0.1112,0.1112,0.0997,0.1043,14404351.4
2026-01-20,0.1042,0.1046,0.0969,0.0977,8029430.5
2026-01-21,0.0978,0.1033,0.0975,0.1011,10078489.9
2026-01-22,0.1012,0.106,0.0994,0.103,13388236.4
2026-01-23,0.1029,0.1102,0.1029,0.1045,23562740.0
2026-01-24,0.1044,0.1157,0.1033,0.1144,34418669.4
2026-01-25,0.1144,0.2077,0.1127,0.1513,312342318.2
2026-01-26,0.1513,0.174,0.1279,0.1446,133753016.0
2026-01-27,0.1444,0.151,0.1248,0.1313,42494727.8
2026-01-28,0.1313,0.1388,0.1255,0.1271,47985021.6
2026-01-29,0.1271,0.1271,0.1106,0.115,22403324.8
2026-01-30,0.1149,0.1359,0.109,0.1225,59433198.5
2026-01-31,0.1223,0.1237,0.0971,0.1031,43519583.7
2026-02-01,0.1031,0.1204,0.0946,0.0959,58208705.5
2026-02-02,0.0959,0.1075,0.0915,0.1006,31836418.6
2026-02-03,0.1006,0.1023,0.0923,0.0939,15771387.9
2026-02-04,0.0939,0.101,0.0924,0.0938,16456892.2
2026-02-05,0.0937,0.1018,0.0815,0.0827,26873301.3
2026-02-06,0.0828,0.0913,0.0732,0.0879,19851815.3
2026-02-07,0.0879,0.0965,0.0849,0.0893,23075125.1
2026-02-08,0.0892,0.0913,0.0859,0.0863,5966085.6
2026-02-09,0.0865,0.0941,0.0813,0.0907,20497845.5
2026-02-10,0.0907,0.0983,0.0868,0.094,34724946.9
2026-02-11,0.0939,0.0962,0.0878,0.093,25524440.900000002
2026-02-12,0.0931,0.0981,0.09,0.0953,18738428.6
2026-02-13,0.0953,0.12,0.0933,0.1006,104697077.3
2026-02-14,0.1005,0.1096,0.099,0.1016,19959518.4
2026-02-15,0.1015,0.1027,0.0957,0.099,10856873.5
2026-02-16,0.0989,0.0993,0.0964,0.0979,5608567.1
2026-02-17,0.0979,0.0985,0.0936,0.098,4989561.3
2026-02-18,0.0981,0.1011,0.0929,0.0934,11848064.5
2026-02-19,0.0935,0.0951,0.0872,0.0901,8784131.6
2026-02-20,0.0901,0.0958,0.0892,0.0932,11393966.4
2026-02-21,0.0933,0.0933,0.0898,0.0899,4502222.5
2026-02-22,0.0898,0.0899,0.0852,0.0862,6995037.4
2026-02-23,0.0862,0.0875,0.0814,0.0841,6197322.5
2026-02-24,0.0844,0.0848,0.08,0.0827,7096542.5
2026-02-25,0.0827,0.0898,0.0825,0.0869,14166834.0
2026-02-26,0.0871,0.0944,0.0815,0.0884,23627930.0
2026-02-27,0.0884,0.0921,0.0856,0.0874,22778198.4
2026-02-28,0.0875,0.089,0.08,0.0854,8497424.9
2026-03-01,0.0858,0.0884,0.0818,0.084,7190916.6
2026-03-02,0.084,0.0875,0.0825,0.0845,6125154.5
2026-03-03,0.0844,0.0844,0.0814,0.0823,5055548.7
2026-03-04,0.0823,0.0856,0.0804,0.0845,9869704.1
2026-03-05,0.0845,0.0873,0.0827,0.0845,7642378.5
2026-03-06,0.0845,0.0858,0.0817,0.0828,8286171.2
2026-03-07,0.083,0.0831,0.0804,0.0816,1865574.1
2026-03-08,0.0815,0.0824,0.0794,0.0801,5110411.4
2026-03-09,0.0801,0.0851,0.08,0.0837,7360398.3
2026-03-10,0.0837,0.0871,0.083,0.0843,8112710.0
2026-03-11,0.0843,0.086,0.0832,0.0849,3717574.4000000004
2026-03-12,0.085,0.0874,0.0834,0.0846,6192092.6
2026-03-13,0.0846,0.0868,0.084,0.0844,3020702.3
2026-03-14,0.0843,0.0846,0.0822,0.0832,3867358.5
2026-03-15,0.0833,0.0891,0.0787,0.0802,30754880.7
2026-03-16,0.0802,0.0835,0.0792,0.0826,18212908.2
2026-03-17,0.0827,0.0835,0.0803,0.083,7571253.1
2026-03-18,0.083,0.084,0.0778,0.0793,7495838.1
2026-03-19,0.0792,0.0797,0.0767,0.0776,3935984.3
2026-03-20,0.0776,0.0785,0.0759,0.0775,3477734.0
2026-03-21,0.0774,0.0779,0.0757,0.0764,3643749.4
2026-03-22,0.0763,0.0764,0.0719,0.0727,5614217.8
2026-03-23,0.0728,0.0766,0.0714,0.076,7633110.2
2026-03-24,0.0759,0.0759,0.074,0.0752,5338767.1
2026-03-25,0.0752,0.0878,0.0738,0.0791,38823219.9
2026-03-26,0.079,0.0797,0.0718,0.0721,15145412.0
2026-03-27,0.0721,0.0728,0.069,0.0699,6554323.3
2026-03-28,0.0698,0.0719,0.0682,0.0696,5362649.8
2026-03-29,0.0697,0.0699,0.0651,0.066,4633294.2
2026-03-30,0.066,0.0694,0.0659,0.0681,5017272.8
2026-03-31,0.0681,0.0719,0.0674,0.0711,11790848.4
2026-04-01,0.0712,0.0712,0.0693,0.07,3914246.3
2026-04-02,0.0699,0.0714,0.0674,0.0679,6351128.1
2026-04-03,0.0679,0.0694,0.0667,0.0679,5441154.6
2026-04-04,0.0678,0.0712,0.0675,0.0688,6607541.2
2026-04-05,0.0688,0.0691,0.0667,0.0687,7849651.3
2026-04-06,0.0687,0.0913,0.0685,0.0711,50862182.6
2026-04-07,0.0712,0.0731,0.069,0.0729,10049244.1
2026-04-08,0.0729,0.0736,0.0706,0.0707,5025785.0
2026-04-09,0.0707,0.0733,0.0703,0.071,9243808.0
2026-04-10,0.0711,0.0749,0.0694,0.0722,14549827.3
2026-04-11,0.0723,0.0725,0.0704,0.0719,4667145.0
2026-04-12,0.0719,0.0719,0.068,0.0686,3715064.7
2026-04-13,0.0688,0.0721,0.068,0.0719,10472344.4
2026-04-14,0.0719,0.0749,0.0718,0.073,17267052.4
2026-04-15,0.073,0.075,0.0718,0.0746,14005811.7
2026-04-16,0.0747,0.0773,0.0733,0.0772,7822230.9
2026-04-17,0.0771,0.0795,0.0746,0.0782,13010117.5
2026-04-18,0.0782,0.0789,0.0736,0.074,10531861.9
2026-04-19,0.074,0.0743,0.0699,0.0701,6916406.0
2026-04-20,0.0701,0.0726,0.0701,0.072,5305522.8
2026-04-21,0.0721,0.0726,0.0707,0.0724,4542157.8
2026-04-22,0.0724,0.0744,0.0719,0.0719,3957537.1
2026-04-23,0.072,0.0725,0.0704,0.0724,3667369.7
2026-04-24,0.0724,0.0761,0.0716,0.0738,11957858.5
2026-04-25,0.0738,0.0787,0.0736,0.075,19593048.7
2026-04-26,0.0751,0.0809,0.0741,0.0799,23760655.0
2026-04-27,0.0798,0.0798,0.0721,0.0741,11690941.5
2026-04-28,0.0741,0.0802,0.0728,0.0782,24218819.3
2026-04-29,0.0782,0.0811,0.0721,0.0743,16237509.7
2026-04-30,0.0743,0.0765,0.0732,0.0734,6021292.5
2026-05-01,0.0735,0.0757,0.073,0.0742,4153212.0
2026-05-02,0.0741,0.0749,0.0732,0.0742,2783952.2
2026-05-03,0.0742,0.0742,0.0726,0.0734,2055111.6
2026-05-04,0.0734,0.0761,0.0728,0.0759,4927505.3
2026-05-05,0.0761,0.0769,0.0751,0.0762,5563333.4
2026-05-06,0.0762,0.0778,0.0748,0.0769,9952276.4
2026-05-07,0.0769,0.0769,0.0741,0.0763,6154021.7
2026-05-08,0.0762,0.0801,0.0752,0.0801,6373551.7
2026-05-09,0.0804,0.0833,0.0797,0.081,11469721.899999999
2026-05-10,0.0809,0.0842,0.0805,0.0821,7870824.2
2026-05-11,0.0821,0.0827,0.0794,0.0821,5671978.9
2026-05-12,0.0821,0.084,0.0792,0.0806,7050934.3
2026-05-13,0.0805,0.0825,0.0751,0.0759,6076660.7
2026-05-14,0.0759,0.0779,0.0747,0.0761,2806289.2
2026-05-15,0.0762,0.0768,0.0708,0.0719,5811292.0
2026-05-16,0.0719,0.0728,0.0683,0.0694,4558518.0
2026-05-17,0.0694,0.0714,0.067,0.0683,8292712.5
2026-05-18,0.0683,0.0695,0.0668,0.0693,5194461.3
2026-05-19,0.0694,0.0696,0.0668,0.0668,3220364.5
2026-05-20,0.0668,0.0695,0.0662,0.0688,4962862.8
2026-05-21,0.0688,0.0723,0.0688,0.0718,9173253.3
2026-05-22,0.0718,0.0724,0.0666,0.067,6397909.5
2026-05-23,0.0669,0.0705,0.0656,0.0691,7937726.3
2026-05-24,0.069,0.0693,0.0659,0.0673,3809268.9
2026-05-25,0.0675,0.0703,0.0668,0.0683,8079570.0
2026-05-26,0.0684,0.0688,0.0661,0.0662,6424364.6
2026-05-27,0.0663,0.0671,0.0643,0.0648,4556714.0
2026-05-28,0.0648,0.0649,0.0611,0.0624,6650387.0
2026-05-29,0.0625,0.0636,0.0613,0.0626,6834422.9
2026-05-30,0.0627,0.0648,0.0622,0.0633,4417285.8
2026-05-31,0.0634,0.066,0.0618,0.0634,7981582.0
2026-06-01,0.0634,0.0647,0.0619,0.0633,4212513.0
2026-06-02,0.0635,0.0635,0.0568,0.0584,9120127.0
2026-06-03,0.0584,0.0648,0.0571,0.0576,33207312.3
2026-06-04,0.0577,0.0591,0.0528,0.0541,6514880.4
2026-06-05,0.0541,0.0545,0.0468,0.0485,7367755.9
2026-06-06,0.0487,0.0493,0.0449,0.0483,5626035.4
2026-06-07,0.0483,0.0508,0.0479,0.0499,6140564.6
2026-06-08,0.05,0.0511,0.0486,0.0498,5085302.7
2026-06-09,0.05,0.0503,0.0467,0.0478,6920244.7
2026-06-10,0.0479,0.0495,0.0462,0.0468,6994960.9
2026-06-11,0.0468,0.0491,0.0468,0.0486,7454435.3
2026-06-12,0.0485,0.0495,0.0477,0.0482,6248959.5
2026-06-13,0.0483,0.0514,0.0482,0.0491,10024325.799999999
2026-06-14,0.0492,0.0784,0.0492,0.0573,213657199.4
2026-06-15,0.0573,0.0617,0.0532,0.0546,48035298.1
2026-06-16,0.0545,0.0582,0.0507,0.0523,26814013.6
2026-06-17,0.0522,0.0529,0.0507,0.0522,15706556.2
2026-06-18,0.0522,0.0525,0.048,0.049,12132846.3
2026-06-19,0.049,0.0495,0.0475,0.048,7473049.2
2026-06-20,0.048,0.0488,0.0474,0.0481,6405185.3
2026-06-21,0.0481,0.0504,0.0475,0.0487,9284186.9
2026-06-22,0.0487,0.052,0.0484,0.0514,16428959.4
2026-06-23,0.0513,0.0514,0.046,0.0468,12785890.799999999
2026-06-24,0.0471,0.0477,0.0427,0.0451,9930996.4
2026-06-25,0.0451,0.0472,0.0422,0.0441,10342031.9
2026-06-26,0.0441,0.0448,0.0424,0.0442,5540343.0
2026-06-27,0.0442,0.0453,0.0436,0.0438,4240423.3
2026-06-28,0.0439,0.0445,0.0431,0.0437,4424218.0
2026-06-29,0.0436,0.0444,0.0428,0.0436,4527953.7
2026-06-30,0.0436,0.0437,0.0408,0.0423,6930172.5
2026-07-01,0.0423,0.0444,0.0412,0.0436,10357084.8
2026-07-02,0.0436,0.0457,0.0433,0.0442,13741183.7
2026-07-03,0.0441,0.0519,0.0439,0.0476,41185290.800000004
2026-07-04,0.0475,0.0497,0.0456,0.0468,19404410.8
2026-07-05,0.0468,0.0479,0.0452,0.0459,7235766.4
2026-07-06,0.046,0.0467,0.0439,0.0463,5319069.9
2026-07-07,0.0462,0.0464,0.0437,0.0438,3358678.2
2026-07-08,0.0438,0.0459,0.0423,0.0433,10908350.4
2026-07-09,0.0433,0.0459,0.0429,0.0438,8740512.5
2026-07-10,0.0437,0.0448,0.0436,0.0448,3573075.4
2026-07-11,0.0449,0.0454,0.0442,0.0443,3632931.7
2026-07-12,0.0443,0.0464,0.0434,0.0437,11434920.200000001
2026-07-13,0.0438,0.0444,0.0425,0.0432,6135473.9
2026-07-14,0.0432,0.0472,0.0432,0.0441,24983249.7
2026-07-15,0.0441,0.0442,0.0432,0.0435,6667065.2
2026-07-16,0.0434,0.0435,0.042,0.0422,4911318.7
2026-07-17,0.0421,0.043,0.0417,0.0422,4435222.4
2026-07-18,0.0422,0.0425,0.0414,0.0424,4727149.4
2026-07-19,0.0424,0.0426,0.0409,0.0411,3801207.4
2026-07-20,0.041,0.0418,0.0402,0.0413,6035948.7
2026-07-21,0.0413,0.0446,0.0413,0.0424,12515152.0
2026-07-22,0.0424,0.0441,0.0415,0.0428,23055777.9
2026-07-23,0.0428,0.0558,0.0428,0.0446,96116344.5
2026-07-24,0.0446,0.0453,0.0426,0.0429,25617202.0
2026-07-25,0.0429,0.0468,0.0427,0.0427,27174662.099999998
2026-07-26,0.0426,0.0428,0.041,0.0418,12384660.9
2026-07-27,0.0418,0.0419,0.038,0.0386,14159187.3
2026-07-28,0.0385,0.0411,0.0369,0.0393,18319831.8
2026-07-29,0.0393,0.0394,0.0366,0.038,8717473.9
2026-07-30,0.0381,0.0384,0.0368,0.0369,7043687.699999999
2026-07-31,0.0368,0.0393,0.0364,0.0372,13937543.3
2026-08-01,0.0371,0.0383,0.0368,0.0377,8878498.3
2026-08-02,0.0378,0.0387,0.0371,0.0375,6660399.6
2026-08-03,0.0375,0.0378,0.0368,0.0376,4989145.5
2026-08-04,0.0376,0.0377,0.0368,0.0371,4673363.9
2026-08-05,0.037,0.038,0.0367,0.0373,3776891.1
2026-08-06,0.0372,0.0392,0.037,0.0386,8228934.9
2026-08-07,0.0387,0.0395,0.0379,0.0381,5726155.4
2026-08-08,0.038,0.0394,0.0379,0.0391,2535997.1
2026-08-09,0.0391,0.0404,0.0387,0.04,8307479.0
2026-08-10,0.0401,0.0407,0.0388,0.0389,7342843.4
2026-08-11,0.0389,0.0396,0.0377,0.0382,5551396.1
2026-08-12,0.0383,0.0386,0.037,0.0376,3225012.7
2026-08-13,0.0376,0.0394,0.0374,0.0379,5744827.7
2026-08-14,0.0379,0.038,0.0367,0.0374,2753457.4
2026-08-15,0.0374,0.0387,0.0374,0.0378,3844212.0
2026-08-16,0.0378,0.0379,0.0371,0.0373,2155730.5
2026-08-17,0.0373,0.0377,0.0369,0.0372,2558682.6
2026-08-18,0.0373,0.0376,0.0361,0.0366,3079729.7
2026-08-19,0.0365,0.0394,0.0361,0.0385,5414822.7
2026-08-20,0.0386,0.0412,0.0382,0.0401,10212899.4
2026-08-21,0.0401,0.0434,0.0398,0.0431,10292464.1
2026-08-22,0.0432,0.0453,0.0411,0.0414,15177788.4
2026-08-23,0.0414,0.0429,0.0391,0.0424,12351082.6
2026-08-24,0.0424,0.0424,0.0407,0.041,4599022.6
2026-08-25,0.0411,0.0419,0.0386,0.0394,4678715.9
2026-08-26,0.0395,0.0409,0.0393,0.0408,2688298.1
2026-08-27,0.0408,0.0413,0.0402,0.0407,2977897.1
2026-08-28,0.0407,0.041,0.0382,0.0394,3369807.1
2026-08-29,0.0394,0.0431,0.0389,0.0398,21602275.099999998
2026-08-30,0.0397,0.0744,0.0395,0.0604,418101267.7
2026-08-31,0.0603,0.0688,0.0528,0.0556,119666037.0
