time,price,type
2024-09-04 14:00:00,56187.61,low
2024-09-04 16:00:00,58519.0,high
2024-09-06 07:00:00,55280.0,low
2024-09-06 13:00:00,57008.0,high
2024-09-06 21:00:00,52550.0,low
2024-09-09 21:00:00,58088.0,high
2024-09-11 14:00:00,55545.19,low
2024-09-13 22:00:00,60625.0,high
2024-09-16 17:00:00,57493.3,low
2024-09-17 15:00:00,61320.0,high
2024-09-18 16:00:00,59174.8,low
2024-09-18 18:00:00,61318.6,high
2024-09-18 20:00:00,59473.68,low
2024-09-23 03:00:00,64745.88,high
2024-09-24 02:00:00,62700.0,low
2024-09-25 01:00:00,64817.99,high
2024-09-26 01:00:00,62670.0,low
2024-09-27 14:00:00,66498.0,high
2024-10-01 20:00:00,60164.0,low
2024-10-02 16:00:00,62390.31,high
2024-10-03 13:00:00,59828.11,low
2024-10-07 14:00:00,64478.19,high
2024-10-10 18:00:00,58946.0,low
2024-10-15 14:00:00,67950.0,high
2024-10-15 15:00:00,64800.01,low
2024-10-21 00:00:00,69519.52,high
2024-10-23 18:00:00,65260.0,low
2024-10-24 21:00:00,68850.0,high
2024-10-25 23:00:00,65596.29,low
2024-10-29 19:00:00,73620.12,high
2024-11-01 02:00:00,68830.0,low
2024-11-01 14:00:00,71632.95,high
2024-11-04 21:00:00,66835.0,low
2024-11-06 06:00:00,75407.1,high
2024-11-06 08:00:00,72656.31,low
2024-11-10 18:00:00,81069.99,high
2024-11-10 21:00:00,78473.13,low
2024-11-11 23:00:00,89530.54,high
2024-11-12 00:00:00,86561.35,low
2024-11-12 07:00:00,89940.0,high
2024-11-12 10:00:00,85229.0,low
2024-11-12 11:00:00,87860.75,high
2024-11-12 13:00:00,85072.0,low
2024-11-12 20:00:00,89876.94,high
2024-11-13 06:00:00,86127.99,low
2024-11-13 16:00:00,93265.64,high
2024-11-13 21:00:00,87970.98,low
2024-11-14 14:00:00,91790.0,high
2024-11-14 23:00:00,86668.21,low
2024-11-15 12:00:00,90709.74,high
2024-11-15 15:00:00,87754.45,low
2024-11-15 22:00:00,91850.0,high
2024-11-17 22:00:00,88722.0,low
2024-11-18 07:00:00,92300.0,high
2024-11-18 13:00:00,89376.9,low
2024-11-18 15:00:00,92594.0,high
2024-11-18 19:00:00,89667.66,low
2024-11-22 19:00:00,99588.01,high
2024-11-24 16:00:00,95734.77,low
2024-11-25 09:00:00,98871.8,high
2024-11-26 11:00:00,91466.52,low
2024-11-26 16:00:00,94685.6,high
2024-11-26 20:00:00,90791.1,low
2024-11-29 15:00:00,98619.99,high
2024-12-03 14:00:00,93578.17,low
2024-12-05 03:00:00,104088.0,high
2024-12-05 22:00:00,90500.0,low
2024-12-06 20:00:00,101898.99,high
2024-12-09 21:00:00,94150.05,low
2024-12-10 14:00:00,98270.0,high
2024-12-10 18:00:00,94256.54,low
2024-12-12 16:00:00,102540.0,high
2024-12-13 02:00:00,99205.0,low
2024-12-16 00:00:00,106648.0,high
2024-12-16 12:00:00,103333.0,low
2024-12-17 14:00:00,108353.0,high
2024-12-19 02:00:00,98802.0,low
2024-12-19 14:00:00,102800.11,high
2024-12-20 12:00:00,92232.54,low
2024-12-21 07:00:00,99540.61,high
2024-12-23 02:00:00,93700.42,low
2024-12-23 11:00:00,96538.92,high
2024-12-23 20:00:00,92520.0,low
2024-12-26 00:00:00,99963.7,high
2024-12-27 07:00:00,94646.03,low
2024-12-27 09:00:00,97544.58,high
2024-12-30 15:00:00,91530.45,low
2024-12-30 20:00:00,95024.5,high
2024-12-30 21:00:00,91901.57,low
2024-12-31 14:00:00,96250.0,high
2025-01-01 09:00:00,92888.0,low
2025-01-07 00:00:00,102724.38,high
2025-01-08 17:00:00,92500.9,low
2025-01-09 01:00:00,95382.32,high
2025-01-09 14:00:00,91800.0,low
2025-01-09 16:00:00,94685.25,high
2025-01-09 20:00:00,91203.67,low
2025-01-10 10:00:00,95293.4,high
2025-01-10 15:00:00,92206.02,low
2025-01-13 00:00:00,95940.0,high
2025-01-13 14:00:00,89256.69,low
2025-01-16 00:00:00,100866.66,high
2025-01-16 15:00:00,97335.13,low
2025-01-17 19:00:00,105865.22,high
2025-01-18 08:00:00,102277.55,low
2025-01-19 20:00:00,106422.43,high
2025-01-20 00:00:00,99550.0,low
2025-01-20 06:00:00,109588.0,high
2025-01-20 17:00:00,100333.0,low
2025-01-20 18:00:00,104469.15,high
2025-01-21 01:00:00,100119.04,low
2025-01-21 18:00:00,107240.81,high
2025-01-23 10:00:00,101262.28,low
2025-01-23 14:00:00,106050.86,high
2025-01-23 15:00:00,102643.49,low
2025-01-23 16:00:00,106850.0,high
2025-01-23 21:00:00,102195.7,low
2025-01-24 18:00:00,107120.0,high
2025-01-27 07:00:00,97777.77,low
2025-01-27 14:00:00,102317.94,high
2025-01-27 18:00:00,98864.0,low
2025-01-28 15:00:00,103800.0,high
2025-01-28 21:00:00,100272.68,low
2025-01-30 15:00:00,106457.44,high
2025-02-03 02:00:00,91231.0,low
2025-02-03 22:00:00,102500.01,high
2025-02-04 22:00:00,96150.0,low
2025-02-05 14:00:00,99149.0,high
2025-02-05 23:00:00,96155.0,low
2025-02-06 11:00:00,99120.0,high
2025-02-06 19:00:00,95676.64,low
2025-02-07 14:00:00,100137.99,high
2025-02-09 21:00:00,94713.0,low
2025-02-11 05:00:00,98478.42,high
2025-02-12 13:00:00,94088.23,low
2025-02-14 17:00:00,98826.0,high
2025-02-18 19:00:00,93388.09,low
2025-02-21 13:00:00,99475.0,high
2025-02-25 10:00:00,86888.1,low
2025-02-25 13:00:00,89544.4,high
2025-02-25 15:00:00,86050.99,low
2025-02-25 22:00:00,89460.17,high
2025-02-26 14:00:00,85418.72,low
2025-02-26 15:00:00,88530.0,high
2025-02-26 20:00:00,82256.01,low
2025-02-27 11:00:00,87078.46,high
2025-02-28 08:00:00,78258.52,low
2025-03-02 17:00:00,95000.0,high
2025-03-04 15:00:00,81500.0,low
2025-03-05 12:00:00,90933.82,high
2025-03-05 16:00:00,87600.0,low
2025-03-06 05:00:00,92810.64,high
2025-03-06 19:00:00,87836.0,low
2025-03-07 00:00:00,91283.02,high
2025-03-07 01:00:00,85200.0,low
2025-03-07 14:00:00,91100.0,high
2025-03-09 23:00:00,80000.0,low
2025-03-10 09:00:00,84123.46,high
2025-03-10 19:00:00,77459.91,low
2025-03-10 21:00:00,79886.03,high
2025-03-11 00:00:00,76606.0,low
2025-03-11 13:00:00,82225.21,high
2025-03-11 14:00:00,79058.0,low
2025-03-12 12:00:00,84539.85,high
2025-03-12 15:00:00,80607.65,low
2025-03-13 02:00:00,84336.33,high
2025-03-13 17:00:00,79939.9,low
2025-03-14 15:00:00,85309.71,high
2025-03-16 11:00:00,82381.46,low
2025-03-16 16:00:00,85117.04,high
2025-03-16 23:00:00,81981.12,low
2025-03-17 19:00:00,84756.83,high
2025-03-18 13:00:00,81134.66,low
2025-03-20 00:00:00,87453.67,high
2025-03-21 13:00:00,83175.25,low
2025-03-24 14:00:00,88765.43,high
2025-03-31 00:00:00,81278.52,low
2025-04-02 20:00:00,88500.0,high
2025-04-03 15:00:00,81211.24,low
2025-04-04 09:00:00,84720.0,high
2025-04-04 11:00:00,81659.0,low
2025-04-04 17:00:00,84620.01,high
2025-04-07 07:00:00,74508.0,low
2025-04-07 14:00:00,81243.58,high
2025-04-07 16:00:00,77313.2,low
2025-04-08 02:00:00,80867.99,high
2025-04-09 01:00:00,74620.0,low
2025-04-09 21:00:00,83588.0,high
2025-04-10 16:00:00,78464.36,low
2025-04-13 01:00:00,86100.0,high
2025-04-13 21:00:00,83034.23,low
2025-04-15 13:00:00,86496.42,high
2025-04-16 01:00:00,83111.64,low
2025-04-23 13:00:00,94696.05,high
2025-04-24 08:00:00,91660.01,low
2025-04-25 14:00:00,95758.04,high
2025-04-28 01:00:00,92800.01,low
2025-05-02 14:00:00,97895.68,high
2025-05-06 13:00:00,93377.0,low
2025-05-12 07:00:00,105819.45,high
2025-05-12 18:00:00,100718.37,low
2025-05-13 19:00:00,104976.25,high
2025-05-15 14:00:00,101383.07,low
2025-05-19 00:00:00,107108.62,high
2025-05-19 06:00:00,102000.0,low
2025-05-21 16:00:00,109845.0,high
2025-05-21 17:00:00,106117.67,low
2025-05-22 17:00:00,111980.0,high
2025-05-25 15:00:00,106600.64,low
2025-05-27 13:00:00,110718.0,high
2025-05-31 03:00:00,103068.55,low
2025-06-03 15:00:00,106794.67,high
2025-06-05 20:00:00,100372.26,low
2025-06-09 21:00:00,110530.17,high
2025-06-13 01:00:00,102664.31,low
2025-06-16 22:00:00,108952.38,high
2025-06-17 17:00:00,103371.02,low
2025-06-20 08:00:00,106524.65,high
2025-06-22 20:00:00,98200.0,low
2025-06-30 00:00:00,108789.99,high
2025-07-02 01:00:00,105100.19,low
2025-07-14 07:00:00,123218.0,high
2025-07-15 14:00:00,115736.92,low
2025-07-17 21:00:00,120998.71,high
2025-07-22 01:00:00,116128.0,low
2025-07-22 23:00:00,120247.8,high
2025-07-25 07:00:00,114723.16,low
2025-07-28 02:00:00,119800.0,high
2025-08-03 00:00:00,111920.0,low
2025-08-11 05:00:00,122335.16,high
2025-08-11 21:00:00,118050.11,low
2025-08-14 00:00:00,124474.0,high
2025-08-22 12:00:00,111684.79,low
2025-08-22 18:00:00,117429.05,high
2025-08-26 01:00:00,108666.66,low
2025-08-28 13:00:00,113485.9,high
2025-09-01 05:00:00,107255.0,low
2025-09-05 12:00:00,113384.62,high
2025-09-06 16:00:00,109977.0,low
2025-09-18 18:00:00,117900.0,high
2025-09-26 11:00:00,108620.07,low
2025-10-06 18:00:00,126199.63,high
2025-10-07 18:00:00,120574.94,low
2025-10-08 18:00:00,124197.25,high
2025-10-10 21:00:00,102000.0,low
2025-10-10 23:00:00,114807.41,high
2025-10-11 21:00:00,109561.59,low
2025-10-13 02:00:00,115963.81,high
2025-10-14 13:00:00,109866.0,low
2025-10-15 02:00:00,113612.35,high
2025-10-17 10:00:00,103528.23,low
2025-10-20 15:00:00,111705.56,high
2025-10-21 05:00:00,107473.72,low
2025-10-21 16:00:00,114000.0,high
2025-10-22 21:00:00,106666.69,low
2025-10-27 07:00:00,116400.0,high
2025-10-30 04:00:00,107925.06,low
2025-10-30 07:00:00,111592.0,high
2025-10-30 19:00:00,106304.34,low
2025-11-02 12:00:00,111250.01,high
2025-11-04 21:00:00,98944.36,low
2025-11-05 20:00:00,104534.74,high
2025-11-07 12:00:00,99260.86,low
2025-11-11 01:00:00,107500.0,high
2025-11-12 19:00:00,100813.59,low
2025-11-13 07:00:00,104085.01,high
2025-11-14 12:00:00,94560.48,low
2025-11-14 16:00:00,97411.11,high
2025-11-14 23:00:00,94012.45,low
2025-11-15 03:00:00,96846.68,high
2025-11-16 22:00:00,93005.55,low
2025-11-17 14:00:00,96043.0,high
2025-11-18 04:00:00,89253.78,low
2025-11-18 16:00:00,93836.01,high
2025-11-19 20:00:00,88608.0,low
2025-11-20 05:00:00,93160.0,high
2025-11-21 07:00:00,82000.0,low
2025-11-21 08:00:00,84709.89,high
2025-11-21 12:00:00,80600.0,low
2025-11-21 14:00:00,85496.0,high
2025-11-21 16:00:00,82333.0,low
2025-11-23 22:00:00,88127.64,high
2025-11-24 14:00:00,85272.0,low
2025-11-24 20:00:00,89228.0,high
2025-11-25 14:00:00,86116.0,low
2025-11-28 14:00:00,93092.0,high
2025-12-01 15:00:00,83822.76,low
2025-12-03 22:00:00,94150.0,high
2025-12-07 14:00:00,87719.28,low
2025-12-07 18:00:00,91760.0,high
2025-12-07 22:00:00,88995.33,low
2025-12-08 09:00:00,92287.15,high
2025-12-09 05:00:00,89500.0,low
2025-12-09 17:00:00,94588.99,high
2025-12-10 15:00:00,91563.15,low
2025-12-10 20:00:00,94476.0,high
2025-12-11 14:00:00,89260.63,low
2025-12-11 21:00:00,93555.0,high
2025-12-15 18:00:00,85146.64,low
2025-12-17 15:00:00,90365.85,high
2025-12-17 19:00:00,85314.0,low
2025-12-18 14:00:00,89477.61,high
2025-12-18 20:00:00,84450.01,low
2025-12-22 12:00:00,90588.23,high
2025-12-24 14:00:00,86420.0,low
2025-12-26 07:00:00,89567.75,high
2025-12-26 15:00:00,86655.08,low
2025-12-29 04:00:00,90406.08,high
2025-12-29 12:00:00,86806.5,low
2026-01-05 20:00:00,94789.08,high
2026-01-08 14:00:00,89311.0,low
2026-01-14 20:00:00,97924.49,high
2026-01-20 23:00:00,87895.98,low
2026-01-21 15:00:00,90574.0,high
2026-01-21 17:00:00,87263.53,low
2026-01-23 17:00:00,91224.99,high
2026-01-25 23:00:00,86074.72,low
2026-01-28 17:00:00,90600.0,high
2026-01-30 01:00:00,81118.0,low
2026-01-30 19:00:00,84621.16,high
2026-01-31 18:00:00,75719.9,low
2026-02-01 00:00:00,79424.0,high
2026-02-01 23:00:00,75700.0,low
2026-02-02 00:00:00,78231.26,high
2026-02-02 03:00:00,74604.0,low
2026-02-02 15:00:00,79360.0,high
2026-02-03 19:00:00,72945.5,low
2026-02-04 03:00:00,76971.52,high
2026-02-05 20:00:00,62345.0,low
2026-02-05 21:00:00,64775.0,high
2026-02-05 22:00:00,62690.9,low
2026-02-05 23:00:00,64908.0,high
2026-02-06 00:00:00,60000.0,low
2026-02-06 02:00:00,66010.0,high
2026-02-06 03:00:00,63770.17,low
2026-02-06 05:00:00,66826.5,high
2026-02-06 08:00:00,64500.0,low
2026-02-06 17:00:00,71500.0,high
2026-02-06 18:00:00,69340.91,low
2026-02-06 23:00:00,71751.33,high
2026-02-07 07:00:00,67300.0,low
2026-02-08 23:00:00,72271.41,high
2026-02-09 14:00:00,68308.0,low
2026-02-09 20:00:00,71126.0,high
2026-02-10 14:00:00,67800.0,low
2026-02-10 17:00:00,69993.65,high
2026-02-11 10:00:00,66369.49,low
2026-02-11 14:00:00,68834.34,high
2026-02-11 15:00:00,65756.0,low
2026-02-12 14:00:00,68410.52,high
2026-02-12 18:00:00,65118.0,low
2026-02-15 08:00:00,70983.0,high
2026-02-15 19:00:00,68000.0,low
2026-02-16 13:00:00,70126.67,high
2026-02-19 14:00:00,65631.83,low
2026-02-21 15:00:00,68698.7,high
2026-02-23 01:00:00,64290.71,low
2026-02-23 10:00:00,66600.0,high
2026-02-24 13:00:00,62510.28,low
2026-02-25 21:00:00,69988.83,high
2026-02-28 06:00:00,63030.0,low
2026-03-01 02:00:00,68199.99,high
2026-03-01 22:00:00,65056.0,low
2026-03-02 16:00:00,70096.0,high
2026-03-03 14:00:00,66158.0,low
2026-03-04 19:00:00,74050.0,high
2026-03-08 22:00:00,65618.49,low
2026-03-10 15:00:00,71777.0,high
2026-03-11 12:00:00,68977.91,low
2026-03-13 14:00:00,73913.74,high
2026-03-14 06:00:00,70317.0,low
2026-03-17 01:00:00,76000.0,high
2026-03-19 15:00:00,68793.35,low
2026-03-20 08:00:00,71367.0,high
2026-03-22 21:00:00,67360.66,low
2026-03-23 14:00:00,71817.09,high
2026-03-24 17:00:00,68923.07,low
2026-03-25 11:00:00,72026.09,high
2026-03-29 22:00:00,65000.0,low
2026-03-31 01:00:00,68408.37,high
2026-03-31 09:00:00,65998.05,low
2026-04-01 07:00:00,69310.0,high
2026-04-02 13:00:00,65712.12,low
2026-04-06 16:00:00,70351.46,high
2026-04-07 15:00:00,67732.01,low
2026-04-08 13:00:00,72857.0,high
2026-04-09 01:00:00,70466.0,low
2026-04-11 19:00:00,73790.0,high
2026-04-12 22:00:00,70505.88,low
2026-04-14 14:00:00,76038.0,high
2026-04-16 13:00:00,73309.85,low
2026-04-17 16:00:00,78333.0,high
2026-04-20 00:00:00,73724.31,low
2026-04-22 16:00:00,79472.82,high
2026-04-23 17:00:00,76960.0,low
2026-04-27 01:00:00,79485.66,high
2026-04-29 18:00:00,74937.52,low
2026-05-04 04:00:00,80635.51,high
2026-05-04 10:00:00,78202.0,low
2026-05-06 11:00:00,82850.0,high
2026-05-08 03:00:00,79181.48,low
2026-05-10 23:00:00,82479.32,high
2026-05-13 16:00:00,78754.65,low
2026-05-14 17:00:00,82048.13,high
2026-05-23 07:00:00,74289.6,low
2026-05-26 14:00:00,78080.0,high
2026-06-03 03:00:00,65426.34,low
2026-06-03 06:00:00,67516.0,high
2026-06-04 02:00:00,61383.56,low
2026-06-04 04:00:00,64764.32,high
2026-06-04 11:00:00,62205.0,low
2026-06-04 14:00:00,64494.92,high
2026-06-05 06:00:00,61126.01,low
2026-06-05 09:00:00,63259.9,high
2026-06-05 19:00:00,59130.91,low
2026-06-05 21:00:00,62000.0,high
2026-06-06 04:00:00,59500.0,low
2026-06-07 22:00:00,64234.68,high
2026-06-10 09:00:00,60755.0,low
2026-06-15 15:00:00,67292.15,high
2026-06-18 17:00:00,62272.07,low
2026-06-22 14:00:00,65622.83,high
2026-06-24 17:00:00,59102.7,low
2026-06-25 07:00:00,61962.4,high
2026-06-25 13:00:00,58115.01,low
2026-06-25 14:00:00,60485.51,high
2026-06-26 03:00:00,58337.0,low
2026-06-26 07:00:00,60759.99,high
2026-06-26 13:00:00,58500.1,low
2026-06-27 15:00:00,60941.17,high
2026-06-29 02:00:00,58900.01,low
2026-06-29 12:00:00,60780.57,high
2026-07-01 01:00:00,57800.19,low
2026-07-05 23:00:00,63999.0,high
2026-07-06 13:00:00,61306.84,low
2026-07-06 21:00:00,64700.0,high
2026-07-08 15:00:00,61544.56,low
2026-07-10 13:00:00,64692.83,high
2026-07-13 18:00:00,61824.97,low
2026-07-15 15:00:00,65600.0,high
2026-07-17 13:00:00,62537.56,low
2026-07-20 00:00:00,65107.99,high
2026-07-20 08:00:00,63100.0,low
2026-07-21 14:00:00,66956.15,high
2026-07-24 14:00:00,63739.75,low
2026-07-27 06:00:00,65744.6,high
2026-07-28 13:00:00,62742.47,low
2026-07-31 01:00:00,65409.56,high
2026-08-01 18:00:00,62275.0,low
2026-08-09 22:00:00,65474.46,high
2026-08-14 14:00:00,62535.24,low
2026-08-21 08:00:00,79500.0,high
2026-08-21 13:00:00,76243.04,low
2026-08-22 03:00:00,78828.15,high
2026-08-23 05:00:00,75545.67,low
2026-08-25 02:00:00,81272.62,high
2026-08-26 15:00:00,77632.58,low
2026-08-28 01:00:00,81478.87,high
