symbol,entry_time,exit_time,entry_price,exit_price,result,pnl_pct,atr_at_entry,vol_at_entry,initial_stop_pct
AAVEUSDT,2022-03-17,2022-03-18,155.6,147.82,stop_loss,-5.3,12.077034867678043,0.06176074510690113,5.0
TRXUSDT,2022-03-22,2022-04-06,0.06344,0.06308,time_exit,-0.87,0.0021428514915144796,0.030255179771500735,5.0
ADAUSDT,2022-03-22,2022-04-06,0.975,1.052,time_exit,7.6,0.0598995498831002,0.04994651524758078,5.0
DOGEUSDT,2022-03-23,2022-04-07,0.1298,0.1459,time_exit,12.1,0.007246333918701121,0.037097282695250894,5.0
NEARUSDT,2022-03-23,2022-04-07,12.493,17.447,time_exit,39.35,0.9785817149741478,0.07409809079420447,5.0
UNIUSDT,2022-03-24,2022-04-06,10.79,10.250499999999999,stop_loss,-5.3,0.7157665814219091,0.050523858014458474,5.0
SOLUSDT,2022-03-24,2022-03-25,102.32,97.204,stop_loss,-5.3,6.971827800950999,0.05408483051316587,5.0
BTCUSDT,2022-03-24,2022-04-08,43991.46,42252.01,time_exit,-4.25,1979.155615764476,0.03527211313597866,5.0
BNBUSDT,2022-03-27,2022-04-11,430.5,408.97499999999997,stop_loss,-5.3,17.009225952656113,0.0388928095939811,5.0
BTCUSDT,2022-05-30,2022-06-01,31734.22,30147.509,stop_loss,-5.3,1740.2714230547842,0.03439609036382556,5.0
LINKUSDT,2022-06-06,2022-06-07,7.97,7.5714999999999995,stop_loss,-5.3,0.7397820136752824,0.057241350256655034,5.0
AAVEUSDT,2022-07-09,2022-07-10,81.9,77.805,stop_loss,-5.3,8.467687483165411,0.07973246198175929,5.0
LINKUSDT,2022-07-18,2022-07-21,7.037,6.685149999999999,stop_loss,-5.3,0.5317562216179684,0.0668575036305722,5.0
NEARUSDT,2022-07-18,2022-07-25,4.062,3.8589,stop_loss,-5.3,0.355766990264784,0.0786790839978033,5.0
XRPUSDT,2022-07-18,2022-07-25,0.3653,0.347035,stop_loss,-5.3,0.021797921163491555,0.04797284771802803,5.0
SOLUSDT,2022-07-18,2022-07-20,43.52,41.344,stop_loss,-5.3,3.563658620147572,0.07286288936288927,5.0
ZECUSDT,2022-07-18,2022-07-19,65.6,62.31999999999999,stop_loss,-5.3,5.373812102487585,0.06652604726147149,5.0
ADAUSDT,2022-07-18,2022-07-26,0.4904,0.46587999999999996,stop_loss,-5.3,0.03360847938574931,0.06464055201386712,5.0
NEARUSDT,2022-08-05,2022-08-06,5.196,4.9361999999999995,stop_loss,-5.3,0.43513652502695205,0.07942592262736607,5.0
ZECUSDT,2022-08-05,2022-08-19,69.1,65.645,stop_loss,-5.3,4.991792497074266,0.061748312919834875,5.0
AAVEUSDT,2022-08-10,2022-08-12,111.1,105.54499999999999,stop_loss,-5.3,9.348383841757364,0.07471572547378184,5.0
SOLUSDT,2022-08-12,2022-08-15,45.48,43.205999999999996,stop_loss,-5.3,3.2557411105739336,0.06254548462751149,5.0
ADAUSDT,2022-08-13,2022-08-17,0.5593,0.531335,stop_loss,-5.3,0.030106815587922053,0.051747029951426056,5.0
DOGEUSDT,2022-08-14,2022-08-15,0.08168,0.077596,stop_loss,-5.3,0.004858282898742012,0.049158510494846076,5.0
NEARUSDT,2022-09-08,2022-09-13,4.69,4.4555,stop_loss,-5.3,0.3429917423780807,0.06251673341352106,5.0
LINKUSDT,2022-09-09,2022-09-13,7.742,7.3549,stop_loss,-5.3,0.5304064579234139,0.05074033810184471,5.0
XRPUSDT,2022-09-09,2022-09-13,0.3568,0.33896,stop_loss,-5.3,0.016621513263080357,0.03452525581325437,5.0
ETHUSDT,2022-09-10,2022-09-13,1774.12,1685.4139999999998,stop_loss,-5.3,104.53335280938975,0.055125086415420535,5.0
SOLUSDT,2022-09-12,2022-09-13,37.44,35.568,stop_loss,-5.3,2.3713367531191643,0.05330663499269301,5.0
BNBUSDT,2022-10-04,2022-10-06,296.2,281.39,stop_loss,-5.3,11.176602051910207,0.02947381251127533,5.0
DOGEUSDT,2022-10-04,2022-10-07,0.06584,0.06254799999999999,stop_loss,-5.3,0.0034686356289218884,0.04023452200497715,5.0
BTCUSDT,2022-10-04,2022-10-07,20337.82,19320.929,stop_loss,-5.3,911.8828717481954,0.03162714668639238,5.0
AAVEUSDT,2022-10-18,2022-10-21,82.5,78.375,stop_loss,-5.3,4.277917677032216,0.047942177067303374,5.0
ETHUSDT,2022-10-25,2022-11-08,1459.74,1386.753,stop_loss,-5.3,65.00047090721148,0.039160743779086474,5.0
BTCUSDT,2022-10-25,2022-11-08,20080.07,19076.066499999997,stop_loss,-5.3,633.4041027282482,0.02710737877207601,5.0
BNBUSDT,2022-10-26,2022-11-09,290.2,275.69,stop_loss,-5.3,8.452598673441566,0.024697842673197416,5.0
DOGEUSDT,2022-10-26,2022-11-10,0.07265,0.08978,time_exit,23.28,0.003329316304112911,0.03951174892261121,5.0
UNIUSDT,2022-10-29,2022-10-31,7.1,6.744999999999999,stop_loss,-5.3,0.4365488197082485,0.0429159639800457,5.0
LINKUSDT,2022-10-29,2022-11-08,7.636,7.2542,stop_loss,-5.3,0.40315360196652483,0.040035100708075165,5.0
TRXUSDT,2022-10-29,2022-11-08,0.06428,0.061066,stop_loss,-5.3,0.0015896551940254623,0.018154006385156664,5.0
NEARUSDT,2022-11-04,2022-11-06,3.307,3.14165,stop_loss,-5.3,0.19116103516069205,0.043627391680410584,5.0
XRPUSDT,2022-11-04,2022-11-06,0.5064,0.48107999999999995,stop_loss,-5.3,0.02592038013279754,0.0418330905411057,5.0
AAVEUSDT,2022-11-04,2022-11-06,94.6,89.86999999999999,stop_loss,-5.3,5.491703180382823,0.04494949425326697,5.0
AAVEUSDT,2022-12-02,2022-12-07,65.7,62.415,stop_loss,-5.3,4.8635744243879735,0.05241020773683908,5.0
UNIUSDT,2022-12-02,2022-12-07,6.34,6.023,stop_loss,-5.3,0.4616488342963821,0.05261964785633747,5.0
BTCUSDT,2022-12-13,2022-12-16,17774.7,16885.965,stop_loss,-5.3,507.29877900915517,0.028764936466054075,5.0
TRXUSDT,2022-12-14,2022-12-16,0.05558,0.052800999999999994,stop_loss,-5.3,0.0019068758171371576,0.022394805056630294,5.0
UNIUSDT,2023-01-04,2023-01-06,5.532,5.2554,stop_loss,-5.3,0.2435577571516243,0.047818923671694075,5.0
BNBUSDT,2023-01-04,2023-01-19,258.9,294.6,time_exit,13.49,9.013821604101633,0.038161048637599,5.0
ETHUSDT,2023-01-04,2023-01-19,1256.9,1551.09,time_exit,23.11,37.64561053673125,0.04172315442465078,5.0
NEARUSDT,2023-01-04,2023-01-19,1.55,2.096,time_exit,34.93,0.09316850670602993,0.05293664769154959,5.0
ADAUSDT,2023-01-06,2023-01-21,0.2786,0.3687,time_exit,32.04,0.011001362904957781,0.03916951904389537,5.0
BTCUSDT,2023-01-08,2023-01-23,17127.83,22916.45,time_exit,33.5,297.28018582615397,0.027407900151935772,5.0
AAVEUSDT,2023-01-08,2023-01-23,59.3,86.6,time_exit,45.74,2.8517350074075547,0.050786679628226285,5.0
UNIUSDT,2023-01-09,2023-01-24,5.79,6.296,time_exit,8.44,0.2541235298649707,0.04747548145324258,5.0
XRPUSDT,2023-01-11,2023-01-26,0.3728,0.4092,time_exit,9.46,0.01647903094070354,0.04303924072713664,5.0
LINKUSDT,2023-01-11,2023-01-26,6.284,7.169,time_exit,13.78,0.2617614051752515,0.04825047468485471,5.0
DOGEUSDT,2023-01-31,2023-02-01,0.09612,0.09131399999999999,stop_loss,-5.3,0.006123012339823249,0.053034038320637654,5.0
BNBUSDT,2023-02-02,2023-02-09,323.5,307.325,stop_loss,-5.3,13.39371825825822,0.038112459287707186,5.0
LINKUSDT,2023-02-17,2023-02-24,7.65,7.2675,stop_loss,-5.3,0.45093629993580986,0.03346577459070489,5.0
ZECUSDT,2023-02-20,2023-02-21,50.3,47.785,stop_loss,-5.3,3.2315281551919557,0.036200985738959655,5.0
ADAUSDT,2023-03-21,2023-03-22,0.3696,0.35112,stop_loss,-5.3,0.02333975900217176,0.03637201539404935,5.0
XRPUSDT,2023-03-21,2023-03-22,0.4696,0.44612,stop_loss,-5.3,0.026426269333399716,0.034451795134082724,5.0
DOGEUSDT,2023-04-01,2023-04-02,0.08181,0.0777195,stop_loss,-5.3,0.0049728322988462255,0.03437404889404982,5.0
DOGEUSDT,2023-04-03,2023-04-05,0.096,0.0912,stop_loss,-5.3,0.006913054380127612,0.040078455857472293,5.0
ETHUSDT,2023-04-04,2023-04-19,1870.37,1933.73,time_exit,3.09,78.56083787918803,0.029324113111778984,5.0
ZECUSDT,2023-04-09,2023-04-19,39.8,37.809999999999995,stop_loss,-5.3,2.335364086415802,0.04056002754978702,5.0
BTCUSDT,2023-04-10,2023-04-20,29637.34,28155.472999999998,stop_loss,-5.3,1024.5928087349178,0.029515675302659618,5.0
SOLUSDT,2023-04-11,2023-04-19,22.98,21.831,stop_loss,-5.3,1.3148753705495204,0.05770891476943399,5.0
NEARUSDT,2023-04-12,2023-04-19,2.226,2.1147,stop_loss,-5.3,0.13112685191450232,0.05285485213085237,5.0
ADAUSDT,2023-04-13,2023-04-20,0.4251,0.40384499999999995,stop_loss,-5.3,0.019640703978812672,0.036130990151748796,5.0
BNBUSDT,2023-04-14,2023-04-29,328.9,321.9,time_exit,-2.43,9.345633834736851,0.02429716781771103,5.0
LINKUSDT,2023-04-14,2023-04-21,7.743,7.35585,stop_loss,-5.3,0.3522394758234392,0.035543842301628624,5.0
TRXUSDT,2023-04-29,2023-05-14,0.068,0.06939,time_exit,1.74,0.0017863688841631177,0.029277397783109765,5.0
TRXUSDT,2023-05-20,2023-06-04,0.07257,0.08138,time_exit,11.84,0.00164629398076663,0.026370481106785255,5.0
BTCUSDT,2023-05-28,2023-06-01,28065.0,26661.75,stop_loss,-5.3,853.7629977025036,0.02635452593113545,5.0
ADAUSDT,2023-05-28,2023-06-01,0.3828,0.36366,stop_loss,-5.3,0.013711143454894428,0.03035158117018704,5.0
ETHUSDT,2023-05-28,2023-06-05,1908.64,1813.208,stop_loss,-5.3,58.54285458583792,0.02715924873958178,5.0
AAVEUSDT,2023-05-28,2023-05-31,69.0,65.55,stop_loss,-5.3,2.770758033957927,0.032487560507650864,5.0
BTCUSDT,2023-06-20,2023-07-05,28307.99,30504.81,time_exit,7.46,931.6722516915298,0.02157050797323264,5.0
TRXUSDT,2023-06-30,2023-07-15,0.0762,0.08082,time_exit,5.76,0.0024090523286753257,0.01942588262708239,5.0
BTCUSDT,2023-07-13,2023-07-17,31454.23,29881.5185,stop_loss,-5.3,900.0406194898094,0.021176405353110852,5.0
ADAUSDT,2023-07-13,2023-07-14,0.3567,0.338865,stop_loss,-5.3,0.01912129831298666,0.03669857121671715,5.0
DOGEUSDT,2023-07-13,2023-07-14,0.07042,0.066899,stop_loss,-5.3,0.0032474840198403383,0.028467348177257195,5.0
LINKUSDT,2023-07-13,2023-07-14,7.124,6.767799999999999,stop_loss,-5.3,0.32660488089710965,0.0349587693706564,5.0
XRPUSDT,2023-07-13,2023-07-14,0.8153,0.774535,stop_loss,-5.3,0.050654711523467524,0.06321109783315781,5.0
ETHUSDT,2023-07-13,2023-07-14,2004.49,1904.2655,stop_loss,-5.3,62.50792049759152,0.023846336367516263,5.0
DOGEUSDT,2023-07-15,2023-07-17,0.07197,0.0683715,stop_loss,-5.3,0.0038016061191480464,0.029040553555891597,5.0
DOGEUSDT,2023-07-21,2023-08-05,0.07322,0.07571,time_exit,3.1,0.004126550527198337,0.027207927466979427,5.0
TRXUSDT,2023-07-22,2023-07-30,0.0839,0.079705,stop_loss,-5.3,0.0028834415247602006,0.020701129597717603,5.0
PROMUSDT,2023-09-03,2023-09-04,5.499,5.224049999999999,stop_loss,-5.3,0.3954935928530625,0.04027017126174342,5.0
LINKUSDT,2023-09-07,2023-09-10,6.387,6.0676499999999995,stop_loss,-5.3,0.27766020838750943,0.04044574882018622,5.0
TRXUSDT,2023-09-12,2023-09-27,0.08075,0.0855,time_exit,5.58,0.0016993296978922877,0.016007394046743943,5.0
LINKUSDT,2023-09-18,2023-10-03,6.567,7.409,time_exit,12.52,0.288435013897965,0.038775746912903336,5.0
AAVEUSDT,2023-09-18,2023-10-03,60.56,65.07,time_exit,7.15,2.8566913297159036,0.039583884212158256,5.0
ZECUSDT,2023-09-22,2023-10-07,26.68,27.0,time_exit,0.9,1.0912356663853398,0.03034755957174774,5.0
SUIUSDT,2023-09-29,2023-10-03,0.4791,0.455145,stop_loss,-5.3,0.025657272906343016,0.037273601699360455,5.0
PEPEUSDT,2023-09-29,2023-10-02,8e-07,7.599999999999999e-07,stop_loss,-5.3,6.803087950157664e-08,0.05119298258953753,5.0
SOLUSDT,2023-09-30,2023-10-15,21.37,21.93,time_exit,2.32,0.9098449386411385,0.03538821596096428,5.0
ADAUSDT,2023-10-01,2023-10-04,0.2659,0.252605,stop_loss,-5.3,0.007818206025793329,0.03096532807002194,5.0
UNIUSDT,2023-10-01,2023-10-02,4.653,4.420349999999999,stop_loss,-5.3,0.16767852340963116,0.029368662084130564,5.0
NEARUSDT,2023-10-01,2023-10-02,1.16,1.1019999999999999,stop_loss,-5.3,0.04062591194991063,0.0253143824835685,5.0
DOGEUSDT,2023-10-01,2023-10-04,0.06319,0.060030499999999994,stop_loss,-5.3,0.0016925760759311196,0.02627236129507116,5.0
XRPUSDT,2023-10-03,2023-10-09,0.539,0.51205,stop_loss,-5.3,0.019431858214268863,0.06557018414094327,5.0
SOLUSDT,2023-10-19,2023-11-03,24.93,39.45,time_exit,57.94,1.266179791575874,0.03273879528399601,5.0
LINKUSDT,2023-10-21,2023-11-05,8.914,12.231,time_exit,36.91,0.43595060314619416,0.03374371411076186,5.0
AAVEUSDT,2023-10-21,2023-11-05,70.06,89.09,time_exit,26.86,3.485732363236802,0.029552306104144596,5.0
DOGEUSDT,2023-10-23,2023-11-07,0.06742,0.07338,time_exit,8.54,0.0020436791730916327,0.022726428728526926,5.0
PROMUSDT,2023-10-23,2023-11-07,4.279,4.433,time_exit,3.3,0.17274378968878423,0.045212603668025625,5.0
PEPEUSDT,2023-10-23,2023-10-24,1e-06,9.499999999999999e-07,stop_loss,-5.3,7.343781698211009e-08,0.05649721887829775,5.0
UNIUSDT,2023-11-01,2023-11-02,4.795,4.55525,stop_loss,-5.3,0.24120238825733864,0.02955304596869052,5.0
PROMUSDT,2023-11-10,2023-11-14,4.509,4.28355,stop_loss,-5.3,0.1567558741041904,0.04383132825299413,5.0
PEPEUSDT,2023-12-04,2023-12-13,1.39e-06,1.3204999999999999e-06,stop_loss,-5.3,1.15585636619656e-07,0.06530958522388709,5.0
XRPUSDT,2023-12-06,2023-12-11,0.64,0.608,stop_loss,-5.3,0.028620135016771072,0.02486523798968373,5.0
AAVEUSDT,2023-12-14,2023-12-17,107.12,101.764,stop_loss,-5.3,6.887112080297805,0.04135148795503848,5.0
WLDUSDT,2023-12-16,2023-12-20,3.812,3.6213999999999995,stop_loss,-5.3,0.3765485649011993,0.07275185888639231,5.0
SUIUSDT,2023-12-23,2023-12-24,0.7534,0.71573,stop_loss,-5.3,0.059981294646396476,0.046203903821829186,5.0
AAVEUSDT,2023-12-27,2023-12-31,112.0,106.39999999999999,stop_loss,-5.3,7.7267239246255555,0.04079065755694277,5.0
BTCUSDT,2024-01-02,2024-01-03,44946.91,42699.5645,stop_loss,-5.3,1489.6736210534377,0.022891983585332263,5.0
BTCUSDT,2024-01-08,2024-01-10,46951.04,44603.488,stop_loss,-5.3,1812.2295594978655,0.024379227866515918,5.0
ETHUSDT,2024-01-10,2024-01-18,2584.38,2455.161,stop_loss,-5.3,120.58764063212027,0.02821242984421272,5.0
TRXUSDT,2024-01-13,2024-01-15,0.11424,0.10852799999999999,stop_loss,-5.3,0.0033795496029239615,0.020415850253159264,5.0
LINKUSDT,2024-02-01,2024-02-16,17.19,19.551,time_exit,13.43,1.0727376656102006,0.04801094930165314,5.0
UNIUSDT,2024-02-09,2024-02-24,6.654,11.259,time_exit,68.91,0.31333548455938953,0.044030328032949755,5.0
BNBUSDT,2024-02-09,2024-02-24,324.0,381.7,time_exit,17.51,9.53225405756584,0.02782903047984222,5.0
NEARUSDT,2024-02-12,2024-02-13,3.381,3.21195,stop_loss,-5.3,0.21643097601933273,0.058800428367707394,5.0
WLDUSDT,2024-02-12,2024-02-27,2.617,7.181,time_exit,174.1,0.19158455491041532,0.07250530849709957,5.0
NEARUSDT,2024-02-14,2024-02-17,3.334,3.1673,stop_loss,-5.3,0.22582058646564915,0.0583944156863843,5.0
DOGEUSDT,2024-02-14,2024-02-29,0.0855,0.11732,time_exit,36.92,0.0033512365967245826,0.034400503463048564,5.0
XRPUSDT,2024-02-15,2024-02-21,0.5622,0.53409,stop_loss,-5.3,0.021283235675449312,0.024149719353145242,5.0
SOLUSDT,2024-02-28,2024-03-05,119.03,113.07849999999999,stop_loss,-5.3,6.849355325292842,0.04789044397085696,5.0
LINKUSDT,2024-03-02,2024-03-03,21.398,20.3281,stop_loss,-5.3,1.1807039683927216,0.04066889284420595,5.0
LINKUSDT,2024-03-10,2024-03-12,21.68,20.596,stop_loss,-5.3,1.4613190559874674,0.04027005128494608,5.0
SUIUSDT,2024-03-20,2024-03-23,1.7537,1.666015,stop_loss,-5.3,0.19262455147136687,0.0656449234574707,5.0
SUIUSDT,2024-03-26,2024-04-02,1.8858,1.79151,stop_loss,-5.3,0.17260948925178882,0.0641525983894715,5.0
PROMUSDT,2024-04-11,2024-04-12,15.469,14.695549999999999,stop_loss,-5.3,1.1844608585158807,0.08908607642568199,5.0
WLDUSDT,2024-05-06,2024-05-08,6.0,5.699999999999999,stop_loss,-5.3,0.6491801037066983,0.10009817484029884,5.0
PEPEUSDT,2024-05-13,2024-05-18,9.92e-06,9.424e-06,stop_loss,-5.3,9.923060553492917e-07,0.11076161668649388,5.0
SOLUSDT,2024-05-15,2024-05-30,158.52,166.88,time_exit,4.97,11.339272953605194,0.04993360460409221,5.0
BTCUSDT,2024-05-15,2024-05-30,66206.5,68352.17,time_exit,2.94,2825.9324365841017,0.033265031297851695,5.0
NEARUSDT,2024-05-15,2024-05-23,8.052,7.649399999999999,stop_loss,-5.3,0.6533138773706672,0.0799400531875139,5.0
LINKUSDT,2024-05-16,2024-05-31,15.516,18.414,time_exit,18.38,0.9196382737117681,0.04181232709736825,5.0
ADAUSDT,2024-05-17,2024-05-23,0.4824,0.45827999999999997,stop_loss,-5.3,0.026053132086937495,0.04299519515814576,5.0
AAVEUSDT,2024-05-20,2024-05-22,98.03,93.1285,stop_loss,-5.3,5.816504465771125,0.054843085573306166,5.0
ZECUSDT,2024-05-20,2024-05-23,25.03,23.7785,stop_loss,-5.3,1.2573526289824912,0.0440962569285406,5.0
ETHUSDT,2024-05-20,2024-06-04,3661.78,3810.23,time_exit,3.75,172.28130969966534,0.03922227526140064,5.0
UNIUSDT,2024-05-20,2024-05-23,9.328,8.8616,stop_loss,-5.3,0.6056378928978503,0.07140177515328826,5.0
BNBUSDT,2024-05-21,2024-05-23,618.5,587.5749999999999,stop_loss,-5.3,22.956423731251405,0.03790217932069004,5.0
ZECUSDT,2024-05-24,2024-05-26,27.75,26.362499999999997,stop_loss,-5.3,1.4407134640870711,0.044043111696662814,5.0
PROMUSDT,2024-05-25,2024-06-08,10.869,10.32555,stop_loss,-5.3,0.7997524383709103,0.0645098932136855,5.0
BNBUSDT,2024-06-03,2024-06-12,626.4,595.0799999999999,stop_loss,-5.3,18.908005470295006,0.03674798812859927,5.0
TRXUSDT,2024-06-22,2024-07-07,0.11966,0.12466,time_exit,3.88,0.002409331726353733,0.0153480846057914,5.0
ZECUSDT,2024-07-09,2024-07-11,22.61,21.479499999999998,stop_loss,-5.3,1.7463503027546456,0.042832132093775135,5.0
SOLUSDT,2024-07-15,2024-07-30,159.38,179.16,time_exit,12.11,9.715283778572626,0.04319760158249517,5.0
AAVEUSDT,2024-08-01,2024-08-02,116.82,110.97899999999998,stop_loss,-5.3,6.96663428405925,0.03869939527808838,5.0
ZECUSDT,2024-08-08,2024-08-23,35.84,42.43,time_exit,18.09,3.06275314187551,0.04340248211546402,5.0
PEPEUSDT,2024-08-23,2024-08-26,9.08e-06,8.625999999999998e-06,stop_loss,-5.3,8.677585368860264e-07,0.06590970475424865,5.0
DOGEUSDT,2024-08-23,2024-08-26,0.11293,0.1072835,stop_loss,-5.3,0.007058628651000408,0.040166894048749346,5.0
NEARUSDT,2024-08-23,2024-08-27,4.838,4.5961,stop_loss,-5.3,0.3474960671769733,0.0505949038729989,5.0
WLDUSDT,2024-08-24,2024-08-25,1.912,1.8163999999999998,stop_loss,-5.3,0.17410613254368865,0.0639308378113945,5.0
AAVEUSDT,2024-09-10,2024-09-12,150.59,143.0605,stop_loss,-5.3,11.724892286972006,0.050321885287202855,5.0
SOLUSDT,2024-09-19,2024-10-03,142.89,135.7455,stop_loss,-5.3,7.810994019500522,0.04475082698973256,5.0
WLDUSDT,2024-09-19,2024-09-22,1.597,1.51715,stop_loss,-5.3,0.12546185042477434,0.06434742816612098,5.0
ENAUSDT,2024-09-19,2024-10-04,0.248,0.3096,time_exit,24.54,0.022382049836433562,0.0657538293906875,5.0
ETHUSDT,2024-09-20,2024-10-01,2561.4,2433.33,stop_loss,-5.3,121.24704990265784,0.035068352926537975,5.0
PEPEUSDT,2024-09-20,2024-09-22,8.25e-06,7.8375e-06,stop_loss,-5.3,6.260939147313066e-07,0.06418060260886964,5.0
NEARUSDT,2024-09-21,2024-09-22,4.666,4.4327000000000005,stop_loss,-5.3,0.3055518400443724,0.049990062476300265,5.0
WLDUSDT,2024-09-23,2024-10-01,1.709,1.62355,stop_loss,-5.3,0.1346094312261032,0.06517273511432942,5.0
ADAUSDT,2024-09-24,2024-10-01,0.3878,0.36840999999999996,stop_loss,-5.3,0.017690790338064883,0.037040117532763296,5.0
LINKUSDT,2024-09-24,2024-10-01,12.15,11.5425,stop_loss,-5.3,0.6205722577694324,0.04233905931770651,5.0
PEPEUSDT,2024-09-26,2024-10-02,9.52e-06,9.044e-06,stop_loss,-5.3,6.813972869603525e-07,0.06366938740285648,5.0
UNIUSDT,2024-09-26,2024-10-01,7.357,6.9891499999999995,stop_loss,-5.3,0.41925141123287246,0.04406737163744788,5.0
DOGEUSDT,2024-09-26,2024-10-01,0.11818,0.11227099999999998,stop_loss,-5.3,0.0056438184867116945,0.04106760737312507,5.0
TRXUSDT,2024-09-29,2024-10-14,0.1565,0.1606,time_exit,2.32,0.0026529937967202,0.02164457833690601,5.0
UNIUSDT,2024-10-10,2024-10-13,8.133,7.726349999999999,stop_loss,-5.3,0.4826832527558619,0.043056750827656066,5.0
SUIUSDT,2024-10-11,2024-10-22,2.054,1.9512999999999998,stop_loss,-5.3,0.18297595758402901,0.06650634078769144,5.0
WLDUSDT,2024-10-14,2024-10-15,2.416,2.2952,stop_loss,-5.3,0.2022472404929282,0.06254987064086259,5.0
LINKUSDT,2024-10-20,2024-10-23,11.98,11.381,stop_loss,-5.3,0.5760721351005533,0.03936170201480976,5.0
ADAUSDT,2024-10-20,2024-10-23,0.3649,0.346655,stop_loss,-5.3,0.015889397294623592,0.03293231838183716,5.0
SOLUSDT,2024-10-20,2024-11-03,167.4,159.03,stop_loss,-5.3,7.521080503831798,0.03854454180548415,5.0
TRXUSDT,2024-10-24,2024-11-08,0.1646,0.1609,time_exit,-2.55,0.0026538048588941533,0.021014676552157715,5.0
PROMUSDT,2024-10-25,2024-10-26,8.6,8.17,stop_loss,-5.3,0.722092640069204,0.06336397076442195,5.0
LINKUSDT,2024-10-30,2024-10-31,12.39,11.7705,stop_loss,-5.3,0.6349171561518471,0.04020101752316204,5.0
SUIUSDT,2024-11-06,2024-11-21,2.3042,3.6252,time_exit,57.03,0.1967577471797083,0.060980679143533084,5.0
BTCUSDT,2024-11-06,2024-11-21,75571.99,98317.12,time_exit,29.8,2553.2784255214547,0.023302753167576403,5.0
ENAUSDT,2024-11-06,2024-11-21,0.4856,0.5922,time_exit,21.65,0.04799571123816885,0.07555722928250534,5.0
SOLUSDT,2024-11-06,2024-11-21,186.59,256.37,time_exit,37.1,10.015197826445936,0.034631739376621826,5.0
ZECUSDT,2024-11-06,2024-11-12,43.24,41.078,stop_loss,-5.3,2.8360800970058992,0.04226340488616598,5.0
UNIUSDT,2024-11-06,2024-11-07,9.288,8.823599999999999,stop_loss,-5.3,0.6666083698676702,0.047737949566070574,5.0
AAVEUSDT,2024-11-06,2024-11-14,173.71,165.0245,stop_loss,-5.3,11.186949803251881,0.05286012085571715,5.0
ADAUSDT,2024-11-07,2024-11-22,0.4065,1.0175,time_exit,150.01,0.020530682006913367,0.03255054276200326,5.0
ETHUSDT,2024-11-07,2024-11-22,2895.47,3327.78,time_exit,14.63,128.09631279356603,0.030290205439855774,5.0
BNBUSDT,2024-11-09,2024-11-21,624.66,593.4269999999999,stop_loss,-5.3,21.364049900332972,0.021262660887990923,5.0
WLDUSDT,2024-11-11,2024-11-12,2.492,2.3674,stop_loss,-5.3,0.21103883518475752,0.060679952500556876,5.0
TRXUSDT,2024-11-12,2024-11-13,0.1873,0.17793499999999998,stop_loss,-5.3,0.0047158259051136965,0.02275264055691488,5.0
PROMUSDT,2024-11-25,2024-11-26,6.268,5.954599999999999,stop_loss,-5.3,0.48791480545209587,0.0666880204152883,5.0
ENAUSDT,2024-11-27,2024-12-12,0.7083,1.0363,time_exit,46.01,0.0813451412342382,0.07661924427138354,5.0
PROMUSDT,2024-11-27,2024-12-09,6.496,6.1712,stop_loss,-5.3,0.5767224598030828,0.06798924897314433,5.0
WLDUSDT,2024-11-28,2024-11-29,2.943,2.7958499999999997,stop_loss,-5.3,0.2937870023379366,0.06234959747901392,5.0
BNBUSDT,2024-12-03,2024-12-05,734.64,697.9079999999999,stop_loss,-5.3,37.92672693662243,0.02490414584520803,5.0
SUIUSDT,2024-12-05,2024-12-09,4.2274,4.01603,stop_loss,-5.3,0.36139564285111503,0.05843779776143756,5.0
PEPEUSDT,2024-12-07,2024-12-09,2.489e-05,2.36455e-05,stop_loss,-5.3,2.5920843611251864e-06,0.0701942653244969,5.0
BTCUSDT,2024-12-15,2024-12-19,104463.99,99240.7905,stop_loss,-5.3,3976.854230101089,0.02435934972731131,5.0
SUIUSDT,2025-01-03,2025-01-08,4.9843,4.735085,stop_loss,-5.3,0.42553160338897783,0.061019437858375,5.0
BTCUSDT,2025-01-06,2025-01-07,102235.6,97123.82,stop_loss,-5.3,3474.8661014256872,0.02539661527656659,5.0
WLDUSDT,2025-01-06,2025-01-07,2.618,2.4871,stop_loss,-5.3,0.2491160232708726,0.0712719922803978,5.0
BTCUSDT,2025-01-17,2025-01-27,104077.48,98873.60599999999,stop_loss,-5.3,3838.3979906037953,0.026233104654519227,5.0
ETHUSDT,2025-02-23,2025-02-24,2819.69,2678.7055,stop_loss,-5.3,167.89293995845645,0.03377322913918895,5.0
ZECUSDT,2025-03-02,2025-03-03,41.27,39.2065,stop_loss,-5.3,3.398530083988343,0.05924505831854572,5.0
ZECUSDT,2025-03-25,2025-04-07,36.51,34.6845,stop_loss,-5.3,2.7324870708080313,0.05266190404093987,5.0
SUIUSDT,2025-03-26,2025-03-28,2.6198,2.48881,stop_loss,-5.3,0.2216188977692404,0.05972081609698023,5.0
TRXUSDT,2025-04-11,2025-04-26,0.243,0.2519,time_exit,3.36,0.008391340650906035,0.02847145830389164,5.0
WLDUSDT,2025-04-22,2025-05-07,0.839,0.929,time_exit,10.43,0.06536055499866926,0.060491872287359714,5.0
AAVEUSDT,2025-04-22,2025-05-07,158.2,172.12,time_exit,8.5,11.9751668820445,0.06126344193438698,5.0
LINKUSDT,2025-04-22,2025-05-06,14.13,13.4235,stop_loss,-5.3,0.9332558954587786,0.055383480089936904,5.0
SUIUSDT,2025-04-22,2025-05-07,2.6674,3.3314,time_exit,24.59,0.21346789240551123,0.0654517833910732,5.0
DOGEUSDT,2025-04-22,2025-04-30,0.17863,0.1696985,stop_loss,-5.3,0.011980616662255372,0.05324587724501324,5.0
BNBUSDT,2025-04-22,2025-05-04,618.51,587.5844999999999,stop_loss,-5.3,19.166263834787905,0.02899269283703371,5.0
PEPEUSDT,2025-04-22,2025-04-24,8.81e-06,8.3695e-06,stop_loss,-5.3,6.801570711808109e-07,0.06708315864366537,5.0
ADAUSDT,2025-04-23,2025-05-05,0.6977,0.6628149999999999,stop_loss,-5.3,0.0456422611358948,0.07990017265526801,5.0
UNIUSDT,2025-04-23,2025-04-24,6.033,5.73135,stop_loss,-5.3,0.3958033264230694,0.052887973721783665,5.0
ENAUSDT,2025-04-24,2025-04-28,0.3566,0.33876999999999996,stop_loss,-5.3,0.03292584730569807,0.0801627421874127,5.0
ZECUSDT,2025-05-01,2025-05-03,37.41,35.5395,stop_loss,-5.3,2.944560095840693,0.0504091766828335,5.0
SOLUSDT,2025-05-08,2025-05-23,164.46,174.01,time_exit,5.51,7.869684693949589,0.057024471521678756,5.0
DOGEUSDT,2025-05-08,2025-05-23,0.19817,0.22521,time_exit,13.34,0.01070171154605781,0.05208120901234229,5.0
XRPUSDT,2025-05-08,2025-05-23,2.3272,2.2966,time_exit,-1.61,0.10957838434731457,0.05603853568690842,5.0
PEPEUSDT,2025-05-08,2025-05-23,1.112e-05,1.381e-05,time_exit,23.89,7.868969196399679e-07,0.06824003415630034,5.0
LINKUSDT,2025-05-08,2025-05-17,15.88,15.086,stop_loss,-5.3,0.8858021686260099,0.05416379014715818,5.0
BNBUSDT,2025-05-08,2025-05-23,629.17,656.98,time_exit,4.12,15.14849649134409,0.027185173339493034,5.0
ADAUSDT,2025-05-08,2025-05-17,0.7693,0.7308349999999999,stop_loss,-5.3,0.04514053192589204,0.07983526985998575,5.0
TRXUSDT,2025-05-08,2025-05-23,0.2571,0.2688,time_exit,4.25,0.006524087362414412,0.023009185242093312,5.0
NEARUSDT,2025-05-09,2025-05-17,2.901,2.75595,stop_loss,-5.3,0.1909180980977326,0.05584509944907399,5.0
TRXUSDT,2025-06-05,2025-06-13,0.282,0.26789999999999997,stop_loss,-5.3,0.008170880516652358,0.019359964012892358,5.0
AAVEUSDT,2025-06-09,2025-06-13,283.31,269.1445,stop_loss,-5.3,18.352807200043117,0.050904460745416436,5.0
ETHUSDT,2025-06-10,2025-06-12,2816.4,2675.58,stop_loss,-5.3,139.33727017653052,0.04312038977484855,5.0
UNIUSDT,2025-06-10,2025-06-11,8.665,8.231749999999998,stop_loss,-5.3,0.6475400782827219,0.05937328301909724,5.0
TRXUSDT,2025-07-02,2025-07-17,0.2844,0.3156,time_exit,10.67,0.006571837019744657,0.016859412698365214,5.0
ZECUSDT,2025-07-08,2025-07-09,43.7,41.515,stop_loss,-5.3,2.8741821715164235,0.04377048615036355,5.0
PEPEUSDT,2025-07-09,2025-07-24,1.105e-05,1.239e-05,time_exit,11.83,8.707307165478714e-07,0.06082943982703715,5.0
XRPUSDT,2025-07-09,2025-07-24,2.4038,3.1453,time_exit,30.55,0.0978287459844786,0.02777686624080462,5.0
ENAUSDT,2025-07-09,2025-07-24,0.2874,0.4719,time_exit,63.9,0.02338481158778734,0.06877572144807854,5.0
UNIUSDT,2025-07-09,2025-07-24,8.301,10.124,time_exit,21.66,0.6230048905428943,0.059478725071140645,5.0
ADAUSDT,2025-07-09,2025-07-24,0.6227,0.806,time_exit,29.14,0.03318666789048445,0.035136445670172704,5.0
DOGEUSDT,2025-07-09,2025-07-24,0.18053,0.23218,time_exit,28.31,0.010387960534036744,0.0456692630833208,5.0
TRUMPUSDT,2025-07-10,2025-07-14,9.8,9.31,stop_loss,-5.3,0.49830438184048975,0.06708836049831278,5.0
SUIUSDT,2025-07-10,2025-07-11,3.4909,3.3163549999999997,stop_loss,-5.3,0.22353467971533403,0.05314336790874425,5.0
NEARUSDT,2025-07-10,2025-07-25,2.515,2.855,time_exit,13.22,0.15703664883587817,0.04999348015029292,5.0
SOLUSDT,2025-07-10,2025-07-25,164.34,186.76,time_exit,13.34,8.067237197244449,0.034122202066701655,5.0
LINKUSDT,2025-07-10,2025-07-25,15.23,18.28,time_exit,19.73,0.7687516035764799,0.03791340165006773,5.0
BNBUSDT,2025-07-10,2025-07-25,685.8,785.45,time_exit,14.23,13.248533009865735,0.016546034151305282,5.0
WLDUSDT,2025-07-10,2025-07-12,1.068,1.0146,stop_loss,-5.3,0.07940882468511422,0.0636697447652683,5.0
ETHUSDT,2025-08-08,2025-08-23,4009.5,4778.4,time_exit,18.88,185.35954256358926,0.031708322665513856,5.0
BTCUSDT,2025-08-13,2025-08-15,123306.43,117141.10849999999,stop_loss,-5.3,2818.464573405292,0.015469592358262044,5.0
ZECUSDT,2025-08-21,2025-08-25,42.56,40.432,stop_loss,-5.3,2.9540508182615235,0.043339783962521077,5.0
WLDUSDT,2025-09-08,2025-09-15,1.571,1.4924499999999998,stop_loss,-5.3,0.10401350758485689,0.06968920203431814,5.0
DOGEUSDT,2025-09-08,2025-09-23,0.24164,0.23709,time_exit,-2.18,0.013733251630466488,0.04518483088107102,5.0
SOLUSDT,2025-09-10,2025-09-23,224.07,212.86649999999997,stop_loss,-5.3,11.113570896100276,0.03845245900829359,5.0
BNBUSDT,2025-09-11,2025-09-26,902.77,960.8,time_exit,6.13,23.972894562252336,0.019743211827994454,5.0
XRPUSDT,2025-09-12,2025-09-22,3.1054,2.9501299999999997,stop_loss,-5.3,0.12658881279747475,0.03627768132218953,5.0
TRUMPUSDT,2025-09-12,2025-09-15,8.99,8.5405,stop_loss,-5.3,0.36986393226386205,0.031297315320743285,5.0
NEARUSDT,2025-09-12,2025-09-15,2.792,2.6523999999999996,stop_loss,-5.3,0.14218926083707287,0.04266428204636731,5.0
PEPEUSDT,2025-09-12,2025-09-15,1.153e-05,1.09535e-05,stop_loss,-5.3,6.541833304034076e-07,0.04701802356606931,5.0
ADAUSDT,2025-09-12,2025-09-15,0.9169,0.871055,stop_loss,-5.3,0.04557305909684204,0.03763056789596457,5.0
BTCUSDT,2025-09-12,2025-09-25,116029.42,110227.949,stop_loss,-5.3,2658.9142542779596,0.015397003718056464,5.0
ETHUSDT,2025-09-12,2025-09-15,4712.16,4476.552,stop_loss,-5.3,200.1117318815341,0.0356037906484677,5.0
SUIUSDT,2025-09-13,2025-09-15,3.8146,3.6238699999999997,stop_loss,-5.3,0.1857800358909086,0.046114392264519424,5.0
BMTUSDT,2025-09-14,2025-09-15,0.0733,0.069635,stop_loss,-5.3,0.004712445129003265,0.061055603442418345,5.0
LINKUSDT,2025-12-03,2025-12-05,14.64,13.908,stop_loss,-5.3,1.0280235609630803,0.048319674326731336,5.0
ETHUSDT,2025-12-09,2025-12-11,3318.04,3152.138,stop_loss,-5.3,192.73133490745087,0.037079039865983064,5.0
ADAUSDT,2025-12-09,2025-12-11,0.4697,0.446215,stop_loss,-5.3,0.03310134189932771,0.04729458932472743,5.0
ZECUSDT,2025-12-27,2026-01-02,516.1,490.295,stop_loss,-5.3,48.60893368522122,0.11256981911426336,5.0
PEPEUSDT,2026-01-01,2026-01-16,4.92e-06,5.93e-06,time_exit,20.23,3.280992544965116e-07,0.0619517251227274,5.0
ENAUSDT,2026-01-02,2026-01-11,0.2374,0.22552999999999998,stop_loss,-5.3,0.017124551563175574,0.06275769308894046,5.0
NEARUSDT,2026-01-02,2026-01-17,1.692,1.751,time_exit,3.19,0.10745244839913119,0.0584994147414926,5.0
DOGEUSDT,2026-01-02,2026-01-17,0.14188,0.13788,time_exit,-3.12,0.007802413649869556,0.048435667983046306,5.0
LINKUSDT,2026-01-02,2026-01-17,13.27,13.75,time_exit,3.32,0.663764091005567,0.04784789207878587,5.0
XRPUSDT,2026-01-02,2026-01-17,2.0069,2.0631,time_exit,2.5,0.08378079601734609,0.03725857040493127,5.0
SUIUSDT,2026-01-02,2026-01-17,1.6078,1.7864,time_exit,10.81,0.09745055351763825,0.056502130338781494,5.0
SOLUSDT,2026-01-02,2026-01-17,132.29,143.72,time_exit,8.34,6.532409090429857,0.040648838896593875,5.0
ETHUSDT,2026-01-02,2026-01-17,3125.45,3310.56,time_exit,5.62,123.18486755884858,0.03569700779822824,5.0
BTCUSDT,2026-01-02,2026-01-17,89995.13,95147.77,time_exit,5.43,2614.2638704385836,0.021659826311391524,5.0
WLDUSDT,2026-01-03,2026-01-12,0.5852,0.55594,stop_loss,-5.3,0.03592796068723947,0.05956880370935332,5.0
TRXUSDT,2026-01-03,2026-01-18,0.2956,0.3178,time_exit,7.21,0.004656807232186115,0.015187475990041525,5.0
TRUMPUSDT,2026-01-04,2026-01-18,5.419,5.14805,stop_loss,-5.3,0.23982467285692982,0.056711985122747374,5.0
BNBUSDT,2026-01-04,2026-01-19,895.43,923.6,time_exit,2.85,26.381250327842245,0.033592367119084136,5.0
BMTUSDT,2026-01-06,2026-01-07,0.0273,0.025935,stop_loss,-5.3,0.0019042203802912352,0.06941052835393263,5.0
UNIUSDT,2026-02-25,2026-02-26,4.055,3.8522499999999997,stop_loss,-5.3,0.3471489079565242,0.04908086476064503,5.0
NEARUSDT,2026-02-25,2026-02-26,1.172,1.1134,stop_loss,-5.3,0.0901201838782442,0.04805302581173836,5.0
ADAUSDT,2026-02-25,2026-02-26,0.2971,0.28224499999999997,stop_loss,-5.3,0.020975994600391734,0.04716341953379924,5.0
NEARUSDT,2026-02-28,2026-03-01,1.172,1.1134,stop_loss,-5.3,0.09365089066344844,0.04882458858521622,5.0
ETHUSDT,2026-03-04,2026-03-06,2127.28,2020.9160000000002,stop_loss,-5.3,146.24299258323046,0.03964620837286766,5.0
SOLUSDT,2026-03-04,2026-03-06,90.85,86.30749999999999,stop_loss,-5.3,6.809951909069939,0.039483715956101714,5.0
BTCUSDT,2026-03-04,2026-03-06,72666.77,69033.4315,stop_loss,-5.3,3659.1118912911247,0.02954561508246763,5.0
BNBUSDT,2026-03-04,2026-03-06,657.99,625.0905,stop_loss,-5.3,31.68839570826572,0.028267450773003223,5.0
TRXUSDT,2026-03-13,2026-03-28,0.2934,0.3167,time_exit,7.64,0.004797576169882557,0.014052951726790946,5.0
XRPUSDT,2026-03-15,2026-03-22,1.4487,1.376265,stop_loss,-5.3,0.0718938806039806,0.042813620659041075,5.0
BMTUSDT,2026-03-15,2026-03-18,0.01643,0.015608499999999999,stop_loss,-5.3,0.001199342289147418,0.0353789085595686,5.0
AAVEUSDT,2026-03-16,2026-03-18,122.33,116.2135,stop_loss,-5.3,7.953253129220784,0.04625574755741873,5.0
DOGEUSDT,2026-03-16,2026-03-18,0.10304,0.097888,stop_loss,-5.3,0.006177445909488748,0.04453071775908067,5.0
ZECUSDT,2026-03-16,2026-03-18,276.87,263.0265,stop_loss,-5.3,24.211663332302095,0.0687903287786637,5.0
ENAUSDT,2026-03-16,2026-03-18,0.1196,0.11362,stop_loss,-5.3,0.008428550497999754,0.049229050109783505,5.0
UNIUSDT,2026-03-16,2026-03-17,4.157,3.94915,stop_loss,-5.3,0.24720729582187906,0.047935272046572976,5.0
SUIUSDT,2026-03-16,2026-03-17,1.0734,1.0197299999999998,stop_loss,-5.3,0.06663117052417804,0.04852912372337736,5.0
SOLUSDT,2026-03-16,2026-03-18,96.2,91.39,stop_loss,-5.3,5.5120914154891665,0.04022292907132874,5.0
LINKUSDT,2026-03-16,2026-03-18,9.92,9.424,stop_loss,-5.3,0.5175284913217804,0.03830483290401231,5.0
PEPEUSDT,2026-04-07,2026-04-08,3.71e-06,3.5245e-06,stop_loss,-5.3,2.4167126954594626e-07,0.05616471008010361,5.0
ETHUSDT,2026-04-07,2026-04-22,2240.01,2374.07,time_exit,5.68,108.01857409735916,0.041217142115985116,5.0
ZECUSDT,2026-04-07,2026-04-19,320.78,304.741,stop_loss,-5.3,24.069606487941854,0.07187440852326096,5.0
PROMUSDT,2026-04-11,2026-04-26,1.186,2.368,time_exit,99.36,0.0756702876499243,0.07304713388016594,5.0
PEPEUSDT,2026-04-13,2026-04-14,3.75e-06,3.5624999999999998e-06,stop_loss,-5.3,2.519035142252855e-07,0.05476802573824077,5.0
AAVEUSDT,2026-04-15,2026-04-18,105.53,100.2535,stop_loss,-5.3,6.722982439857312,0.045988191685562056,5.0
XRPUSDT,2026-04-15,2026-04-30,1.3922,1.3679,time_exit,-2.05,0.05391285641718637,0.04005882296319208,5.0
TRXUSDT,2026-04-15,2026-04-30,0.3272,0.3266,time_exit,-0.48,0.00507276617058095,0.014153683082426873,5.0
DOGEUSDT,2026-04-16,2026-04-18,0.09921,0.0942495,stop_loss,-5.3,0.004236213723810722,0.04066163454775229,5.0
PEPEUSDT,2026-04-16,2026-04-18,3.98e-06,3.781e-06,stop_loss,-5.3,2.6208528453095935e-07,0.05530985716838427,5.0
TRUMPUSDT,2026-04-16,2026-04-18,3.071,2.91745,stop_loss,-5.3,0.17565241854297603,0.04509535367385596,5.0
BNBUSDT,2026-04-16,2026-05-01,635.77,615.34,time_exit,-3.51,19.340864197225415,0.02917782661937684,5.0
SOLUSDT,2026-04-16,2026-04-19,89.05,84.5975,stop_loss,-5.3,4.450865630567097,0.0417926140987612,5.0
LINKUSDT,2026-04-16,2026-04-19,9.59,9.1105,stop_loss,-5.3,0.4682937355523157,0.03948044257339654,5.0
BMTUSDT,2026-04-16,2026-04-29,0.01588,0.015085999999999997,stop_loss,-5.3,0.0008870269790877645,0.03280475037661389,5.0
SUIUSDT,2026-04-16,2026-04-18,1.0006,0.9505699999999999,stop_loss,-5.3,0.05392587057126025,0.04632787169875308,5.0
DOGEUSDT,2026-04-29,2026-05-14,0.10408,0.11546,time_exit,10.63,0.0043088473709821835,0.039852393205569214,5.0
ZECUSDT,2026-05-01,2026-05-16,384.97,511.34,time_exit,32.53,27.324961097193448,0.06796949458162863,5.0
TRXUSDT,2026-05-03,2026-05-18,0.3385,0.3557,time_exit,4.78,0.005495003116958692,0.012255059291482554,5.0
ADAUSDT,2026-05-05,2026-05-17,0.262,0.2489,stop_loss,-5.3,0.009842682443302934,0.03870126992881178,5.0
LINKUSDT,2026-05-05,2026-05-20,9.76,9.636,time_exit,-1.57,0.3545937572114631,0.03625604695062731,5.0
BTCUSDT,2026-05-05,2026-05-17,80905.52,76860.244,stop_loss,-5.3,2165.051385645305,0.029835551596606447,5.0
PEPEUSDT,2026-05-05,2026-05-15,4.11e-06,3.9045e-06,stop_loss,-5.3,2.079006707809642e-07,0.05242837998905949,5.0
UNIUSDT,2026-05-06,2026-05-21,3.475,3.608,time_exit,3.53,0.14965276955060824,0.03969615870689377,5.0
SUIUSDT,2026-05-06,2026-05-21,0.9926,1.1243,time_exit,12.97,0.04169883340102546,0.03667075126584562,5.0
SOLUSDT,2026-05-06,2026-05-17,89.16,84.702,stop_loss,-5.3,3.039609528115686,0.03274035631380037,5.0
NEARUSDT,2026-05-06,2026-05-21,1.487,1.927,time_exit,29.29,0.07162793946293844,0.04376244489811583,5.0
BNBUSDT,2026-05-06,2026-05-21,647.74,658.58,time_exit,1.37,16.28950407703305,0.021087488873723807,5.0
BMTUSDT,2026-05-07,2026-05-15,0.01753,0.016653499999999998,stop_loss,-5.3,0.0009306766867576894,0.027469396716579157,5.0
ENAUSDT,2026-05-08,2026-05-12,0.1317,0.125115,stop_loss,-5.3,0.009275577025974785,0.0493444410857534,5.0
XRPUSDT,2026-05-10,2026-05-16,1.4734,1.39973,stop_loss,-5.3,0.044963242031473075,0.02317110600095214,5.0
AAVEUSDT,2026-05-10,2026-05-12,102.15,97.0425,stop_loss,-5.3,5.201649483676902,0.040732581101431894,5.0
WLDUSDT,2026-05-10,2026-05-12,0.2836,0.26942,stop_loss,-5.3,0.016992485200366354,0.04771600276870291,5.0
BNBUSDT,2026-05-30,2026-06-01,718.74,682.803,stop_loss,-5.3,22.07756919274448,0.020321530259788265,5.0
PROMUSDT,2026-06-15,2026-06-16,1.161,1.1029499999999999,stop_loss,-5.3,0.09141627245414621,0.07730067441195122,5.0
PROMUSDT,2026-06-17,2026-06-19,1.156,1.0981999999999998,stop_loss,-5.3,0.08844566349362608,0.07720313765730581,5.0
PROMUSDT,2026-06-20,2026-06-22,1.188,1.1285999999999998,stop_loss,-5.3,0.0940113420901955,0.07737392904606816,5.0
SOLUSDT,2026-07-01,2026-07-16,77.46,75.32,time_exit,-3.06,4.443265092124058,0.029606588212904253,5.0
PROMUSDT,2026-07-07,2026-07-08,1.221,1.15995,stop_loss,-5.3,0.07403520722387336,0.07774460539423085,5.0
PROMUSDT,2026-07-10,2026-07-25,1.276,1.875,time_exit,46.64,0.07875450082756918,0.07739004374729941,5.0
ZECUSDT,2026-07-12,2026-07-13,533.53,506.85349999999994,stop_loss,-5.3,42.17193490187236,0.07183106636822036,5.0
BTCUSDT,2026-07-21,2026-07-28,66556.16,63228.352,stop_loss,-5.3,1836.1605008332845,0.01810330888724351,5.0
ENAUSDT,2026-07-21,2026-07-27,0.0868,0.08245999999999999,stop_loss,-5.3,0.0053721442427844285,0.04931792573005132,5.0
AAVEUSDT,2026-07-26,2026-07-29,101.47,96.39649999999999,stop_loss,-5.3,5.16235912098045,0.03919954357076664,5.0
PEPEUSDT,2026-07-26,2026-07-27,2.98e-06,2.8309999999999997e-06,stop_loss,-5.3,1.6775159428522595e-07,0.032457081563007986,5.0
UNIUSDT,2026-07-29,2026-08-04,3.991,3.7914499999999998,stop_loss,-5.3,0.22374562869241893,0.03688026242243061,5.0
BNBUSDT,2026-07-30,2026-08-14,591.99,607.96,time_exit,2.4,13.679489372126096,0.021653160766910377,5.0
ADAUSDT,2026-08-02,2026-08-14,0.1895,0.180025,stop_loss,-5.3,0.009791639515490965,0.038239418083754056,5.0
ENAUSDT,2026-08-03,2026-08-09,0.093,0.08835,stop_loss,-5.3,0.006007293416147508,0.05215333953274239,5.0
TRXUSDT,2026-08-11,2026-08-26,0.3352,0.336,time_exit,-0.06,0.0035115904074889824,0.01168467157756975,5.0
LINKUSDT,2026-08-11,2026-08-26,8.779,11.624,time_exit,32.11,0.3001764319729959,0.02638633952996209,5.0
TRUMPUSDT,2026-08-19,2026-08-20,1.793,1.70335,stop_loss,-5.3,0.08653686909261016,0.04591031805594629,5.0
WLDUSDT,2026-08-20,2026-08-30,0.3737,0.35501499999999997,stop_loss,-5.3,0.026398375932338784,0.08296244487304805,5.0
NEARUSDT,2026-08-21,2026-08-22,1.968,1.8696,stop_loss,-5.3,0.09448312289824314,0.052218047917904575,5.0
