window,deviation_pct,stop_loss_pct,take_profit_fib,use_take_profit,num_trades,num_symbols,win_rate,total_return_pct,avg_return_pct,max_drawdown_pct,robustness_score,max_drawdown_chronologisch_pct,robustness_score_chronologisch,share_take_profit_pct,share_stop_loss_pct,besteht_mindestfilter,pf_num_executed,pf_num_skipped,pf_total_return_pct,pf_max_drawdown_pct,pf_calmar_ratio
oos,2.0,2.0,0.236,True,532,18,37.4,-286.8,-0.54,-287.77,-0.043,-292.32,-0.043,37.4,62.4,False,532,0,-25.14,-25.71,-0.98
oos,2.0,2.0,0.382,True,532,18,27.3,-335.37,-0.63,-342.04,-0.043,-346.21,-0.042,27.1,72.6,False,532,0,-28.81,-29.89,-0.96
oos,2.0,2.0,0.5,True,532,18,23.3,-316.63,-0.6,-319.97,-0.043,-342.01,-0.04,23.1,76.5,False,532,0,-27.55,-29.67,-0.93
oos,2.0,2.0,0.618,True,532,18,20.5,-293.34,-0.55,-300.48,-0.042,-335.54,-0.038,20.3,79.3,False,532,0,-25.97,-29.18,-0.89
oos,2.0,2.0,1.0,True,532,18,15.0,-285.6,-0.54,-297.87,-0.042,-361.66,-0.034,13.3,84.8,False,530,2,-25.33,-30.28,-0.84
oos,2.0,2.0,100.0,True,532,18,9.0,-360.77,-0.68,-380.15,-0.041,-595.43,-0.026,0.0,90.6,False,526,6,-31.26,-45.93,-0.68
oos,2.0,3.0,0.236,True,532,18,47.0,-324.61,-0.61,-332.65,-0.042,-322.17,-0.044,47.0,52.8,False,532,0,-28.04,-28.26,-0.99
oos,2.0,3.0,0.382,True,532,18,35.3,-400.24,-0.75,-418.64,-0.041,-406.08,-0.043,35.2,64.5,False,532,0,-33.48,-34.3,-0.98
oos,2.0,3.0,0.5,True,532,18,31.6,-342.22,-0.64,-359.95,-0.041,-362.3,-0.041,31.4,68.0,False,532,0,-29.67,-31.49,-0.94
oos,2.0,3.0,0.618,True,532,18,28.4,-298.53,-0.56,-323.22,-0.04,-335.05,-0.039,28.2,71.2,False,532,0,-26.75,-29.79,-0.9
oos,2.0,3.0,1.0,True,532,18,20.9,-322.16,-0.61,-335.24,-0.042,-357.92,-0.039,18.0,78.4,False,528,4,-28.86,-32.06,-0.9
oos,2.0,3.0,100.0,True,532,18,14.1,-367.51,-0.69,-380.35,-0.042,-588.54,-0.027,0.0,84.2,False,522,10,-34.03,-47.85,-0.71
oos,2.0,4.0,0.236,True,532,18,55.1,-310.52,-0.58,-316.56,-0.043,-310.65,-0.043,55.1,44.7,False,532,0,-27.21,-27.22,-1.0
oos,2.0,4.0,0.382,True,532,18,42.5,-422.71,-0.79,-439.11,-0.042,-428.34,-0.043,42.3,57.3,False,532,0,-35.26,-36.02,-0.98
oos,2.0,4.0,0.5,True,532,18,38.0,-373.7,-0.7,-388.6,-0.042,-382.04,-0.042,37.8,61.7,False,532,0,-32.27,-33.52,-0.96
oos,2.0,4.0,0.618,True,532,18,34.4,-324.8,-0.61,-346.49,-0.041,-347.32,-0.041,34.2,65.0,False,532,0,-29.26,-31.67,-0.92
oos,2.0,4.0,1.0,True,532,18,25.2,-414.63,-0.78,-428.64,-0.042,-444.39,-0.04,21.4,73.9,False,529,3,-35.17,-37.58,-0.94
oos,2.0,4.0,100.0,True,532,18,17.5,-576.04,-1.08,-575.5,-0.043,-776.49,-0.032,0.0,80.5,False,515,17,-49.16,-58.69,-0.84
oos,2.0,6.0,0.236,True,532,18,63.2,-380.28,-0.71,-385.62,-0.043,-383.48,-0.043,63.0,36.5,False,532,0,-32.6,-32.87,-0.99
oos,2.0,6.0,0.382,True,532,18,51.3,-496.89,-0.93,-514.81,-0.042,-508.86,-0.042,50.9,47.9,False,531,1,-40.82,-41.98,-0.97
oos,2.0,6.0,0.5,True,532,18,47.2,-399.85,-0.75,-415.9,-0.042,-423.86,-0.041,46.8,51.9,False,531,1,-35.36,-37.43,-0.94
oos,2.0,6.0,0.618,True,532,18,43.0,-349.54,-0.66,-374.35,-0.04,-422.72,-0.036,42.7,55.8,False,530,2,-32.98,-37.32,-0.88
oos,2.0,6.0,1.0,True,532,18,32.0,-539.98,-1.02,-564.66,-0.041,-602.11,-0.039,27.3,65.6,False,523,9,-44.46,-48.0,-0.93
oos,2.0,6.0,100.0,True,532,18,25.6,-270.95,-0.51,-478.02,-0.025,-762.8,-0.015,0.0,70.5,False,499,33,-38.56,-57.03,-0.68
oos,2.0,8.0,0.236,True,532,18,69.9,-328.34,-0.62,-341.81,-0.042,-357.75,-0.04,69.7,29.3,False,531,1,-30.0,-31.66,-0.95
oos,2.0,8.0,0.382,True,532,18,58.8,-421.63,-0.79,-443.09,-0.041,-507.32,-0.036,57.9,39.5,False,529,3,-38.08,-42.85,-0.89
oos,2.0,8.0,0.5,True,532,18,54.3,-304.35,-0.57,-347.03,-0.038,-491.02,-0.027,53.4,42.7,False,526,6,-32.23,-42.09,-0.77
oos,2.0,8.0,0.618,True,532,18,50.0,-257.62,-0.48,-315.57,-0.035,-509.95,-0.022,47.9,46.6,False,525,7,-31.01,-42.8,-0.72
oos,2.0,8.0,1.0,True,532,18,39.1,-384.37,-0.72,-432.39,-0.039,-688.11,-0.024,32.1,54.9,False,511,21,-40.03,-52.6,-0.76
oos,2.0,8.0,100.0,True,532,18,32.1,-196.36,-0.37,-454.88,-0.019,-925.71,-0.009,0.0,59.2,False,484,48,-38.17,-63.17,-0.6
oos,2.0,12.0,0.236,True,532,18,75.8,-393.57,-0.74,-421.01,-0.041,-561.22,-0.03,75.6,21.1,False,524,8,-32.15,-41.95,-0.77
oos,2.0,12.0,0.382,True,532,18,65.4,-538.05,-1.01,-576.6,-0.04,-726.11,-0.032,64.3,29.1,False,509,23,-44.01,-51.22,-0.86
oos,2.0,12.0,0.5,True,532,18,60.7,-443.98,-0.83,-485.28,-0.04,-728.55,-0.026,59.2,32.1,False,504,28,-41.81,-51.99,-0.8
oos,2.0,12.0,0.618,True,532,18,56.8,-385.0,-0.72,-430.99,-0.039,-732.73,-0.023,53.2,34.8,False,497,35,-38.75,-50.2,-0.77
oos,2.0,12.0,1.0,True,532,18,44.4,-709.44,-1.33,-747.38,-0.041,-996.3,-0.031,35.0,41.9,False,470,62,-49.89,-59.38,-0.84
oos,2.0,12.0,100.0,True,532,18,37.6,-417.08,-0.78,-660.55,-0.027,-1252.37,-0.014,0.0,44.2,False,434,98,-44.73,-67.88,-0.66
oos,3.0,2.0,0.236,True,306,17,25.8,-252.35,-0.82,-265.78,-0.054,-277.77,-0.052,25.8,74.2,False,306,0,-22.47,-24.38,-0.92
oos,3.0,2.0,0.382,True,306,17,19.3,-236.77,-0.77,-255.01,-0.053,-278.31,-0.049,19.3,80.7,False,306,0,-21.33,-24.45,-0.87
oos,3.0,2.0,0.5,True,306,17,16.3,-213.69,-0.7,-241.49,-0.051,-267.07,-0.046,16.3,83.7,False,306,0,-19.55,-23.55,-0.83
oos,3.0,2.0,0.618,True,306,17,14.1,-207.97,-0.68,-229.57,-0.052,-285.6,-0.042,13.4,85.6,False,306,0,-19.19,-24.97,-0.77
oos,3.0,2.0,1.0,True,306,17,11.4,-135.28,-0.44,-179.1,-0.043,-297.83,-0.026,9.5,88.2,False,305,1,-13.24,-25.89,-0.51
oos,3.0,2.0,100.0,True,306,17,9.2,-61.12,-0.2,-160.09,-0.022,-381.05,-0.009,0.0,90.5,False,305,1,-8.1,-31.81,-0.25
oos,3.0,3.0,0.236,True,306,17,33.3,-324.1,-1.06,-340.26,-0.054,-339.97,-0.054,33.3,66.7,False,306,0,-27.98,-29.09,-0.96
oos,3.0,3.0,0.382,True,306,17,26.1,-292.4,-0.96,-314.65,-0.053,-327.55,-0.051,26.1,73.9,False,306,0,-25.82,-28.26,-0.91
oos,3.0,3.0,0.5,True,306,17,21.9,-288.25,-0.94,-321.92,-0.051,-333.87,-0.049,21.9,78.1,False,306,0,-25.62,-28.41,-0.9
oos,3.0,3.0,0.618,True,306,17,18.6,-297.61,-0.97,-326.93,-0.052,-369.32,-0.046,17.6,81.0,False,306,0,-26.41,-30.66,-0.86
oos,3.0,3.0,1.0,True,306,17,14.7,-281.57,-0.92,-317.22,-0.051,-413.36,-0.039,10.5,85.0,False,305,1,-25.21,-33.19,-0.76
oos,3.0,3.0,100.0,True,306,17,12.7,-203.21,-0.66,-234.94,-0.049,-502.42,-0.023,0.0,86.9,False,305,1,-20.4,-39.55,-0.52
oos,3.0,4.0,0.236,True,306,17,38.6,-401.51,-1.31,-420.0,-0.055,-412.59,-0.056,38.6,61.4,False,305,1,-33.2,-34.17,-0.97
oos,3.0,4.0,0.382,True,306,17,31.0,-361.16,-1.18,-398.67,-0.052,-406.14,-0.051,30.7,68.6,False,306,0,-30.98,-33.75,-0.92
oos,3.0,4.0,0.5,True,306,17,26.5,-354.21,-1.16,-402.33,-0.05,-415.11,-0.049,26.1,72.9,False,305,1,-30.37,-33.98,-0.89
oos,3.0,4.0,0.618,True,306,17,22.9,-361.36,-1.18,-405.31,-0.051,-456.58,-0.045,21.2,76.1,False,305,1,-31.07,-36.24,-0.86
oos,3.0,4.0,1.0,True,306,17,18.3,-368.8,-1.21,-410.46,-0.051,-542.6,-0.039,12.4,80.7,False,304,2,-31.62,-41.28,-0.77
oos,3.0,4.0,100.0,True,306,17,15.7,-314.78,-1.03,-358.65,-0.05,-646.41,-0.028,0.0,83.3,False,302,4,-31.4,-47.54,-0.66
oos,3.0,6.0,0.236,True,306,17,48.0,-477.13,-1.56,-490.16,-0.056,-495.35,-0.055,48.0,52.0,False,305,1,-38.39,-39.44,-0.97
oos,3.0,6.0,0.382,True,306,17,40.8,-393.95,-1.29,-423.46,-0.053,-536.22,-0.042,40.5,58.8,False,306,0,-33.88,-42.01,-0.81
oos,3.0,6.0,0.5,True,306,17,35.9,-360.45,-1.18,-402.57,-0.051,-539.58,-0.038,35.6,63.1,False,306,0,-31.83,-42.15,-0.76
oos,3.0,6.0,0.618,True,306,17,32.0,-359.58,-1.18,-396.51,-0.052,-568.18,-0.036,30.1,66.7,False,306,0,-32.06,-44.2,-0.73
oos,3.0,6.0,1.0,True,306,17,25.8,-414.17,-1.35,-449.83,-0.053,-662.95,-0.036,17.0,71.9,False,304,2,-35.37,-48.78,-0.73
oos,3.0,6.0,100.0,True,306,17,23.9,-315.41,-1.03,-358.66,-0.05,-656.52,-0.027,0.0,73.9,False,300,6,-33.98,-49.48,-0.69
oos,3.0,8.0,0.236,True,306,17,58.2,-390.91,-1.28,-403.94,-0.055,-521.44,-0.043,57.5,40.8,False,303,3,-33.83,-41.89,-0.81
oos,3.0,8.0,0.382,True,306,17,49.7,-305.86,-1.0,-332.52,-0.053,-598.8,-0.029,48.7,48.0,False,301,5,-27.86,-45.36,-0.61
oos,3.0,8.0,0.5,True,306,17,44.4,-247.28,-0.81,-315.54,-0.045,-632.69,-0.022,42.8,51.3,False,301,5,-24.3,-47.24,-0.51
oos,3.0,8.0,0.618,True,306,17,40.5,-231.43,-0.76,-307.64,-0.043,-675.21,-0.02,36.3,54.9,False,301,5,-23.99,-49.97,-0.48
oos,3.0,8.0,1.0,True,306,17,34.3,-240.46,-0.79,-287.11,-0.048,-800.81,-0.017,21.2,59.5,False,299,7,-25.2,-55.12,-0.46
oos,3.0,8.0,100.0,True,306,17,32.7,-6.85,-0.02,-273.86,-0.001,-773.99,-0.001,0.0,60.8,False,292,14,-16.76,-53.75,-0.31
oos,3.0,12.0,0.236,True,306,17,66.0,-418.98,-1.37,-444.37,-0.054,-624.95,-0.038,65.4,30.1,False,295,11,-35.11,-46.23,-0.76
oos,3.0,12.0,0.382,True,306,17,57.8,-305.35,-1.0,-340.62,-0.051,-661.76,-0.026,56.2,35.6,False,292,14,-29.75,-48.25,-0.62
oos,3.0,12.0,0.5,True,306,17,51.6,-305.77,-1.0,-352.48,-0.05,-731.32,-0.024,49.0,39.5,False,290,16,-29.82,-50.36,-0.59
oos,3.0,12.0,0.618,True,306,17,46.7,-344.04,-1.12,-385.56,-0.051,-794.33,-0.025,41.5,43.1,False,289,17,-33.02,-53.81,-0.61
oos,3.0,12.0,1.0,True,306,17,40.5,-349.4,-1.14,-389.65,-0.051,-870.6,-0.023,24.8,47.7,False,287,19,-36.29,-57.14,-0.64
oos,3.0,12.0,100.0,True,306,17,39.2,-68.42,-0.22,-305.55,-0.013,-882.74,-0.004,0.0,48.0,False,275,31,-27.2,-57.05,-0.48
oos,4.0,2.0,0.236,True,208,17,20.7,-180.92,-0.87,-203.31,-0.062,-239.13,-0.052,20.7,79.3,False,208,0,-16.72,-21.36,-0.78
oos,4.0,2.0,0.382,True,208,17,17.3,-122.65,-0.59,-145.43,-0.058,-195.98,-0.043,17.3,82.7,False,208,0,-11.85,-17.91,-0.66
oos,4.0,2.0,0.5,True,208,17,15.4,-95.69,-0.46,-116.73,-0.057,-177.37,-0.037,13.9,84.6,False,208,0,-9.53,-16.41,-0.58
oos,4.0,2.0,0.618,True,208,17,14.4,-49.02,-0.24,-73.14,-0.046,-161.33,-0.021,13.0,85.1,False,208,0,-5.3,-14.86,-0.36
oos,4.0,2.0,1.0,True,208,17,12.0,-19.12,-0.09,-78.36,-0.017,-197.09,-0.007,6.7,87.5,False,208,0,-2.62,-17.85,-0.15
oos,4.0,2.0,100.0,True,208,17,11.1,75.94,0.37,-121.75,0.043,-205.53,0.026,0.0,88.5,False,208,0,5.8,-18.89,0.31
oos,4.0,3.0,0.236,True,208,17,26.4,-240.02,-1.15,-266.54,-0.062,-295.1,-0.056,26.4,73.6,False,208,0,-21.6,-26.21,-0.82
oos,4.0,3.0,0.382,True,208,17,21.2,-196.08,-0.94,-224.68,-0.061,-246.78,-0.055,21.2,78.8,False,208,0,-18.21,-22.34,-0.82
oos,4.0,3.0,0.5,True,208,17,19.2,-159.6,-0.77,-180.31,-0.061,-228.28,-0.048,17.3,80.8,False,208,0,-15.3,-20.94,-0.73
oos,4.0,3.0,0.618,True,208,17,18.8,-81.28,-0.39,-124.4,-0.045,-190.86,-0.03,16.8,80.8,False,208,0,-8.59,-17.98,-0.48
oos,4.0,3.0,1.0,True,208,17,15.4,-85.24,-0.41,-112.08,-0.053,-257.35,-0.023,7.7,84.1,False,208,0,-9.13,-22.92,-0.4
oos,4.0,3.0,100.0,True,208,17,14.4,5.88,0.03,-141.9,0.003,-286.49,0.001,0.0,85.1,False,208,0,-2.01,-25.41,-0.08
oos,4.0,4.0,0.236,True,208,17,33.7,-247.01,-1.19,-279.95,-0.061,-320.1,-0.054,33.7,66.3,False,208,0,-22.3,-27.71,-0.8
oos,4.0,4.0,0.382,True,208,17,27.4,-197.68,-0.95,-224.28,-0.061,-286.89,-0.048,26.9,72.1,False,208,0,-18.57,-25.59,-0.73
oos,4.0,4.0,0.5,True,208,17,24.0,-196.61,-0.95,-215.32,-0.063,-307.57,-0.044,21.2,75.5,False,208,0,-18.59,-27.16,-0.68
oos,4.0,4.0,0.618,True,208,17,23.1,-114.84,-0.55,-159.28,-0.05,-267.02,-0.03,20.2,76.0,False,208,0,-11.86,-24.18,-0.49
oos,4.0,4.0,1.0,True,208,17,19.2,-108.65,-0.52,-134.14,-0.056,-334.15,-0.023,10.1,79.3,False,208,0,-11.56,-29.05,-0.4
oos,4.0,4.0,100.0,True,208,17,17.3,28.73,0.14,-132.32,0.015,-365.02,0.005,0.0,81.2,False,208,0,-1.53,-31.25,-0.05
oos,4.0,6.0,0.236,True,208,17,44.2,-261.36,-1.26,-292.3,-0.062,-367.26,-0.049,43.3,55.3,False,208,0,-23.9,-31.31,-0.76
oos,4.0,6.0,0.382,True,208,17,37.5,-181.69,-0.87,-224.57,-0.056,-344.59,-0.037,35.6,61.1,False,208,0,-17.9,-30.28,-0.59
oos,4.0,6.0,0.5,True,208,17,32.7,-203.35,-0.98,-236.47,-0.06,-362.44,-0.039,26.9,65.4,False,208,0,-19.76,-31.51,-0.63
oos,4.0,6.0,0.618,True,208,17,30.3,-174.71,-0.84,-216.61,-0.056,-361.38,-0.034,24.0,67.3,False,208,0,-17.63,-31.58,-0.56
oos,4.0,6.0,1.0,True,208,17,26.4,-184.01,-0.88,-220.54,-0.058,-435.46,-0.029,11.5,69.7,False,207,1,-18.19,-36.61,-0.5
oos,4.0,6.0,100.0,True,208,17,25.0,-3.85,-0.02,-156.48,-0.002,-411.94,-0.001,0.0,71.2,False,207,1,-5.1,-35.58,-0.14
oos,4.0,8.0,0.236,True,208,17,52.4,-239.89,-1.15,-304.07,-0.055,-430.07,-0.039,50.5,45.7,False,207,1,-22.99,-35.75,-0.64
oos,4.0,8.0,0.382,True,208,17,46.2,-102.74,-0.49,-199.49,-0.036,-389.9,-0.018,43.3,50.5,False,207,1,-11.08,-33.73,-0.33
oos,4.0,8.0,0.5,True,208,17,41.3,-104.75,-0.5,-235.43,-0.031,-424.06,-0.017,33.2,53.4,False,206,2,-12.49,-35.99,-0.35
oos,4.0,8.0,0.618,True,208,17,38.9,-74.53,-0.36,-231.8,-0.022,-419.61,-0.012,27.9,55.3,False,206,2,-10.41,-35.72,-0.29
oos,4.0,8.0,1.0,True,208,17,34.6,-83.25,-0.4,-201.52,-0.029,-535.82,-0.011,13.9,58.2,False,205,3,-12.0,-42.4,-0.28
oos,4.0,8.0,100.0,True,208,17,33.7,106.82,0.51,-168.98,0.044,-524.96,0.014,0.0,59.1,False,205,3,3.34,-41.65,0.08
oos,4.0,12.0,0.236,True,208,17,62.5,-209.4,-1.01,-260.08,-0.056,-433.36,-0.034,60.6,33.2,False,205,3,-22.19,-36.14,-0.61
oos,4.0,12.0,0.382,True,208,17,56.7,-9.52,-0.05,-167.23,-0.004,-328.25,-0.002,53.4,37.0,False,203,5,-5.21,-28.99,-0.18
oos,4.0,12.0,0.5,True,208,17,49.0,-101.54,-0.49,-190.9,-0.037,-431.77,-0.016,39.4,40.4,False,202,6,-13.46,-35.78,-0.38
oos,4.0,12.0,0.618,True,208,17,46.2,-74.3,-0.36,-188.78,-0.027,-452.82,-0.011,33.2,42.3,False,202,6,-12.09,-36.86,-0.33
oos,4.0,12.0,1.0,True,208,17,41.8,-90.39,-0.43,-190.53,-0.033,-552.1,-0.011,15.9,45.2,False,201,7,-14.57,-42.24,-0.34
oos,4.0,12.0,100.0,True,208,17,40.9,116.82,0.56,-157.7,0.051,-571.58,0.014,0.0,45.7,False,199,9,1.32,-43.39,0.03
oos,5.0,2.0,0.236,True,168,17,22.0,-93.21,-0.55,-127.42,-0.056,-161.27,-0.045,22.0,78.0,False,168,0,-9.07,-15.06,-0.6
oos,5.0,2.0,0.382,True,168,17,16.7,-83.73,-0.5,-119.93,-0.054,-165.19,-0.039,14.9,83.3,False,168,0,-8.35,-15.15,-0.55
oos,5.0,2.0,0.5,True,168,17,13.1,-123.23,-0.73,-142.42,-0.067,-192.98,-0.049,8.3,86.9,False,168,0,-11.89,-17.47,-0.68
oos,5.0,2.0,0.618,True,168,17,12.5,-99.51,-0.59,-118.7,-0.065,-182.5,-0.042,7.1,87.5,False,168,0,-9.83,-16.63,-0.59
oos,5.0,2.0,1.0,True,168,17,10.7,-132.65,-0.79,-151.84,-0.067,-205.55,-0.05,2.4,89.3,False,168,0,-12.78,-18.55,-0.69
oos,5.0,2.0,100.0,True,168,17,10.1,-160.96,-0.96,-180.15,-0.069,-227.29,-0.055,0.0,89.9,False,168,0,-15.19,-20.29,-0.75
oos,5.0,3.0,0.236,True,168,17,33.9,-27.24,-0.16,-78.05,-0.027,-148.35,-0.014,33.9,66.1,False,168,0,-2.97,-14.39,-0.21
oos,5.0,3.0,0.382,True,168,17,24.4,-38.15,-0.23,-94.55,-0.031,-169.33,-0.017,21.4,75.6,False,168,0,-4.31,-15.77,-0.27
oos,5.0,3.0,0.5,True,168,17,20.8,-67.45,-0.4,-108.53,-0.048,-166.73,-0.031,13.7,79.2,False,168,0,-7.11,-15.27,-0.47
oos,5.0,3.0,0.618,True,168,17,20.2,-30.75,-0.18,-101.74,-0.023,-168.03,-0.014,11.9,79.8,False,168,0,-3.81,-15.85,-0.24
oos,5.0,3.0,1.0,True,168,17,17.3,-103.57,-0.62,-158.11,-0.051,-193.85,-0.041,3.6,82.7,False,168,0,-10.53,-17.6,-0.6
oos,5.0,3.0,100.0,True,168,17,16.7,-129.72,-0.77,-186.71,-0.054,-204.52,-0.049,0.0,83.3,False,168,0,-12.76,-19.06,-0.67
oos,5.0,4.0,0.236,True,168,17,38.7,-53.0,-0.32,-102.13,-0.04,-171.51,-0.024,38.7,61.3,False,168,0,-5.6,-16.24,-0.34
oos,5.0,4.0,0.382,True,168,17,28.6,-79.29,-0.47,-133.59,-0.046,-206.84,-0.03,24.4,71.4,False,168,0,-8.37,-19.36,-0.43
oos,5.0,4.0,0.5,True,168,17,25.6,-95.35,-0.57,-144.99,-0.051,-198.21,-0.037,16.7,74.4,False,168,0,-9.92,-18.76,-0.53
oos,5.0,4.0,0.618,True,168,17,23.8,-99.67,-0.59,-160.39,-0.048,-226.78,-0.034,12.5,76.2,False,168,0,-10.48,-21.01,-0.5
oos,5.0,4.0,1.0,True,168,17,21.4,-137.27,-0.82,-180.22,-0.059,-246.11,-0.043,4.8,78.0,False,168,0,-13.8,-22.54,-0.61
oos,5.0,4.0,100.0,True,168,17,20.8,-157.64,-0.94,-202.37,-0.06,-270.63,-0.045,0.0,78.6,False,168,0,-15.42,-24.24,-0.64
oos,5.0,6.0,0.236,True,168,17,48.8,-44.36,-0.26,-128.73,-0.027,-197.61,-0.017,48.2,50.6,False,168,0,-5.28,-18.66,-0.28
oos,5.0,6.0,0.382,True,168,17,38.7,-40.94,-0.24,-121.77,-0.026,-214.13,-0.015,33.3,59.5,False,167,1,-4.84,-20.38,-0.24
oos,5.0,6.0,0.5,True,168,17,34.5,-59.43,-0.35,-128.47,-0.036,-231.57,-0.02,24.4,63.7,False,167,1,-6.81,-21.85,-0.31
oos,5.0,6.0,0.618,True,168,17,30.4,-133.31,-0.79,-200.61,-0.051,-314.55,-0.033,16.1,66.1,False,167,1,-13.63,-28.22,-0.48
oos,5.0,6.0,1.0,True,168,17,27.4,-193.39,-1.15,-218.08,-0.068,-348.1,-0.043,6.0,68.5,False,167,1,-18.69,-30.61,-0.61
oos,5.0,6.0,100.0,True,168,17,26.8,-236.27,-1.41,-263.41,-0.069,-379.86,-0.048,0.0,69.0,False,167,1,-21.97,-32.66,-0.67
oos,5.0,8.0,0.236,True,168,17,57.1,17.59,0.1,-98.16,0.014,-220.63,0.006,54.8,41.1,False,168,0,0.16,-20.65,0.01
oos,5.0,8.0,0.382,True,168,17,47.0,42.5,0.25,-117.29,0.028,-281.29,0.012,39.3,49.4,False,166,2,3.32,-24.9,0.13
oos,5.0,8.0,0.5,True,168,17,42.9,53.88,0.32,-143.33,0.029,-288.3,0.014,28.6,51.8,False,165,3,5.14,-24.51,0.21
oos,5.0,8.0,0.618,True,168,17,38.7,-38.46,-0.23,-205.74,-0.014,-382.11,-0.008,17.9,54.2,False,165,3,-4.49,-31.38,-0.14
oos,5.0,8.0,1.0,True,168,17,35.7,-94.04,-0.56,-194.32,-0.037,-416.72,-0.017,6.5,56.5,False,166,2,-10.65,-34.62,-0.31
oos,5.0,8.0,100.0,True,168,17,35.1,-142.55,-0.85,-214.6,-0.051,-448.97,-0.024,0.0,57.1,False,165,3,-13.9,-35.91,-0.39
oos,5.0,12.0,0.236,True,168,17,67.9,91.81,0.55,-105.71,0.067,-304.28,0.023,64.9,29.2,False,168,0,6.69,-27.79,0.24
oos,5.0,12.0,0.382,True,168,17,54.8,21.04,0.13,-164.57,0.01,-368.38,0.004,44.6,37.5,False,165,3,1.92,-31.58,0.06
oos,5.0,12.0,0.5,True,168,17,50.0,16.94,0.1,-182.85,0.007,-402.32,0.003,32.1,39.3,False,165,3,-1.22,-34.75,-0.04
oos,5.0,12.0,0.618,True,168,17,45.2,-115.69,-0.69,-242.42,-0.037,-500.92,-0.018,20.2,42.3,False,165,3,-14.41,-40.54,-0.36
oos,5.0,12.0,1.0,True,168,17,42.3,-178.11,-1.06,-262.02,-0.052,-529.13,-0.026,7.1,44.6,False,164,4,-18.75,-42.24,-0.44
oos,5.0,12.0,100.0,True,168,17,41.7,-231.61,-1.38,-314.34,-0.057,-545.67,-0.033,0.0,45.2,False,164,4,-22.93,-42.36,-0.54
oos,6.0,2.0,0.236,True,115,17,16.5,-73.89,-0.64,-104.04,-0.066,-125.07,-0.055,15.7,83.5,False,115,0,-7.28,-12.2,-0.6
oos,6.0,2.0,0.382,True,115,17,11.3,-85.82,-0.75,-119.67,-0.067,-145.28,-0.055,8.7,88.7,False,115,0,-8.43,-13.98,-0.6
oos,6.0,2.0,0.5,True,115,17,11.3,-69.41,-0.6,-118.3,-0.055,-133.0,-0.049,6.1,88.7,False,115,0,-6.91,-13.26,-0.52
oos,6.0,2.0,0.618,True,115,17,10.4,-84.73,-0.74,-122.79,-0.064,-140.34,-0.056,4.3,89.6,False,115,0,-8.32,-12.97,-0.64
oos,6.0,2.0,1.0,True,115,17,8.7,-95.12,-0.83,-132.05,-0.067,-150.85,-0.059,2.6,91.3,False,115,0,-9.31,-14.64,-0.64
oos,6.0,2.0,100.0,True,115,17,7.8,-64.24,-0.56,-133.86,-0.045,-150.85,-0.04,0.0,92.2,False,115,0,-6.65,-14.44,-0.46
oos,6.0,3.0,0.236,True,115,17,26.1,-41.06,-0.36,-77.75,-0.049,-128.12,-0.03,25.2,73.0,False,115,0,-4.31,-12.4,-0.35
oos,6.0,3.0,0.382,True,115,17,20.0,-48.42,-0.42,-86.08,-0.052,-132.84,-0.034,14.8,79.1,False,115,0,-5.1,-13.12,-0.39
oos,6.0,3.0,0.5,True,115,17,19.1,-37.76,-0.33,-102.98,-0.034,-128.58,-0.027,10.4,80.0,False,115,0,-4.09,-12.77,-0.32
oos,6.0,3.0,0.618,True,115,17,18.3,-35.84,-0.31,-102.98,-0.032,-117.17,-0.029,8.7,80.9,False,115,0,-3.95,-11.13,-0.35
oos,6.0,3.0,1.0,True,115,17,15.7,-70.69,-0.61,-123.02,-0.054,-123.89,-0.053,4.3,83.5,False,115,0,-7.31,-12.12,-0.6
oos,6.0,3.0,100.0,True,115,17,14.8,-67.27,-0.58,-124.89,-0.05,-150.35,-0.042,0.0,84.3,False,115,0,-7.12,-14.09,-0.51
oos,6.0,4.0,0.236,True,115,17,32.2,-53.89,-0.47,-98.32,-0.051,-155.12,-0.032,30.4,67.0,False,115,0,-5.64,-14.5,-0.39
oos,6.0,4.0,0.382,True,115,17,26.1,-43.7,-0.38,-102.54,-0.04,-148.88,-0.027,20.0,73.0,False,115,0,-4.79,-13.81,-0.35
oos,6.0,4.0,0.5,True,115,17,24.3,-41.42,-0.36,-123.0,-0.031,-156.72,-0.025,12.2,74.8,False,115,0,-4.59,-14.67,-0.31
oos,6.0,4.0,0.618,True,115,17,23.5,-35.0,-0.3,-112.44,-0.029,-135.78,-0.024,10.4,75.7,False,115,0,-4.03,-12.9,-0.31
oos,6.0,4.0,1.0,True,115,17,20.9,-68.98,-0.6,-140.14,-0.046,-152.65,-0.042,4.3,78.3,False,115,0,-7.33,-14.52,-0.5
oos,6.0,4.0,100.0,True,115,17,20.0,-66.56,-0.58,-140.14,-0.044,-179.11,-0.035,0.0,79.1,False,115,0,-7.2,-16.23,-0.44
oos,6.0,6.0,0.236,True,115,17,40.0,-84.95,-0.74,-134.42,-0.059,-199.93,-0.04,38.3,59.1,False,115,0,-8.83,-18.42,-0.48
oos,6.0,6.0,0.382,True,115,17,32.2,-81.11,-0.71,-122.88,-0.062,-198.44,-0.038,25.2,66.1,False,115,0,-8.65,-19.29,-0.45
oos,6.0,6.0,0.5,True,115,17,29.6,-83.8,-0.73,-159.58,-0.049,-223.34,-0.035,16.5,68.7,False,115,0,-8.96,-20.39,-0.44
oos,6.0,6.0,0.618,True,115,17,27.8,-100.37,-0.87,-165.47,-0.057,-242.88,-0.039,13.0,69.6,False,115,0,-10.47,-21.9,-0.48
oos,6.0,6.0,1.0,True,115,17,26.1,-104.21,-0.91,-183.87,-0.053,-261.75,-0.037,6.1,71.3,False,115,0,-10.97,-23.4,-0.47
oos,6.0,6.0,100.0,True,115,17,25.2,-70.81,-0.62,-200.95,-0.033,-288.21,-0.023,0.0,72.2,False,115,0,-8.62,-24.92,-0.35
oos,6.0,8.0,0.236,True,115,17,47.0,-68.22,-0.59,-163.55,-0.039,-231.58,-0.027,45.2,51.3,False,115,0,-7.89,-21.35,-0.37
oos,6.0,8.0,0.382,True,115,17,39.1,-54.12,-0.47,-131.6,-0.038,-246.93,-0.02,30.4,58.3,False,115,0,-7.02,-23.04,-0.3
oos,6.0,8.0,0.5,True,115,17,35.7,-71.02,-0.62,-172.4,-0.038,-274.52,-0.024,19.1,60.9,False,115,0,-8.67,-25.62,-0.34
oos,6.0,8.0,0.618,True,115,17,33.9,-85.61,-0.74,-185.14,-0.043,-305.04,-0.026,14.8,61.7,False,115,0,-10.07,-28.15,-0.36
oos,6.0,8.0,1.0,True,115,17,32.2,-84.85,-0.74,-158.07,-0.05,-314.2,-0.025,7.0,63.5,False,115,0,-10.33,-28.8,-0.36
oos,6.0,8.0,100.0,True,115,17,31.3,78.01,0.68,-128.67,0.057,-340.66,0.021,0.0,64.3,False,115,0,3.67,-30.08,0.12
oos,6.0,12.0,0.236,True,115,17,58.3,-63.17,-0.55,-174.96,-0.034,-307.91,-0.019,55.7,38.3,False,115,0,-8.26,-28.36,-0.29
oos,6.0,12.0,0.382,True,115,17,49.6,-35.53,-0.31,-166.54,-0.02,-278.79,-0.012,39.1,42.6,False,115,0,-6.3,-26.32,-0.24
oos,6.0,12.0,0.5,True,115,17,44.3,-78.77,-0.68,-228.75,-0.032,-323.84,-0.023,24.3,44.3,False,114,1,-11.17,-29.88,-0.37
oos,6.0,12.0,0.618,True,115,17,41.7,-121.29,-1.05,-230.59,-0.049,-353.69,-0.032,16.5,46.1,False,114,1,-14.86,-31.95,-0.47
oos,6.0,12.0,1.0,True,115,17,40.0,-109.88,-0.96,-200.76,-0.051,-357.44,-0.029,7.8,47.8,False,114,1,-14.32,-32.44,-0.44
oos,6.0,12.0,100.0,True,115,17,39.1,50.04,0.44,-180.87,0.026,-382.84,0.012,0.0,48.7,False,114,1,-1.19,-33.13,-0.04
oos,8.0,2.0,0.236,True,52,15,17.3,-9.11,-0.18,-27.6,-0.046,-57.72,-0.022,17.3,82.7,False,52,0,-0.98,-5.63,-0.17
oos,8.0,2.0,0.382,True,52,15,15.4,12.28,0.24,-27.6,0.062,-59.8,0.028,11.5,84.6,False,52,0,1.12,-5.81,0.19
oos,8.0,2.0,0.5,True,52,15,9.6,-50.28,-0.97,-47.98,-0.145,-94.56,-0.074,1.9,90.4,False,52,0,-4.97,-8.83,-0.56
oos,8.0,2.0,0.618,True,52,15,9.6,-45.96,-0.88,-43.66,-0.146,-94.56,-0.067,1.9,90.4,False,52,0,-4.57,-8.83,-0.52
oos,8.0,2.0,1.0,True,52,15,9.6,-49.07,-0.94,-46.77,-0.145,-94.56,-0.072,0.0,90.4,False,52,0,-4.86,-8.83,-0.55
oos,8.0,2.0,100.0,True,52,15,9.6,-49.07,-0.94,-46.77,-0.145,-94.56,-0.072,0.0,90.4,False,52,0,-4.86,-8.83,-0.55
oos,8.0,3.0,0.236,True,52,15,28.8,28.49,0.55,-23.1,0.171,-43.98,0.09,28.8,71.2,False,52,0,2.77,-4.33,0.64
oos,8.0,3.0,0.382,True,52,15,26.9,74.2,1.43,-23.1,0.445,-39.6,0.26,21.2,73.1,False,52,0,7.51,-3.89,1.93
oos,8.0,3.0,0.5,True,52,15,21.2,34.74,0.67,-39.6,0.122,-45.43,0.106,11.5,78.8,False,52,0,3.31,-4.41,0.75
oos,8.0,3.0,0.618,True,52,15,19.2,19.02,0.37,-39.6,0.067,-39.6,0.067,7.7,80.8,False,52,0,1.74,-3.89,0.45
oos,8.0,3.0,1.0,True,52,15,17.3,8.8,0.17,-41.38,0.029,-72.56,0.017,3.8,82.7,False,52,0,0.68,-7.02,0.1
oos,8.0,3.0,100.0,True,52,15,17.3,70.76,1.36,-41.38,0.237,-72.56,0.135,0.0,82.7,False,52,0,6.77,-8.55,0.79
oos,8.0,4.0,0.236,True,52,15,38.5,75.14,1.44,-33.91,0.307,-47.13,0.221,36.5,59.6,False,52,0,7.56,-4.65,1.63
oos,8.0,4.0,0.382,True,52,15,36.5,121.45,2.34,-30.1,0.56,-34.4,0.49,23.1,61.5,True,52,0,12.52,-3.4,3.68
oos,8.0,4.0,0.5,True,52,15,32.7,118.13,2.27,-30.1,0.544,-53.24,0.308,15.4,65.4,True,52,0,11.98,-4.85,2.47
oos,8.0,4.0,0.618,True,52,15,30.8,114.39,2.2,-34.4,0.461,-43.58,0.364,11.5,67.3,True,52,0,11.61,-4.14,2.8
oos,8.0,4.0,1.0,True,52,15,28.8,79.72,1.53,-34.4,0.321,-76.37,0.145,3.8,69.2,False,52,0,7.87,-7.39,1.06
oos,8.0,4.0,100.0,True,52,15,28.8,141.68,2.72,-34.4,0.571,-76.37,0.257,0.0,69.2,True,52,0,14.33,-8.47,1.69
oos,8.0,6.0,0.236,True,52,15,42.3,43.75,0.84,-51.05,0.119,-73.49,0.083,40.4,55.8,False,52,0,4.18,-7.28,0.57
oos,8.0,6.0,0.382,True,52,15,40.4,99.58,1.92,-31.5,0.438,-55.47,0.249,26.9,57.7,False,52,0,10.02,-5.18,1.93
oos,8.0,6.0,0.5,True,52,15,36.5,89.28,1.72,-40.97,0.302,-91.57,0.135,17.3,61.5,False,52,0,8.72,-8.31,1.05
oos,8.0,6.0,0.618,True,52,15,34.6,89.5,1.72,-56.09,0.221,-81.91,0.152,13.5,63.5,False,52,0,8.77,-7.84,1.12
oos,8.0,6.0,1.0,True,52,15,32.7,72.1,1.39,-50.4,0.198,-114.62,0.087,5.8,65.4,False,52,0,6.87,-10.94,0.63
oos,8.0,6.0,100.0,True,52,15,32.7,251.74,4.84,-50.4,0.693,-114.62,0.305,0.0,65.4,True,52,0,26.02,-13.16,1.98
oos,8.0,8.0,0.236,True,52,15,51.9,99.96,1.92,-58.0,0.239,-94.47,0.147,50.0,46.2,False,52,0,9.92,-9.2,1.08
oos,8.0,8.0,0.382,True,52,15,48.1,141.27,2.72,-42.16,0.465,-93.47,0.21,30.8,50.0,True,52,0,14.19,-9.34,1.52
oos,8.0,8.0,0.5,True,52,15,44.2,145.7,2.8,-47.86,0.422,-141.57,0.143,21.2,53.8,True,52,0,14.1,-12.69,1.11
oos,8.0,8.0,0.618,True,52,15,42.3,147.73,2.84,-52.38,0.391,-131.91,0.155,15.4,55.8,True,52,0,14.4,-11.86,1.21
oos,8.0,8.0,1.0,True,52,15,40.4,144.89,2.79,-49.8,0.403,-158.62,0.127,7.7,57.7,True,52,0,13.81,-14.86,0.93
oos,8.0,8.0,100.0,True,52,15,40.4,335.98,6.46,-49.8,0.936,-158.62,0.294,0.0,57.7,True,52,0,34.61,-16.27,2.13
oos,8.0,12.0,0.236,True,52,15,61.5,87.49,1.68,-71.36,0.17,-137.76,0.088,53.8,36.5,False,52,0,8.32,-13.22,0.63
oos,8.0,12.0,0.382,True,52,15,57.7,143.85,2.77,-55.52,0.359,-125.39,0.159,34.6,38.5,True,52,0,14.25,-11.84,1.2
oos,8.0,12.0,0.5,True,52,15,53.8,143.06,2.75,-49.2,0.403,-159.89,0.124,23.1,42.3,True,52,0,13.56,-15.18,0.89
oos,8.0,12.0,0.618,True,52,15,51.9,146.84,2.82,-49.2,0.414,-148.26,0.137,17.3,44.2,True,52,0,14.04,-14.21,0.99
oos,8.0,12.0,1.0,True,52,15,50.0,148.1,2.85,-49.2,0.417,-182.94,0.112,7.7,46.2,True,52,0,13.88,-17.17,0.81
oos,8.0,12.0,100.0,True,52,15,50.0,339.19,6.52,-49.2,0.956,-182.94,0.257,0.0,46.2,True,52,0,34.75,-19.19,1.81
oos,10.0,2.0,0.236,True,31,13,9.7,-40.76,-1.31,-38.46,-0.19,-49.74,-0.147,6.5,90.3,False,31,0,-4.02,-5.09,-0.79
oos,10.0,2.0,0.382,True,31,13,6.5,-51.11,-1.65,-53.77,-0.171,-48.81,-0.188,3.2,93.5,False,31,0,-5.0,-5.0,-1.0
oos,10.0,2.0,0.5,True,31,13,6.5,-46.65,-1.5,-53.77,-0.156,-44.35,-0.189,3.2,93.5,False,31,0,-4.59,-4.59,-1.0
oos,10.0,2.0,0.618,True,31,13,6.5,-42.18,-1.36,-53.77,-0.141,-39.88,-0.19,3.2,93.5,False,31,0,-4.17,-4.17,-1.0
oos,10.0,2.0,1.0,True,31,13,6.5,-55.67,-1.8,-53.77,-0.186,-53.37,-0.187,0.0,93.5,False,31,0,-5.43,-5.43,-1.0
oos,10.0,2.0,100.0,True,31,13,6.5,-55.67,-1.8,-53.77,-0.186,-53.37,-0.187,0.0,93.5,False,31,0,-5.43,-5.43,-1.0
oos,10.0,3.0,0.236,True,31,13,16.1,-27.27,-0.88,-29.32,-0.167,-48.77,-0.1,12.9,83.9,False,31,0,-2.72,-5.14,-0.53
oos,10.0,3.0,0.382,True,31,13,12.9,-46.04,-1.49,-51.14,-0.162,-58.65,-0.141,3.2,87.1,False,31,0,-4.52,-4.78,-0.95
oos,10.0,3.0,0.5,True,31,13,12.9,-41.58,-1.34,-51.14,-0.146,-54.19,-0.138,3.2,87.1,False,31,0,-4.1,-4.36,-0.94
oos,10.0,3.0,0.618,True,31,13,12.9,-37.11,-1.2,-51.14,-0.13,-49.72,-0.134,3.2,87.1,False,31,0,-3.68,-3.94,-0.93
oos,10.0,3.0,1.0,True,31,13,12.9,-50.6,-1.63,-51.14,-0.178,-63.21,-0.144,0.0,87.1,False,31,0,-4.95,-5.21,-0.95
oos,10.0,3.0,100.0,True,31,13,12.9,-50.6,-1.63,-51.14,-0.178,-63.21,-0.144,0.0,87.1,False,31,0,-4.95,-5.21,-0.95
oos,10.0,4.0,0.236,True,31,13,22.6,-5.71,-0.18,-34.4,-0.03,-58.74,-0.017,19.4,77.4,False,31,0,-0.77,-6.12,-0.13
oos,10.0,4.0,0.382,True,31,13,19.4,-33.34,-1.08,-54.39,-0.11,-53.21,-0.113,3.2,80.6,False,31,0,-3.39,-4.42,-0.77
oos,10.0,4.0,0.5,True,31,13,19.4,-28.88,-0.93,-54.39,-0.095,-48.75,-0.106,3.2,80.6,False,31,0,-2.97,-3.99,-0.74
oos,10.0,4.0,0.618,True,31,13,19.4,-24.41,-0.79,-54.39,-0.081,-45.87,-0.096,3.2,80.6,False,31,0,-2.54,-3.57,-0.71
oos,10.0,4.0,1.0,True,31,13,19.4,-37.9,-1.22,-54.39,-0.125,-57.77,-0.118,0.0,80.6,False,31,0,-3.83,-4.84,-0.79
oos,10.0,4.0,100.0,True,31,13,19.4,-37.9,-1.22,-54.39,-0.125,-57.77,-0.118,0.0,80.6,False,31,0,-3.83,-4.84,-0.79
oos,10.0,6.0,0.236,True,31,13,45.2,75.85,2.45,-25.2,0.541,-57.89,0.235,32.3,51.6,True,31,0,7.48,-5.65,1.32
oos,10.0,6.0,0.382,True,31,13,41.9,54.7,1.76,-44.1,0.223,-54.94,0.179,9.7,54.8,False,31,0,5.24,-5.14,1.02
oos,10.0,6.0,0.5,True,31,13,41.9,77.44,2.5,-44.1,0.315,-50.48,0.276,9.7,54.8,True,31,0,7.53,-4.72,1.6
oos,10.0,6.0,0.618,True,31,13,41.9,100.19,3.23,-44.1,0.408,-46.01,0.391,9.7,54.8,True,31,0,9.83,-4.3,2.29
oos,10.0,6.0,1.0,True,31,13,41.9,102.94,3.32,-44.1,0.419,-59.5,0.311,3.2,54.8,True,31,0,9.99,-5.56,1.8
oos,10.0,6.0,100.0,True,31,13,41.9,113.98,3.68,-44.1,0.464,-59.5,0.344,0.0,54.8,True,31,0,11.09,-5.56,1.99
oos,10.0,8.0,0.236,True,31,13,48.4,75.0,2.42,-24.9,0.541,-72.0,0.187,35.5,41.9,True,31,0,7.36,-7.0,1.05
oos,10.0,8.0,0.382,True,31,13,45.2,59.04,1.9,-24.9,0.426,-69.42,0.153,12.9,45.2,False,31,0,5.66,-5.95,0.95
oos,10.0,8.0,0.5,True,31,13,45.2,87.6,2.83,-24.9,0.632,-64.96,0.242,12.9,45.2,True,31,0,8.57,-5.53,1.55
oos,10.0,8.0,0.618,True,31,13,45.2,116.16,3.75,-24.9,0.838,-60.49,0.345,12.9,45.2,True,31,0,11.53,-5.12,2.25
oos,10.0,8.0,1.0,True,31,13,45.2,137.73,4.44,-24.9,0.993,-73.98,0.334,6.5,45.2,True,31,0,13.73,-6.37,2.16
oos,10.0,8.0,100.0,True,31,13,45.2,254.71,8.22,-24.9,1.837,-73.98,0.618,0.0,45.2,True,31,0,26.46,-6.37,4.15
oos,10.0,12.0,0.236,True,31,13,54.8,79.98,2.58,-24.6,0.584,-86.07,0.167,38.7,29.0,True,31,0,7.8,-8.35,0.93
oos,10.0,12.0,0.382,True,31,13,48.4,37.48,1.21,-40.55,0.166,-92.84,0.073,12.9,35.5,False,31,0,3.3,-8.98,0.37
oos,10.0,12.0,0.5,True,31,13,48.4,66.04,2.13,-40.55,0.293,-88.38,0.134,12.9,35.5,True,31,0,6.15,-8.58,0.72
oos,10.0,12.0,0.618,True,31,13,48.4,94.6,3.05,-40.55,0.419,-83.91,0.202,12.9,35.5,True,31,0,9.04,-8.18,1.11
oos,10.0,12.0,1.0,True,31,13,48.4,116.17,3.75,-40.55,0.515,-97.4,0.214,6.5,35.5,True,31,0,11.19,-9.39,1.19
oos,10.0,12.0,100.0,True,31,13,48.4,233.15,7.52,-40.55,1.033,-97.4,0.43,0.0,35.5,True,31,0,23.64,-9.39,2.52
