,kapital_zu_marktpreisen
2022-03-17,102.62524496149453
2022-03-18,103.05070440977764
2022-03-19,102.83331546333919
2022-03-20,102.51704975073666
2022-03-21,102.5589930159187
2022-03-22,103.62805085248972
2022-03-23,103.55846744469255
2022-03-24,105.23526393491663
2022-03-25,104.13159414106929
2022-03-26,104.50168549328353
2022-03-27,105.17388012225886
2022-03-28,105.1443120338543
2022-03-29,105.9734181524984
2022-03-30,105.72593528359224
2022-03-31,105.08335733090966
2022-04-01,105.46506541856417
2022-04-02,104.91445623655774
2022-04-03,105.68667331185446
2022-04-04,105.1326840548345
2022-04-05,104.7199088128953
2022-04-06,103.79463185651817
2022-04-07,105.13511962274289
2022-04-08,103.81919433375646
2022-04-09,104.19619849078548
2022-04-10,103.86254427063437
2022-04-11,103.49325408994011
2022-04-12,103.30806284210819
2022-04-13,103.59110755616906
2022-04-14,103.31738954607727
2022-04-15,103.40791166729387
2022-04-16,103.38337625457993
2022-04-17,103.17576545011491
2022-04-18,103.01203007589736
2022-04-19,103.44543591511423
2022-04-20,103.16179260521218
2022-04-21,102.05533750808333
2022-04-22,101.6826999317681
2022-04-23,101.59382402226689
2022-04-24,101.58751765706062
2022-04-25,101.22286506904466
2022-04-26,100.00828206599446
2022-04-27,100.30059976053435
2022-04-28,100.66255305173624
2022-04-29,99.5961655037708
2022-04-30,99.63267624481138
2022-05-01,99.55808548741778
2022-05-02,99.79035580050912
2022-05-03,100.09005881895312
2022-05-04,100.89073442708131
2022-05-05,99.03588075222636
2022-05-06,98.8798964564693
2022-05-07,99.33281912949894
2022-05-08,99.2462900055524
2022-05-09,98.1960103922644
2022-05-10,98.29191083110398
2022-05-11,96.22741530358365
2022-05-12,97.30288756949379
2022-05-13,98.44236091317086
2022-05-14,98.74845448052672
2022-05-15,99.36458555135562
2022-05-16,98.19128621315305
2022-05-17,99.42481941053006
2022-05-18,97.40812420064445
2022-05-19,98.30363870410338
2022-05-20,97.69844548927797
2022-05-21,98.0640392483312
2022-05-22,98.47283407851043
2022-05-23,97.69391977727001
2022-05-24,97.36770354547492
2022-05-25,97.65908313317139
2022-05-26,98.3638392734
2022-05-27,98.77411947272728
2022-05-28,98.84564888825109
2022-05-29,98.88868717880148
2022-05-30,99.16276024311655
2022-05-31,98.71523095897116
2022-06-01,98.00334588584008
2022-06-02,98.54772000070598
2022-06-03,98.25847667680661
2022-06-04,98.20485344872972
2022-06-05,98.30702321659216
2022-06-06,98.79436965359989
2022-06-07,98.47347228884776
2022-06-08,98.23196410821716
2022-06-09,97.73221710156987
2022-06-10,96.91709375540705
2022-06-11,97.18843425276731
2022-06-12,97.2429861244946
2022-06-13,95.53789674064798
2022-06-14,94.90410784581555
2022-06-15,95.36461062696789
2022-06-16,94.48571503976096
2022-06-17,94.39048939997224
2022-06-18,93.31387155047655
2022-06-19,94.33194686206441
2022-06-20,94.34171868482055
2022-06-21,95.06513084088651
2022-06-22,94.67143551401053
2022-06-23,94.97137973158453
2022-06-24,95.71782454859267
2022-06-25,95.30163749898675
2022-06-26,95.19120084094475
2022-06-27,95.0098686421403
2022-06-28,95.14201832308136
2022-06-29,94.9799240207382
2022-06-30,94.78843891480021
2022-07-01,94.82716057445984
2022-07-02,94.84235776989334
2022-07-03,94.87016688606884
2022-07-04,95.1581226636601
2022-07-05,94.78116099794711
2022-07-06,95.15024140705448
2022-07-07,95.84107067855226
2022-07-08,95.68413130994765
2022-07-09,95.72199767952358
2022-07-10,95.50011386631424
2022-07-11,95.02028769336994
2022-07-12,94.96865100488671
2022-07-13,94.84299577063194
2022-07-14,94.93070273855278
2022-07-15,95.50006554507395
2022-07-16,95.97094465000605
2022-07-17,95.50900616345668
2022-07-18,96.84327991335415
2022-07-19,98.1028596713968
2022-07-20,97.6423587181885
2022-07-21,98.24966750372249
2022-07-22,97.26946478936328
2022-07-23,97.84210795392745
2022-07-24,97.17821600881454
2022-07-25,96.83134255078265
2022-07-26,96.63387941486242
2022-07-27,97.82618989755566
2022-07-28,98.3251480459074
2022-07-29,98.30766740226609
2022-07-30,98.31360229669325
2022-07-31,98.11384740803656
2022-08-01,97.92605398333647
2022-08-02,97.61908470510772
2022-08-03,98.22365383193326
2022-08-04,98.7771014834895
2022-08-05,100.37193737340162
2022-08-06,98.73050340889388
2022-08-07,98.86448833842682
2022-08-08,98.89513492252684
2022-08-09,98.52855107629716
2022-08-10,99.54495138326182
2022-08-11,99.22064201534737
2022-08-12,99.64080990206557
2022-08-13,99.59505603272555
2022-08-14,99.46034198780181
2022-08-15,99.19421935041763
2022-08-16,99.39209675144038
2022-08-17,98.90746990590496
2022-08-18,98.88039569773693
2022-08-19,98.37732805983201
2022-08-20,98.31119147714432
2022-08-21,98.53371740716868
2022-08-22,97.67991615239616
2022-08-23,97.71439362026518
2022-08-24,97.95170779280147
2022-08-25,98.6036320341904
2022-08-26,96.6665732957035
2022-08-27,96.98712078819814
2022-08-28,96.69747898999653
2022-08-29,96.5576133637444
2022-08-30,96.06137086950164
2022-08-31,96.09005603160188
2022-09-01,96.21100889370356
2022-09-02,96.1366697921689
2022-09-03,96.20740381353414
2022-09-04,96.42677323394577
2022-09-05,96.5050242223812
2022-09-06,95.81899352601023
2022-09-07,96.41628072471012
2022-09-08,97.0267230221092
2022-09-09,97.21657590083194
2022-09-10,97.26127434181066
2022-09-11,97.19881604327472
2022-09-12,97.28674366850406
2022-09-13,96.02468106593142
2022-09-14,96.29981758635083
2022-09-15,96.39229691484465
2022-09-16,95.88412557884844
2022-09-17,96.15933075571563
2022-09-18,95.92560917407859
2022-09-19,95.9929734103997
2022-09-20,95.36825632125799
2022-09-21,94.72600770257995
2022-09-22,94.9803511861101
2022-09-23,94.5685764774029
2022-09-24,94.73836180628003
2022-09-25,94.68728679581362
2022-09-26,94.60753786376792
2022-09-27,94.55321180033322
2022-09-28,94.76068323002256
2022-09-29,94.6184787512143
2022-09-30,94.2195734198482
2022-10-01,94.47137847151902
2022-10-02,94.36410963193055
2022-10-03,94.47753964347741
2022-10-04,95.41347493777386
2022-10-05,95.44216945913688
2022-10-06,95.27909091817965
2022-10-07,94.22862228775797
2022-10-08,94.40537004725552
2022-10-09,94.46720880929821
2022-10-10,93.94110391328472
2022-10-11,93.64287681971625
2022-10-12,93.74740874864057
2022-10-13,93.88010339785039
2022-10-14,93.64995791088083
2022-10-15,93.51903674048711
2022-10-16,93.65219939468702
2022-10-17,94.46743215376169
2022-10-18,94.55511812032432
2022-10-19,93.83151416795815
2022-10-20,93.74197281750595
2022-10-21,94.27149420501138
2022-10-22,94.4907725878102
2022-10-23,94.7672429784923
2022-10-24,94.89813023259131
2022-10-25,95.89585503090089
2022-10-26,96.53632361317328
2022-10-27,95.87947402435186
2022-10-28,96.29272126475932
2022-10-29,96.369374757011
2022-10-30,96.3186907315604
2022-10-31,96.48321086452692
2022-11-01,96.14915735438558
2022-11-02,95.76785375026351
2022-11-03,95.92396499533139
2022-11-04,96.46095761960692
2022-11-05,96.40931306746658
2022-11-06,95.4416914452197
2022-11-07,96.15933563581515
2022-11-08,95.89306583348039
2022-11-09,94.1931127495902
2022-11-10,95.92695183969496
2022-11-11,96.3959743512616
2022-11-12,96.01603712489509
2022-11-13,95.95868200793353
2022-11-14,95.88290986285992
2022-11-15,96.32278656730384
2022-11-16,95.69801043512246
2022-11-17,95.11735810595746
2022-11-18,95.382559720248
2022-11-19,95.31895641197539
2022-11-20,95.57322762679419
2022-11-21,94.86149098259827
2022-11-22,95.46881455979994
2022-11-23,96.02213043852683
2022-11-24,95.9571902938687
2022-11-25,95.74845623718011
2022-11-26,95.88457108204435
2022-11-27,95.8422263084125
2022-11-28,95.24434258713313
2022-11-29,95.44151103013988
2022-11-30,96.55860794345153
2022-12-01,96.41010876743954
2022-12-02,96.94619268013776
2022-12-03,96.35257704372245
2022-12-04,96.37867936658625
2022-12-05,95.90952630099503
2022-12-06,95.5151529829563
2022-12-07,95.20425098950932
2022-12-08,95.49619609465367
2022-12-09,95.36743016934338
2022-12-10,95.31804813804584
2022-12-11,95.20234231716927
2022-12-12,95.69125415028151
2022-12-13,95.89192682982835
2022-12-14,95.64203940240003
2022-12-15,94.74594982645348
2022-12-16,93.87045227538658
2022-12-17,94.00089178072864
2022-12-18,94.2382389439226
2022-12-19,93.72923463047297
2022-12-20,94.14379429318828
2022-12-21,94.61512405901863
2022-12-22,93.95608427272995
2022-12-23,94.23273732301206
2022-12-24,94.24447273123076
2022-12-25,94.25040373641826
2022-12-26,94.27413598910681
2022-12-27,94.15307515284422
2022-12-28,93.81283302278626
2022-12-29,94.27365308870006
2022-12-30,94.21714059099531
2022-12-31,94.19482351781542
2023-01-01,94.19978560873642
2023-01-02,94.38962430795229
2023-01-03,94.73042642140396
2023-01-04,95.61977732761926
2023-01-05,95.13506900014971
2023-01-06,96.02564770991725
2023-01-07,96.01177433608152
2023-01-08,96.97252390345315
2023-01-09,96.99837512787693
2023-01-10,96.88069604411396
2023-01-11,97.4348402945154
2023-01-12,97.78464361881558
2023-01-13,97.96789724204665
2023-01-14,98.02601886133564
2023-01-15,97.84584755204641
2023-01-16,97.84443811534771
2023-01-17,97.80887131899446
2023-01-18,97.20163407910832
2023-01-19,97.30798057600606
2023-01-20,98.29419105970304
2023-01-21,98.05643561549613
2023-01-22,98.05484291813754
2023-01-23,98.98217656285856
2023-01-24,98.30183812095581
2023-01-25,99.03038991954669
2023-01-26,99.32843829397478
2023-01-27,99.00940531427817
2023-01-28,98.98479318622222
2023-01-29,98.98479318622222
2023-01-30,98.57720458118177
2023-01-31,98.87720060851927
2023-02-01,98.92129970672931
2023-02-02,99.06182772111241
2023-02-03,99.02315227897523
2023-02-04,98.95458369623302
2023-02-05,98.67423023737598
2023-02-06,98.50862108613008
2023-02-07,99.01600487474344
2023-02-08,98.66185460035203
2023-02-09,98.26920200194057
2023-02-10,98.88695142287233
2023-02-11,98.52667325545639
2023-02-12,98.58960152173019
2023-02-13,98.58166727202456
2023-02-14,98.78925476553096
2023-02-15,99.59278583600644
2023-02-16,98.66174749971053
2023-02-17,98.78044323719216
2023-02-18,99.03568155760674
2023-02-19,99.28438387945302
2023-02-20,99.73724910769641
2023-02-21,98.47603557010798
2023-02-22,98.31365000173203
2023-02-23,99.33501667831216
2023-02-24,98.76471096950246
2023-02-25,98.08237858439682
2023-02-26,98.53272246846684
2023-02-27,98.25648398958215
2023-02-28,97.88635164707402
2023-03-01,98.25809893441289
2023-03-02,98.32370491874805
2023-03-03,98.22469066833955
2023-03-04,98.24715351955513
2023-03-05,98.21479599855394
2023-03-06,98.33564204095713
2023-03-07,97.71783858909177
2023-03-08,97.52711176534028
2023-03-09,96.91078426864685
2023-03-10,96.47399215183601
2023-03-11,96.50522227065278
2023-03-12,97.48521118663231
2023-03-13,97.53699468228488
2023-03-14,98.51895867477292
2023-03-15,96.88826610253959
2023-03-16,98.05932401035365
2023-03-17,98.44216570727544
2023-03-18,98.04023196578007
2023-03-19,98.33434007863774
2023-03-20,99.11655778545041
2023-03-21,99.23238243573402
2023-03-22,98.46866376032591
2023-03-23,98.58875140615703
2023-03-24,98.55180122207118
2023-03-25,98.56520346441945
2023-03-26,98.57918013844741
2023-03-27,98.62657871263114
2023-03-28,98.68233518896669
2023-03-29,99.17171221668995
2023-03-30,99.21865923390199
2023-03-31,99.74865538373143
2023-04-01,99.84050209344062
2023-04-02,99.32473328695214
2023-04-03,99.43867844723971
2023-04-04,99.72454560227204
2023-04-05,99.58451489422026
2023-04-06,99.49122613059777
2023-04-07,99.51311254922489
2023-04-08,99.38570960929096
2023-04-09,99.50219241785084
2023-04-10,99.8655881429117
2023-04-11,100.047029427419
2023-04-12,100.06434860240812
2023-04-13,100.84980504677037
2023-04-14,100.96951136539316
2023-04-15,100.95756411048171
2023-04-16,101.22717700807523
2023-04-17,100.81991171885787
2023-04-18,101.65082828083146
2023-04-19,99.91602027096394
2023-04-20,99.60556718101905
2023-04-21,99.14277352595646
2023-04-22,99.53055728276456
2023-04-23,99.36101235845103
2023-04-24,99.11750513735629
2023-04-25,98.51200173473119
2023-04-26,98.12813734534501
2023-04-27,99.19897946333782
2023-04-28,99.52148274106852
2023-04-29,99.58002510890086
2023-04-30,99.45216492614313
2023-05-01,98.55995515865841
2023-05-02,98.49029436505906
2023-05-03,98.3381609938114
2023-05-04,97.82535212150299
2023-05-05,98.81124799991755
2023-05-06,98.66865523601794
2023-05-07,98.93002852597834
2023-05-08,98.58331425560964
2023-05-09,98.7291040303822
2023-05-10,99.34938703698431
2023-05-11,98.1087414043413
2023-05-12,98.08307881476976
2023-05-13,98.15444013361999
2023-05-14,98.20731282243048
2023-05-15,98.40742587919443
2023-05-16,98.19736847175149
2023-05-17,98.5758210262417
2023-05-18,99.28704563169913
2023-05-19,98.96217941125941
2023-05-20,98.93864689365515
2023-05-21,98.79359750941481
2023-05-22,98.84062885363694
2023-05-23,98.50655355803863
2023-05-24,97.91443391115295
2023-05-25,98.29780237788302
2023-05-26,99.24881560464462
2023-05-27,99.35685616122831
2023-05-28,99.6386998525661
2023-05-29,99.3847816898276
2023-05-30,99.29339242963366
2023-05-31,98.7778652688156
2023-06-01,98.97096428642172
2023-06-02,99.78450141967657
2023-06-03,99.74326968667032
2023-06-04,99.85211743000364
2023-06-05,99.47868164909234
2023-06-06,99.79632732831928
2023-06-07,99.43029871873046
2023-06-08,99.81991415381779
2023-06-09,99.69336304714732
2023-06-10,99.34774637124626
2023-06-11,99.52437061474949
2023-06-12,99.90102003601949
2023-06-13,100.18878165590277
2023-06-14,99.37457473541795
2023-06-15,99.90263546467996
2023-06-16,100.43103990666677
2023-06-17,100.3753045187031
2023-06-18,100.36506477755108
2023-06-19,100.70127170406977
2023-06-20,101.49914038544972
2023-06-21,101.26820459778489
2023-06-22,101.15180217030525
2023-06-23,101.07351439772727
2023-06-24,100.88242655598866
2023-06-25,101.7697005467645
2023-06-26,101.36416548421292
2023-06-27,101.80136249239249
2023-06-28,101.27255542532043
2023-06-29,101.61060917306361
2023-06-30,101.92247049218552
2023-07-01,101.87187574712445
2023-07-02,101.80503467683243
2023-07-03,102.02783459184982
2023-07-04,101.88669523671659
2023-07-05,101.54413748354295
2023-07-06,100.78176507004149
2023-07-07,101.09893266219798
2023-07-08,101.13641821246658
2023-07-09,101.01375022929686
2023-07-10,101.31263606506694
2023-07-11,101.25213142654256
2023-07-12,101.57667204854698
2023-07-13,102.29322951433775
2023-07-14,101.24629664463563
2023-07-15,101.65509173211325
2023-07-16,101.29640412254678
2023-07-17,101.37902671475804
2023-07-18,101.7111101603065
2023-07-19,101.8194280047586
2023-07-20,101.76661696839923
2023-07-21,101.8458689170524
2023-07-22,101.56679354029707
2023-07-23,101.61515303004781
2023-07-24,102.15396604739651
2023-07-25,101.95902182678357
2023-07-26,102.1580400411697
2023-07-27,101.91870360059352
2023-07-28,102.12362976976897
2023-07-29,102.17979972584637
2023-07-30,101.85808948010212
2023-07-31,101.96121642620275
2023-08-01,102.35196514092718
2023-08-02,101.10081841812617
2023-08-03,101.0017435960751
2023-08-04,100.98053465437779
2023-08-05,101.03194087220996
2023-08-06,101.04218675960078
2023-08-07,101.20186722455006
2023-08-08,101.09133992054404
2023-08-09,101.06941907061227
2023-08-10,100.84749105499004
2023-08-11,100.78831043952538
2023-08-12,100.91092178890307
2023-08-13,100.82592955034357
2023-08-14,101.11975993662433
2023-08-15,100.11063197651993
2023-08-16,99.39432126326
2023-08-17,98.62890725895606
2023-08-18,98.95740760073404
2023-08-19,99.11751444665157
2023-08-20,99.1803074941284
2023-08-21,99.29336799826821
2023-08-22,98.97274166063431
2023-08-23,99.43729935567453
2023-08-24,98.37236217653093
2023-08-25,98.63613056804115
2023-08-26,98.76912630087747
2023-08-27,98.88948204250539
2023-08-28,98.97653414143193
2023-08-29,99.67636550521
2023-08-30,99.32972642312755
2023-08-31,98.86024536140096
2023-09-01,98.92626578466394
2023-09-02,99.05335913558129
2023-09-03,99.06674483167245
2023-09-04,98.95481396882545
2023-09-05,98.92860545109129
2023-09-06,99.07257106136926
2023-09-07,99.12033460711172
2023-09-08,98.92552443253904
2023-09-09,98.93933880574187
2023-09-10,98.72132861001509
2023-09-11,98.6936464096174
2023-09-12,98.75415255839746
2023-09-13,98.72720054003638
2023-09-14,99.25364622086882
2023-09-15,99.13143386000131
2023-09-16,99.30883113021495
2023-09-17,99.01493469397542
2023-09-18,99.20753100160015
2023-09-19,99.27327057595838
2023-09-20,99.05375775013019
2023-09-21,98.22824612285535
2023-09-22,98.42218870931289
2023-09-23,97.68438136082102
2023-09-24,97.65681925229846
2023-09-25,98.15189624536683
2023-09-26,98.3537513267184
2023-09-27,97.79981577848834
2023-09-28,98.17081049090895
2023-09-29,98.00729486730337
2023-09-30,98.20751877590023
2023-10-01,98.47889335350936
2023-10-02,98.00827542306811
2023-10-03,97.67744457755757
2023-10-04,97.73191277556876
2023-10-05,97.81967204658007
2023-10-06,98.06502525630684
2023-10-07,98.02388499765647
2023-10-08,97.98924724635732
2023-10-09,97.99014423007844
2023-10-10,98.36955948269556
2023-10-11,98.21853895714548
2023-10-12,97.83868661470801
2023-10-13,97.74296461564195
2023-10-14,97.7853138128196
2023-10-15,97.86611391062522
2023-10-16,98.22039233752874
2023-10-17,98.1868070405201
2023-10-18,97.55576078375346
2023-10-19,96.88118136079534
2023-10-20,96.97248045926335
2023-10-21,97.49989033958158
2023-10-22,98.14710022878126
2023-10-23,99.27505599270347
2023-10-24,99.09359994514092
2023-10-25,99.41310162644322
2023-10-26,99.15270762723303
2023-10-27,98.84240244370055
2023-10-28,98.6801164587663
2023-10-29,99.47534849650245
2023-10-30,99.29181850740537
2023-10-31,100.01601370844735
2023-11-01,100.26116257438609
2023-11-02,100.67031518745787
2023-11-03,101.68589413912453
2023-11-04,100.92182857408746
2023-11-05,101.7427878418366
2023-11-06,101.36929701943473
2023-11-07,101.4055076417725
2023-11-08,101.25827005769233
2023-11-09,101.07035730573136
2023-11-10,101.69739202633355
2023-11-11,101.6732899668421
2023-11-12,101.6491919036345
2023-11-13,101.92629168427113
2023-11-14,102.00372261386912
2023-11-15,102.81351897517217
2023-11-16,102.26722947180927
2023-11-17,101.97683554682509
2023-11-18,102.12935327889612
2023-11-19,102.8567430924811
2023-11-20,102.64900950015571
2023-11-21,102.70701815558066
2023-11-22,103.32959474726896
2023-11-23,103.05955911980669
2023-11-24,103.3781673225466
2023-11-25,103.18709697571305
2023-11-26,103.05912416932613
2023-11-27,103.04502135966924
2023-11-28,103.21647188246136
2023-11-29,103.15345403914421
2023-11-30,103.3871010083462
2023-12-01,103.76220689710851
2023-12-02,103.87231408860049
2023-12-03,103.84850043527346
2023-12-04,103.82121624091869
2023-12-05,103.97585140265525
2023-12-06,103.78457414856153
2023-12-07,104.27368482007583
2023-12-08,104.97386308756528
2023-12-09,104.7025255204522
2023-12-10,104.85690364373305
2023-12-11,104.68563545424524
2023-12-12,104.77813794812032
2023-12-13,105.4132921554285
2023-12-14,106.30091503027472
2023-12-15,105.43876230065274
2023-12-16,105.99153211232385
2023-12-17,106.04105845794663
2023-12-18,105.54982455935931
2023-12-19,106.04616403469073
2023-12-20,105.50064468947627
2023-12-21,106.58571964158011
2023-12-22,106.86034568721423
2023-12-23,107.31849157112367
2023-12-24,106.6044837650513
2023-12-25,107.20627216483706
2023-12-26,107.2370770201741
2023-12-27,107.694404616497
2023-12-28,108.69596484574586
2023-12-29,107.19542293572098
2023-12-30,106.92313220876864
2023-12-31,106.78882686228978
2024-01-01,106.92169666427806
2024-01-02,107.30307448504752
2024-01-03,106.09245069405671
2024-01-04,106.63888180090413
2024-01-05,106.31725710305714
2024-01-06,105.92009843387166
2024-01-07,105.11046030300665
2024-01-08,106.34911295851475
2024-01-09,105.10073023628829
2024-01-10,106.81113145997693
2024-01-11,107.09764965388132
2024-01-12,106.67247419551089
2024-01-13,107.72244106014878
2024-01-14,106.96556998995491
2024-01-15,106.84975382604786
2024-01-16,106.58032590142695
2024-01-17,106.04011604253071
2024-01-18,106.286379029664
2024-01-19,106.72457424359345
2024-01-20,107.01420343045987
2024-01-21,106.67728786783393
2024-01-22,105.85570577865009
2024-01-23,106.16935397994527
2024-01-24,106.47605225929192
2024-01-25,106.81619359230511
2024-01-26,108.24439963040162
2024-01-27,108.04317636309221
2024-01-28,107.85666268149608
2024-01-29,109.0188947714566
2024-01-30,109.08337142265358
2024-01-31,108.17289716344158
2024-02-01,109.24181809028035
2024-02-02,108.8416303722304
2024-02-03,107.86181849084713
2024-02-04,108.58652297829678
2024-02-05,108.3599531121599
2024-02-06,108.6542843598635
2024-02-07,109.32152625428559
2024-02-08,109.2434682623069
2024-02-09,109.74894146578774
2024-02-10,109.83740888265636
2024-02-11,109.73135934693971
2024-02-12,110.51426086820585
2024-02-13,109.97245664327804
2024-02-14,111.55725683809436
2024-02-15,114.18756130533941
2024-02-16,113.85330572017394
2024-02-17,114.2518288233195
2024-02-18,114.53881869880986
2024-02-19,116.27622569482058
2024-02-20,115.37955364387327
2024-02-21,116.71695267570595
2024-02-22,116.06687485291717
2024-02-23,116.38618876695693
2024-02-24,117.561123149773
2024-02-25,116.83311173327884
2024-02-26,117.49465462723413
2024-02-27,119.65444470200526
2024-02-28,118.53910314833209
2024-02-29,118.79086696618853
2024-03-01,120.17097375753156
2024-03-02,120.62958882320002
2024-03-03,121.85277355379232
2024-03-04,123.36491749685555
2024-03-05,125.53779188602644
2024-03-06,122.5310970646907
2024-03-07,122.6707570860221
2024-03-08,122.94054888967112
2024-03-09,122.66654983971542
2024-03-10,122.66576746549512
2024-03-11,122.84359883531064
2024-03-12,123.36672072016358
2024-03-13,123.60565629900242
2024-03-14,122.93666138284982
2024-03-15,123.52875333764803
2024-03-16,122.26638867974341
2024-03-17,122.46492658748122
2024-03-18,121.73026833529187
2024-03-19,119.26724437409439
2024-03-20,121.3868768665134
2024-03-21,122.00070811936149
2024-03-22,121.34609566212129
2024-03-23,121.47900786689846
2024-03-24,123.09197716236955
2024-03-25,123.43863232039902
2024-03-26,123.73664646110336
2024-03-27,123.53342574042159
2024-03-28,124.6250939247403
2024-03-29,124.33875691653625
2024-03-30,124.05730659157285
2024-03-31,123.52602649421073
2024-04-01,123.38581794201238
2024-04-02,123.56547787625354
2024-04-03,122.90721350990518
2024-04-04,123.27144898202482
2024-04-05,122.93021037634625
2024-04-06,123.18175146926845
2024-04-07,123.5786407700399
2024-04-08,124.09168794638154
2024-04-09,123.39934183805786
2024-04-10,122.75304224901089
2024-04-11,122.62977508615583
2024-04-12,120.12931858002196
2024-04-13,119.22598302947162
2024-04-14,121.05174504531124
2024-04-15,119.63655066379829
2024-04-16,119.63643542305755
2024-04-17,119.56122631639246
2024-04-18,119.27967613298162
2024-04-19,119.58723671292154
2024-04-20,121.0048102570212
2024-04-21,121.05345945872386
2024-04-22,122.46582828351143
2024-04-23,123.62192005213527
2024-04-24,121.29186415891502
2024-04-25,121.07774154719695
2024-04-26,121.26100828621571
2024-04-27,121.33453830092688
2024-04-28,121.19743032712523
2024-04-29,121.24455347707061
2024-04-30,121.1184164563679
2024-05-01,121.20131644331767
2024-05-02,121.86079445924477
2024-05-03,124.07301562220741
2024-05-04,123.79066058988138
2024-05-05,124.4516551791084
2024-05-06,124.9455609930358
2024-05-07,124.13221013478349
2024-05-08,123.71791961964061
2024-05-09,124.61422082918233
2024-05-10,123.86388412468631
2024-05-11,124.39824241005982
2024-05-12,123.52691591829935
2024-05-13,123.66558581989375
2024-05-14,123.59960404599084
2024-05-15,124.003284738313
2024-05-16,123.63103686029663
2024-05-17,124.47998469959464
2024-05-18,124.48146988910338
2024-05-19,124.09646094359346
2024-05-20,127.3931869869767
2024-05-21,127.4675743339878
2024-05-22,126.69627360953827
2024-05-23,126.41219611037548
2024-05-24,126.97653607192338
2024-05-25,129.50267376054975
2024-05-26,127.2756063041674
2024-05-27,128.03973164493647
2024-05-28,127.05598122989714
2024-05-29,127.03454850517022
2024-05-30,127.03943057503605
2024-05-31,126.7997509620992
2024-06-01,127.02178359115358
2024-06-02,127.10717801223885
2024-06-03,127.13293435259949
2024-06-04,128.43775330722818
2024-06-05,128.70963753520942
2024-06-06,128.57778473399642
2024-06-07,127.51713216077204
2024-06-08,127.43606388751374
2024-06-09,127.91257092457876
2024-06-10,127.18905031600613
2024-06-11,126.47414177604006
2024-06-12,126.65655958492917
2024-06-13,125.42230467837445
2024-06-14,125.52952221557987
2024-06-15,126.02564915829795
2024-06-16,126.229937241589
2024-06-17,125.48356669887184
2024-06-18,124.68822254846843
2024-06-19,125.44210920961174
2024-06-20,125.58643530863229
2024-06-21,125.33383243920585
2024-06-22,125.34990518900169
2024-06-23,125.11331134457717
2024-06-24,125.20964511422072
2024-06-25,125.45993848273172
2024-06-26,125.09937393606228
2024-06-27,125.83560779564357
2024-06-28,124.93192685719487
2024-06-29,125.04957645838921
2024-06-30,125.32642730974833
2024-07-01,125.20610216638883
2024-07-02,125.41557763729948
2024-07-03,124.68556185597183
2024-07-04,123.59210394186147
2024-07-05,124.38185591883102
2024-07-06,124.95836438589075
2024-07-07,124.08569268232401
2024-07-08,124.0646630000919
2024-07-09,124.62620826418267
2024-07-10,124.89401885657722
2024-07-11,125.06767668844502
2024-07-12,125.45267513870155
2024-07-13,125.79794906388449
2024-07-14,126.81770363658819
2024-07-15,128.43915680768325
2024-07-16,128.81857716019226
2024-07-17,128.22913083265902
2024-07-18,127.34814813008259
2024-07-19,127.33359328396023
2024-07-20,127.79004730761395
2024-07-21,127.62433733869359
2024-07-22,129.1113005844156
2024-07-23,128.44626960692034
2024-07-24,127.9706391422658
2024-07-25,127.33189235246859
2024-07-26,128.28215102540773
2024-07-27,128.39363672977356
2024-07-28,128.2402196026154
2024-07-29,128.06409276879825
2024-07-30,127.73378821871802
2024-07-31,128.02290032994338
2024-08-01,127.63008668701907
2024-08-02,125.33128357102672
2024-08-03,125.96519833962611
2024-08-04,125.09462626513618
2024-08-05,123.71742846050235
2024-08-06,125.46516000828235
2024-08-07,125.04429805685527
2024-08-08,126.85914984213133
2024-08-09,126.92100592123006
2024-08-10,127.3892332925592
2024-08-11,126.03673605477319
2024-08-12,127.25353599285205
2024-08-13,127.69974247365573
2024-08-14,128.29066272006247
2024-08-15,130.30432311742362
2024-08-16,128.2634690554955
2024-08-17,128.19637286571407
2024-08-18,128.25760773429084
2024-08-19,128.77173273653298
2024-08-20,128.92982556919912
2024-08-21,129.458298148964
2024-08-22,129.42155964153014
2024-08-23,130.8328243996133
2024-08-24,130.70401634326907
2024-08-25,129.55935493345802
2024-08-26,129.9430519103353
2024-08-27,128.76898028637066
2024-08-28,128.78741663351724
2024-08-29,128.8071305186635
2024-08-30,128.87636325107695
2024-08-31,128.69867780623855
2024-09-01,128.0500038133045
2024-09-02,128.28191511112772
2024-09-03,127.5785974909536
2024-09-04,127.59289932358634
2024-09-05,126.82251120601944
2024-09-06,126.48805441096651
2024-09-07,127.17050760495684
2024-09-08,127.4230110671985
2024-09-09,128.6095138005176
2024-09-10,128.7644950766179
2024-09-11,128.1628649022339
2024-09-12,129.16751268311938
2024-09-13,129.03599553154925
2024-09-14,129.0829878145185
2024-09-15,128.7026567073329
2024-09-16,128.9732614831489
2024-09-17,128.9594426896263
2024-09-18,128.92464665624743
2024-09-19,129.19814347291404
2024-09-20,129.2460188432763
2024-09-21,129.63930037363835
2024-09-22,128.7542019523442
2024-09-23,129.56267915801217
2024-09-24,130.02122279224338
2024-09-25,129.619865299824
2024-09-26,130.72644392658415
2024-09-27,131.20255205872186
2024-09-28,131.11286113867914
2024-09-29,131.1473407684107
2024-09-30,130.51172123236375
2024-10-01,129.29278250983657
2024-10-02,128.6552343941927
2024-10-03,128.31515932363013
2024-10-04,129.627989192896
2024-10-05,129.47464530247
2024-10-06,129.91473645525744
2024-10-07,129.15931036052277
2024-10-08,129.34117263198183
2024-10-09,128.8430861584052
2024-10-10,129.73699448039787
2024-10-11,130.8808948714076
2024-10-12,131.00134773730397
2024-10-13,131.69515673961178
2024-10-14,131.62678212943777
2024-10-15,131.19519432710513
2024-10-16,131.3931934239108
2024-10-17,131.02988615917235
2024-10-18,131.66452621150194
2024-10-19,131.42696328872188
2024-10-20,132.78301956491268
2024-10-21,131.06821316225162
2024-10-22,131.17051135692083
2024-10-23,130.16269291710844
2024-10-24,131.0222029802753
2024-10-25,130.0459940931749
2024-10-26,130.0213119023785
2024-10-27,130.2984208952355
2024-10-28,130.42759713819373
2024-10-29,131.69366714240172
2024-10-30,131.12877806169706
2024-10-31,129.3355190057388
2024-11-01,130.21618347078348
2024-11-02,129.8724963274852
2024-11-03,129.59952447242807
2024-11-04,129.0997250410898
2024-11-05,130.74355870550383
2024-11-06,134.64276329832683
2024-11-07,135.60473709252358
2024-11-08,135.0612100465046
2024-11-09,137.27359829670664
2024-11-10,139.02850511465766
2024-11-11,143.15847977713213
2024-11-12,142.34530493713936
2024-11-13,144.92535762381638
2024-11-14,142.7676337076632
2024-11-15,139.22036010511826
2024-11-16,140.37629195227257
2024-11-17,147.25615230922787
2024-11-18,145.35405795280207
2024-11-19,144.99804983338294
2024-11-20,146.06735275815927
2024-11-21,148.2061120077253
2024-11-22,147.81922629815895
2024-11-23,147.9368406670176
2024-11-24,150.1617962763407
2024-11-25,146.93753967803084
2024-11-26,146.59587727296932
2024-11-27,148.3930931375954
2024-11-28,148.60148508394488
2024-11-29,149.28790135877546
2024-11-30,150.20876705507567
2024-12-01,152.80462835662095
2024-12-02,149.6528406008698
2024-12-03,152.7607249201215
2024-12-04,152.20155811948416
2024-12-05,151.53220168937779
2024-12-06,153.8470318234677
2024-12-07,151.79611987759205
2024-12-08,151.60424716304485
2024-12-09,150.46330566898988
2024-12-10,150.22767570145345
2024-12-11,153.33118599104142
2024-12-12,153.7038534459454
2024-12-13,153.09876944897485
2024-12-14,152.2281355617825
2024-12-15,152.60802721432145
2024-12-16,152.06104887942604
2024-12-17,151.0048108427164
2024-12-18,147.8401316335837
2024-12-19,146.22581971782859
2024-12-20,147.93029928330617
2024-12-21,147.43714842748977
2024-12-22,147.3018649593094
2024-12-23,149.20296146735132
2024-12-24,150.21049674933823
2024-12-25,150.46282149100864
2024-12-26,149.0959381468681
2024-12-27,148.70682699407013
2024-12-28,149.36664389302854
2024-12-29,148.58293922883678
2024-12-30,147.55955798385475
2024-12-31,147.79801337855366
2025-01-01,148.0763666563356
2025-01-02,148.14741775458697
2025-01-03,149.21505206607628
2025-01-04,148.75682469841064
2025-01-05,148.7279012902822
2025-01-06,149.05659116855782
2025-01-07,147.966778499089
2025-01-08,147.32165238885358
2025-01-09,146.44617780625993
2025-01-10,147.1261717438449
2025-01-11,147.29819180405724
2025-01-12,147.76207127674968
2025-01-13,146.695081300291
2025-01-14,148.03354089076657
2025-01-15,150.81473295677438
2025-01-16,150.3819737929927
2025-01-17,152.60183866514544
2025-01-18,151.39839335099862
2025-01-19,148.897750603431
2025-01-20,148.61701685989593
2025-01-21,148.94009844178353
2025-01-22,149.0115736999892
2025-01-23,149.8893889397363
2025-01-24,148.68345541190538
2025-01-25,148.167285754705
2025-01-26,147.74420870521647
2025-01-27,147.37559575684668
2025-01-28,145.72601483273928
2025-01-29,146.21339838627654
2025-01-30,147.9810389071412
2025-01-31,147.89786054799248
2025-02-01,145.5570938110618
2025-02-02,144.24861009432564
2025-02-03,146.19819676272786
2025-02-04,144.46318770961528
2025-02-05,144.15963137760383
2025-02-06,143.30913977463427
2025-02-07,143.77582962186065
2025-02-08,144.2448613066561
2025-02-09,145.24598057645605
2025-02-10,145.51472616079752
2025-02-11,145.63147265225743
2025-02-12,146.5272277852318
2025-02-13,146.05305195033463
2025-02-14,146.5049016269458
2025-02-15,146.22432592388716
2025-02-16,146.1363774054267
2025-02-17,146.15961214324912
2025-02-18,146.36950060775186
2025-02-19,146.31580354798953
2025-02-20,146.41457016082495
2025-02-21,144.98090207401927
2025-02-22,145.38831136644706
2025-02-23,145.352246585386
2025-02-24,144.44769746992702
2025-02-25,144.18465757240915
2025-02-26,143.4889801444616
2025-02-27,142.94265548319555
2025-02-28,141.77125860227616
2025-03-01,142.79980915389052
2025-03-02,149.2989583417094
2025-03-03,140.63725137181112
2025-03-04,141.13448063016867
2025-03-05,142.3091101841696
2025-03-06,140.6072762516212
2025-03-07,140.6254704541364
2025-03-08,140.55133631019294
2025-03-09,138.28035610762757
2025-03-10,137.17256893406378
2025-03-11,137.31282845637824
2025-03-12,138.19909254622468
2025-03-13,137.7038504197374
2025-03-14,139.51135425436544
2025-03-15,139.79228360838852
2025-03-16,138.97749794651338
2025-03-17,140.27097149754184
2025-03-18,139.8765777103157
2025-03-19,141.2570708678473
2025-03-20,140.6821059200023
2025-03-21,140.42057464398692
2025-03-22,139.1288551983645
2025-03-23,139.1288551983645
2025-03-24,139.7420618156049
2025-03-25,139.7695714385922
2025-03-26,139.17959065816808
2025-03-27,139.1903077555897
2025-03-28,137.81598388013373
2025-03-29,138.88203822364378
2025-03-30,138.90525833935075
2025-03-31,138.58871484603358
2025-04-01,139.4558208125341
2025-04-02,138.91378356662722
2025-04-03,136.7529533424051
2025-04-04,134.47554632672566
2025-04-05,134.9685157825291
2025-04-06,133.2404130762077
2025-04-07,133.63882818677942
2025-04-08,132.62258440030175
2025-04-09,137.23269535330388
2025-04-10,134.7152399105157
2025-04-11,136.47123505051644
2025-04-12,137.83318909813687
2025-04-13,136.6045547102833
2025-04-14,136.7345694037841
2025-04-15,136.16168844642414
2025-04-16,135.5949004315399
2025-04-17,136.43360166699128
2025-04-18,135.68846041802846
2025-04-19,136.7937178114656
2025-04-20,136.4854125071047
2025-04-21,135.94561823003147
2025-04-22,137.38456061706583
2025-04-23,137.59619661954585
2025-04-24,137.98243342828405
2025-04-25,138.48955490372083
2025-04-26,138.84191061239827
2025-04-27,138.29181498952843
2025-04-28,138.96853688440873
2025-04-29,138.9015141564787
2025-04-30,138.20557544830578
2025-05-01,138.78436334983093
2025-05-02,138.52415964190365
2025-05-03,137.9603406761801
2025-05-04,137.80868810936838
2025-05-05,137.69917382373472
2025-05-06,137.18311703712038
2025-05-07,137.7844191227135
2025-05-08,140.22583161305707
2025-05-09,140.99616867731837
2025-05-10,144.2216200589216
2025-05-11,143.20598083756312
2025-05-12,143.8294244974011
2025-05-13,145.2891681654459
2025-05-14,143.67333777999343
2025-05-15,142.4207993767958
2025-05-16,145.9656223093533
2025-05-17,142.61981573842525
2025-05-18,143.32445088206475
2025-05-19,142.66437109767642
2025-05-20,142.90539039067244
2025-05-21,142.76749814378942
2025-05-22,143.73618305838602
2025-05-23,141.22599657655942
2025-05-24,141.54687661584356
2025-05-25,141.73714235877253
2025-05-26,141.8957353083233
2025-05-27,142.4473672125272
2025-05-28,142.43539430655943
2025-05-29,142.78080857605818
2025-05-30,141.17802245573637
2025-05-31,141.563123203041
2025-06-01,141.4886691226831
2025-06-02,142.18703721802044
2025-06-03,142.2745867059731
2025-06-04,141.99632792160514
2025-06-05,140.8216503986384
2025-06-06,141.94992103586605
2025-06-07,142.43311467817216
2025-06-08,142.07630907059365
2025-06-09,143.05415633536492
2025-06-10,144.56588118461386
2025-06-11,144.62356189361572
2025-06-12,143.60097371775393
2025-06-13,143.2373412966952
2025-06-14,142.5949761084687
2025-06-15,143.35572331845898
2025-06-16,143.06112351859497
2025-06-17,141.6971964323313
2025-06-18,142.11025737480486
2025-06-19,141.9852451052826
2025-06-20,140.37846334591043
2025-06-21,140.314297514368
2025-06-22,139.57910628614337
2025-06-23,142.3123663811866
2025-06-24,143.63924352930366
2025-06-25,142.9512467540647
2025-06-26,142.40180141720208
2025-06-27,142.71680889898346
2025-06-28,143.27152353376903
2025-06-29,144.1603441642966
2025-06-30,144.9155201488126
2025-07-01,143.0704636587786
2025-07-02,147.1897815570267
2025-07-03,145.04511792883835
2025-07-04,144.56315433671446
2025-07-05,144.63452655297803
2025-07-06,144.72345156737512
2025-07-07,144.80673833444072
2025-07-08,145.01209644072654
2025-07-09,146.5784143804648
2025-07-10,146.8414098698098
2025-07-11,147.22943893113484
2025-07-12,146.9003283252311
2025-07-13,147.63335725194952
2025-07-14,148.1711885258557
2025-07-15,148.42640334397993
2025-07-16,148.51178006211242
2025-07-17,149.501801535789
2025-07-18,150.0813805986859
2025-07-19,150.69017442610857
2025-07-20,151.437656328303
2025-07-21,151.97551928066383
2025-07-22,152.13342866814173
2025-07-23,151.3837000382461
2025-07-24,152.37326404909334
2025-07-25,151.07769704404052
2025-07-26,150.9341215661749
2025-07-27,151.31651768251942
2025-07-28,150.77240941250508
2025-07-29,150.37040451081572
2025-07-30,149.70292151451045
2025-07-31,148.500660113187
2025-08-01,147.0878107382678
2025-08-02,147.12872661171315
2025-08-03,148.18178730148318
2025-08-04,149.78565391521832
2025-08-05,148.75379613974698
2025-08-06,149.23103188411548
2025-08-07,150.39097431666914
2025-08-08,150.88650302248118
2025-08-09,151.8677525282005
2025-08-10,151.70886089405093
2025-08-11,150.5981492922924
2025-08-12,155.52954732459776
2025-08-13,153.3290766057796
2025-08-14,152.70587733733447
2025-08-15,152.51055873151958
2025-08-16,152.39534200534234
2025-08-17,152.39534200534234
2025-08-18,155.27709722209383
2025-08-19,151.365139164918
2025-08-20,151.9782163953975
2025-08-21,151.04137449925767
2025-08-22,152.8342488598443
2025-08-23,152.71967659290655
2025-08-24,151.24579460064817
2025-08-25,150.54077081241
2025-08-26,151.80821270338478
2025-08-27,151.63137740087524
2025-08-28,151.98625304424198
2025-08-29,150.49606760550023
2025-08-30,150.6006863119368
2025-08-31,150.39940092425616
2025-09-01,150.08732151675127
2025-09-02,150.44624773094873
2025-09-03,150.3307836423434
2025-09-04,150.2483768412171
2025-09-05,150.43024391091163
2025-09-06,150.44994297191323
2025-09-07,151.04559740479715
2025-09-08,151.481467458924
2025-09-09,151.60045893098527
2025-09-10,151.92750102519216
2025-09-11,154.01273493006642
2025-09-12,153.36019447917147
2025-09-13,153.41027552099177
2025-09-14,152.9468465254333
2025-09-15,152.27823192466954
2025-09-16,152.50086613692602
2025-09-17,152.9665435427058
2025-09-18,153.61845072236756
2025-09-19,153.8519375086041
2025-09-20,153.45956831445983
2025-09-21,153.16841180216116
2025-09-22,153.51063104846884
2025-09-23,153.37000382748485
2025-09-24,153.16554127085683
2025-09-25,151.8750491154807
2025-09-26,153.26741932308232
2025-09-27,152.76001340987557
2025-09-28,152.84915784197904
2025-09-29,154.05618028758397
2025-09-30,153.24067214159928
2025-10-01,157.15540266128073
2025-10-02,162.52276092944635
2025-10-03,158.20971546502437
2025-10-04,157.86546469744061
2025-10-05,157.93156971242846
2025-10-06,159.92761043534688
2025-10-07,158.3050975294214
2025-10-08,158.39077513829992
2025-10-09,157.57869021740026
2025-10-10,155.27166678724814
2025-10-11,155.92103364674938
2025-10-12,157.47352244415066
2025-10-13,158.07665236399075
2025-10-14,157.64082513789688
2025-10-15,157.83547947245222
2025-10-16,157.50151124737613
2025-10-17,157.3535813642571
2025-10-18,157.68999348573922
2025-10-19,158.09845371063406
2025-10-20,158.5802476964061
2025-10-21,157.27576320681604
2025-10-22,157.40001282256532
2025-10-23,159.28330676202728
2025-10-24,159.020733717563
2025-10-25,159.02029641006413
2025-10-26,159.56504396552978
2025-10-27,160.2271643108345
2025-10-28,160.09321874535206
2025-10-29,160.7202990850173
2025-10-30,159.638154548243
2025-10-31,160.44615298852477
2025-11-01,161.42034049350124
2025-11-02,160.45795580640973
2025-11-03,159.43487549085506
2025-11-04,159.3017890209792
2025-11-05,160.46937208131604
2025-11-06,159.3359281176158
2025-11-07,162.88549466463934
2025-11-08,162.88643539191585
2025-11-09,163.40301883830145
2025-11-10,165.8845641594617
2025-11-11,163.19414706239792
2025-11-12,162.97819588060707
2025-11-13,161.77835271646603
2025-11-14,161.58211196879247
2025-11-15,159.82198815327297
2025-11-16,159.81389861435406
2025-11-17,159.07049497931837
2025-11-18,158.63099234165765
2025-11-19,156.4522609939153
2025-11-20,155.02601463468335
2025-11-21,155.28398967145887
2025-11-22,155.81994331026078
2025-11-23,155.99734407140954
2025-11-24,156.88586720210057
2025-11-25,157.58737225528753
2025-11-26,157.98738167647264
2025-11-27,157.83647045278343
2025-11-28,158.10528406850477
2025-11-29,157.9547700443578
2025-11-30,157.58195157239442
2025-12-01,156.80326918582617
2025-12-02,157.0453996455841
2025-12-03,158.8978386886768
2025-12-04,158.0931067322266
2025-12-05,156.46042298209846
2025-12-06,156.81423873944527
2025-12-07,155.9848441540872
2025-12-08,157.39816572869856
2025-12-09,157.82228790068044
2025-12-10,158.1048676427165
2025-12-11,159.96600279195144
2025-12-12,157.41179249917266
2025-12-13,158.3900884548016
2025-12-14,157.09837686730842
2025-12-15,157.17714788271718
2025-12-16,156.7121325843483
2025-12-17,155.2565315042608
2025-12-18,155.5644195530809
2025-12-19,157.0939744068682
2025-12-20,157.22129654795424
2025-12-21,156.9474514795463
2025-12-22,157.39757711571863
2025-12-23,156.88395648410506
2025-12-24,157.04560035375482
2025-12-25,156.16781949864668
2025-12-26,156.66728840812905
2025-12-27,157.4173117692617
2025-12-28,158.2383512156763
2025-12-29,156.91616160051962
2025-12-30,157.18665654092055
2025-12-31,156.7045571786225
2026-01-01,157.19481535440084
2026-01-02,158.33372556284456
2026-01-03,158.25484975874687
2026-01-04,158.9058094615939
2026-01-05,160.98053931431664
2026-01-06,161.16441683940874
2026-01-07,159.9751715710354
2026-01-08,159.73274713001635
2026-01-09,160.25282367730378
2026-01-10,160.57970812301434
2026-01-11,159.7994305077253
2026-01-12,160.22127435105273
2026-01-13,159.97680636265088
2026-01-14,161.56827906405115
2026-01-15,159.11190888156645
2026-01-16,158.6871089786448
2026-01-17,158.9276907200849
2026-01-18,157.9837928171343
2026-01-19,158.47969825625145
2026-01-20,157.11396790521644
2026-01-21,158.31874843006656
2026-01-22,158.5368930601387
2026-01-23,157.98491850215456
2026-01-24,157.75591911760117
2026-01-25,156.7382800804271
2026-01-26,158.02874150866543
2026-01-27,157.57185541532755
2026-01-28,157.10121248987997
2026-01-29,156.01762425496796
2026-01-30,155.89080685972704
2026-01-31,154.8312064983993
2026-02-01,155.54955246118706
2026-02-02,155.32687068865658
2026-02-03,154.14902028371813
2026-02-04,153.50726043746215
2026-02-05,153.63154169106699
2026-02-06,155.26320651919616
2026-02-07,154.52890663253584
2026-02-08,153.92755605545256
2026-02-09,154.00609585159205
2026-02-10,152.88465835488716
2026-02-11,152.01940053585173
2026-02-12,152.26330829787958
2026-02-13,153.492087070649
2026-02-14,155.8965375816284
2026-02-15,154.83103299960487
2026-02-16,156.13059730118638
2026-02-17,154.19473364600117
2026-02-18,154.39569054448407
2026-02-19,154.04907582719184
2026-02-20,155.16118487628182
2026-02-21,155.1751796111473
2026-02-22,155.1390363389069
2026-02-23,154.47537959391462
2026-02-24,154.97303277143425
2026-02-25,157.4458129203348
2026-02-26,155.76726290586208
2026-02-27,154.81152694006275
2026-02-28,155.5572082455591
2026-03-01,154.88168646504866
2026-03-02,156.3000794261232
2026-03-03,155.75825756280562
2026-03-04,157.55884868285543
2026-03-05,156.64654433821568
2026-03-06,155.80884709360163
2026-03-07,154.77569216874437
2026-03-08,154.43011245732242
2026-03-09,155.46315536561977
2026-03-10,155.47567787084725
2026-03-11,155.35416958713768
2026-03-12,154.82148172875992
2026-03-13,154.70868162267655
2026-03-14,154.8243252058291
2026-03-15,155.48790691526457
2026-03-16,157.836826952066
2026-03-17,156.6853770094893
2026-03-18,155.90340751234885
2026-03-19,154.58029706284594
2026-03-20,154.25936979636313
2026-03-21,154.15093573910033
2026-03-22,154.09902243992582
2026-03-23,154.53824463946384
2026-03-24,154.69634114036535
2026-03-25,155.24309389871493
2026-03-26,153.0048957056942
2026-03-27,150.97965368661914
2026-03-28,152.08046886886672
2026-03-29,151.73298027129476
2026-03-30,152.1173880315058
2026-03-31,153.66700814011566
2026-04-01,154.29333739985526
2026-04-02,152.93699009371116
2026-04-03,153.3675204775407
2026-04-04,153.46623956645564
2026-04-05,152.8508657015301
2026-04-06,153.43828674753527
2026-04-07,155.00904963414973
2026-04-08,155.97912781205184
2026-04-09,155.18785358081652
2026-04-10,155.46692861003288
2026-04-11,155.87224656060343
2026-04-12,155.17264191098224
2026-04-13,158.65334719563367
2026-04-14,158.24405425149791
2026-04-15,158.80643847481198
2026-04-16,160.3728537336221
2026-04-17,162.3461566441759
2026-04-18,163.3046904015411
2026-04-19,163.43278340553158
2026-04-20,162.31253016811107
2026-04-21,162.20216238389733
2026-04-22,161.78744211358926
2026-04-23,162.6775521922918
2026-04-24,165.9369967564396
2026-04-25,161.5425568455159
2026-04-26,163.53562075920559
2026-04-27,162.67368813650594
2026-04-28,162.42605100066424
2026-04-29,162.27085338029605
2026-04-30,162.76206552980375
2026-05-01,163.0318687050417
2026-05-02,163.1306231699396
2026-05-03,163.40089449181522
2026-05-04,163.5600623399248
2026-05-05,165.9855674465334
2026-05-06,167.82237121275014
2026-05-07,166.72582568727483
2026-05-08,174.1558011357404
2026-05-09,170.33580812091287
2026-05-10,170.1002470610332
2026-05-11,169.54903554598525
2026-05-12,170.8825764170567
2026-05-13,168.4168195757684
2026-05-14,169.95328910242557
2026-05-15,168.07847093143457
2026-05-16,168.47146227978385
2026-05-17,167.67873493214347
2026-05-18,168.0726959999505
2026-05-19,167.23248285367694
2026-05-20,168.74645653572887
2026-05-21,169.11043411037193
2026-05-22,168.01468121618174
2026-05-23,168.2062050747955
2026-05-24,168.54338924369927
2026-05-25,168.52468648440336
2026-05-26,168.37433589841243
2026-05-27,167.06152315496865
2026-05-28,166.63244533452374
2026-05-29,167.72817005255615
2026-05-30,167.49493408629166
2026-05-31,167.92626528545742
2026-06-01,168.04488830660551
2026-06-02,167.47523223498303
2026-06-03,167.86942153753978
2026-06-04,166.83531171343634
2026-06-05,166.137428204131
2026-06-06,166.09340646316758
2026-06-07,167.91891504001188
2026-06-08,169.04247353330902
2026-06-09,167.90988780002698
2026-06-10,166.81436431862463
2026-06-11,168.87874068573865
2026-06-12,169.65103043702703
2026-06-13,169.818997509851
2026-06-14,170.600750743515
2026-06-15,173.39723832312842
2026-06-16,174.24538606721651
2026-06-17,171.89444038384656
2026-06-18,172.11494416168304
2026-06-19,171.59745625069192
2026-06-20,171.86364584663687
2026-06-21,171.6408870148048
2026-06-22,171.71129097729965
2026-06-23,170.98841570761388
2026-06-24,171.311848474578
2026-06-25,169.97497864902124
2026-06-26,171.12551783955166
2026-06-27,170.78933610543032
2026-06-28,170.54617342311195
2026-06-29,171.3618193943565
2026-06-30,170.13901036750832
2026-07-01,170.73535691337722
2026-07-02,172.44133619886622
2026-07-03,173.502961852051
2026-07-04,173.91021200548397
2026-07-05,173.86653139177778
2026-07-06,173.23954070767087
2026-07-07,172.64694874529874
2026-07-08,172.26387272316512
2026-07-09,172.79005571808
2026-07-10,173.09320491160116
2026-07-11,174.76227948441334
2026-07-12,173.8375541840964
2026-07-13,173.1846081621306
2026-07-14,173.3941312533196
2026-07-15,173.682337697553
2026-07-16,174.26188258709684
2026-07-17,173.3398853793849
2026-07-18,173.6830907965787
2026-07-19,173.41277000430398
2026-07-20,173.51223558380784
2026-07-21,173.78836727074682
2026-07-22,173.68360038273224
2026-07-23,172.87205653428202
2026-07-24,172.58209572359974
2026-07-25,172.84610924591635
2026-07-26,173.7607774711697
2026-07-27,172.70681342613585
2026-07-28,173.71863283174525
2026-07-29,172.34258694304538
2026-07-30,174.7730368216205
2026-07-31,173.8371021461278
2026-08-01,174.35203671270907
2026-08-02,175.00804839163536
2026-08-03,175.39136282583146
2026-08-04,176.34759673204576
2026-08-05,176.07900362825265
2026-08-06,176.29689391667816
2026-08-07,177.3656300167311
2026-08-08,176.90602302369987
2026-08-09,176.5637667821873
2026-08-10,177.0454864827385
2026-08-11,176.72747548003997
2026-08-12,177.05782680466336
2026-08-13,177.35903811065896
2026-08-14,176.83182981073043
2026-08-15,176.7763317289026
2026-08-16,176.94840685463458
2026-08-17,177.1454646062668
2026-08-18,176.43802978434135
2026-08-19,179.44498748960825
2026-08-20,181.04067658060492
